"","state","year","median_age","total_pop","white","black","native","asian","pacific","other","multiracial","hispanic","college","masters","professional","doctorate","poverty","median_income","labor_force","unemployed","median_rent","median_home_value","18_29","30_44","45_64","65plus","under18","debt","auto","credit","mortgage","studentloan"
"1","AK",2011,33.9,722718,482698,23143,102293,37971,7785,8599,60229,41627,77153,29269,8000,6039,73905,67825,377710,33367,1049,238300,134980,142288,198860,58367,188223,48440,"3790","4060","34020","3390"
"2","AK",2012,33.8,731449,486551,26207,102582,42790,8231,6796,58292,43686,79559,36321,8545,5699,72400,67712,381360,29864,1120,245100,137270,147433,197362,62119,187265,54740,"4140","3980","39860","3680"
"3","AK",2013,33.1,735132,487762,25077,105310,41775,8794,9508,56906,48501,84038,32966,7246,5163,67016,72237,386509,33687,1117,254000,144815,143246,193121,65584,188366,54000,"4270","3820","39440","3630"
"4","AK",2014,33.3,736732,483584,24790,103273,43915,8395,9967,62808,49276,85634,33103,7223,4304,80627,71583,381695,29164,1183,254500,144971,146700,188393,69899,186769,54330,"4690","3830","39170","3640"
"5","AK",2015,33.3,738432,481314,26176,101133,47295,6762,12467,63285,51825,87869,36260,10814,4473,74532,73355,385165,30399,1163,259600,145365,147587,188081,71008,186391,56050,"4990","3920","40470","3610"
"6","AK",2016,33.5,741894,477895,23753,108056,45580,9937,12712,63961,51304,90861,36182,8730,5804,71566,76440,388062,30964,1208,267800,139688,149961,189117,75832,187296,57040,"5070","4110","40940","3660"
"7","AK",2017,34.5,739795,474856,22107,109948,49385,8830,11279,63390,51712,86444,37005,10673,4562,80012,73181,373249,28267,1201,273100,135760,152566,183247,83041,185181,57850,"5010","4270","41580","3740"
"8","AK",2018,34.9,737438,474555,25197,111371,46381,7958,9780,62196,53069,89635,38582,10849,7362,78620,74346,371179,25410,1177,276100,131241,152092,182645,88000,183460,58550,"4920","4350","41960","4030"
"9","AK",2019,35,731545,469771,22551,115544,43678,9923,12602,57476,52548,89583,38960,10924,6690,71938,75463,358661,20650,1201,281200,128095,150656,182457,90588,179749,59630,"4960","4440","42860","3970"
"10","AK",2020,NA,NA,NA,NA,NA,NA,NA,NA,NA,NA,NA,NA,NA,NA,NA,NA,NA,NA,NA,NA,NA,NA,NA,NA,NA,60400,"5050","3900","44390","4030"
"11","AK",2021,35.6,732673,435004,22003,100397,47347,11171,19118,97633,52291,101422,39120,12444,6304,75165,77845,352556,24603,1259,304900,122257,160532,172073,98410,179401,63920,"5350","4070","47390","3990"
"12","AK",2022,35.9,733583,437533,22202,95268,46184,14724,13365,104307,56491,94168,39551,9379,6548,78608,88121,361685,16484,1329,336900,122696,164735,168933,101474,175745,67670,"5660","4430","50310","3910"
"13","AK",2023,36.5,733406,436860,21022,98745,43330,10646,19432,103371,54860,99091,43218,9328,7570,74353,86631,362965,17505,1373,347500,120475,166654,168913,102998,174366,68780,"5860","4980","50750","4250"
"14","AK",2024,36.3,740133,434520,18548,104023,44077,12648,15526,110791,57229,97736,44758,13467,7132,73398,95665,363709,21681,1444,376500,121095,168425,167000,109415,174198,68940,"5810","5170","50520","4180"
"15","AL",2011,38.1,4802740,3318110,1281095,24408,54259,1919,58499,64450,186204,443488,190977,43117,32950,892483,41415,2240441,259346,687,122700,794351,913820,1296391,673790,1124388,34390,"3220","2240","22180","2990"
"16","AL",2012,38.2,4822023,3333371,1276164,24136,58679,1358,52468,75847,185441,472037,193901,50713,30508,892564,41574,2223645,222017,689,123200,793050,919615,1284024,700359,1124975,34370,"3480","2180","21720","3370"
"17","AL",2013,38.3,4833722,3330478,1284102,22459,58624,1521,54784,81754,189934,476016,202435,44899,33603,883371,42849,2225202,214268,694,122700,803317,916173,1282803,721538,1109891,33380,"3590","2050","20780","3620"
"18","AL",2014,38.6,4849377,3320273,1291826,22553,58456,1446,69859,84964,192413,478058,201391,51876,33082,910175,42830,2220715,190233,717,125600,790271,922922,1281072,746512,1108600,33760,"3910","2070","20500","3980"
"19","AL",2015,38.7,4858979,3329913,1303298,20503,59393,4448,54105,87319,192870,504626,207767,47504,32979,876016,44765,2197662,157544,729,134100,786274,918710,1283740,761847,1108408,34210,"4200","2110","20440","4180"
"20","AL",2016,39,4863300,3316384,1301102,24509,65611,1503,70333,83858,199686,506680,226164,48931,33747,810231,46257,2219288,140963,743,136200,790300,900604,1288927,783952,1099517,34780,"4500","2190","20310","4390"
"21","AL",2017,38.9,4874747,3312718,1307467,25181,66908,1581,67308,93584,201970,528019,228314,51819,36552,802656,48123,2194187,128302,750,141300,794774,901189,1281507,803216,1094061,36060,"4780","2370","21000","4610"
"22","AL",2018,39.3,4887871,3306838,1307040,22063,65095,1797,84027,101011,211485,536086,229484,50881,35586,800422,49861,2219106,124835,788,147900,793696,897062,1278345,829663,1089105,36780,"4960","2420","21140","4920"
"23","AL",2019,39.4,4903185,3326375,1319551,23265,66129,1892,74451,91522,219296,547975,246772,52179,38431,739108,51734,2265089,111622,807,154000,782868,917804,1262604,854312,1085597,38000,"5150","2550","21880","5120"
"24","AL",2020,NA,NA,NA,NA,NA,NA,NA,NA,NA,NA,NA,NA,NA,NA,NA,NA,NA,NA,NA,NA,NA,NA,NA,NA,NA,39140,"5330","2330","23060","5280"
"25","AL",2021,39.8,5039877,3281881,1305106,24830,68813,1661,106975,250611,237434,572276,271514,57866,45110,794326,53913,2314723,123808,861,172800,782943,957007,1294176,885809,1119942,41220,"5550","2370","24810","5450"
"26","AL",2022,39.6,5074296,3302528,1302035,24400,78893,4977,102129,259334,246477,609316,286677,61890,42908,800395,59674,2381733,103239,913,200900,803509,969403,1277343,913013,1111028,44440,"5900","2690","26840","5480"
"27","AL",2023,39.6,5108468,3303941,1298757,24491,77445,2645,116209,284980,290906,616025,284788,64530,45497,773166,62212,2394000,96059,982,216600,793738,979886,1273079,932119,1129646,46110,"6130","3060","28170","5490"
"28","AL",2024,39.6,5157699,3301529,1302107,25582,79589,5771,128575,314546,306966,637543,304002,64010,51280,760634,66659,2447875,103581,1077,233300,802395,996772,1271163,955166,1132203,47140,"6220","3250","28450","5560"
"29","AR",2011,37.5,2937979,2296248,463364,16772,34342,7279,62745,57229,190047,254903,96313,25130,18474,555876,38758,1363235,127480,639,106300,473701,557900,766567,428625,711186,28910,"3310","2120","18370","2840"
"30","AR",2012,37.6,2949131,2307951,462182,17485,39448,5221,58865,57979,197865,269141,101528,22334,16106,568065,40112,1367522,115297,640,107600,479526,556932,759937,441107,711629,29480,"3640","2060","18440","3190"
"31","AR",2013,37.8,2959373,2305726,463928,17704,39210,628,66953,65224,203111,262755,101291,23117,16774,565469,40511,1351145,109317,659,109500,478877,559813,755519,453542,711622,29030,"3830","1970","17780","3440"
"32","AR",2014,37.8,2966369,2322472,468231,17091,36555,7148,50385,64487,205763,272411,104636,24531,19380,543882,41262,1361069,91977,683,112500,481901,562790,750526,465012,706140,29430,"4200","1990","17560","3720"
"33","AR",2015,37.9,2978204,2308047,469555,20797,42404,7639,65542,64220,207743,278975,109389,25259,19758,550508,41995,1349814,78751,695,120700,481160,556171,756815,478114,705944,30020,"4640","2050","17530","3830"
"34","AR",2016,38,2988248,2290066,464516,18859,41781,8808,86797,77421,214544,282608,118134,26203,18888,499225,44334,1351706,69030,701,123300,485092,552892,757274,485630,707360,30820,"4970","2150","17580","4100"
"35","AR",2017,38.1,3004279,2293307,458367,19110,47885,8551,91890,85169,223764,301294,116823,30772,21225,478365,45869,1373376,76495,711,128500,484928,556302,757592,497024,708433,32220,"5240","2300","18200","4170"
"36","AR",2018,38.1,3013825,2306096,456714,20951,47548,9398,84917,88201,230300,296422,125495,30069,19289,504504,47062,1379147,61872,731,133100,491643,556273,754273,507676,703960,32790,"5380","2410","18260","4330"
"37","AR",2019,38.8,3017804,2315020,467468,17216,46078,12829,75590,83603,231951,307185,121947,27975,18260,474739,48952,1392233,67142,742,136200,482609,563513,748433,524237,699012,33950,"5520","2530","18950","4540"
"38","AR",2020,NA,NA,NA,NA,NA,NA,NA,NA,NA,NA,NA,NA,NA,NA,NA,NA,NA,NA,NA,NA,NA,NA,NA,NA,NA,35180,"5760","2300","20010","4650"
"39","AR",2021,38.5,3025891,2115847,447402,17058,43928,11814,90588,299254,247641,324137,140186,28936,21775,480153,52528,1400997,77486,820,162300,468759,584336,743850,525153,703793,37000,"5990","2380","21400","4850"
"40","AR",2022,38.9,3045637,2103849,437331,22250,48921,14229,91519,327538,255416,323961,144054,30805,23987,496311,55432,1397919,62359,846,179800,479457,586241,745265,538842,695832,39150,"5980","2670","22810","4920"
"41","AR",2023,38.9,3067732,2112143,440816,17613,51703,14304,78762,352391,279899,345836,140363,33947,23874,466624,58700,1435261,59710,933,195700,479690,601173,734975,550906,700988,40580,"6150","3040","24000","4940"
"42","AR",2024,39.1,3088354,2105944,437805,16956,55184,11756,96607,364102,294671,359274,155632,31331,22866,466459,62106,1454780,55540,982,215600,484329,603856,739321,562707,698141,41910,"6330","3170","24550","5060"
"43","AZ",2011,36.2,6482505,5141027,265940,289812,177297,11941,402195,194293,1949295,719546,291892,64212,43548,1203501,46709,3025208,337217,850,153800,1089006,1249666,1596656,923153,1624024,52210,"3330","3060","38000","3420"
"44","AZ",2012,36.6,6553255,5164199,286343,289883,190390,12037,420902,189501,1976104,735758,310661,77074,47093,1194506,47826,3058183,300531,888,151500,1094886,1264818,1602880,971086,1619585,48890,"3540","2930","34800","3890"
"45","AZ",2013,36.8,6626624,5233466,277973,288294,191718,12609,410756,211808,2005114,741982,319970,72087,54402,1206460,48510,3065156,273610,890,166000,1106214,1273537,1612187,1018724,1615962,46950,"3710","2740","33150","4030"
"46","AZ",2014,36.9,6731484,5273335,280518,294757,212116,12721,433934,224103,2056456,765784,328400,74530,53578,1199061,50068,3113634,247005,916,176700,1123461,1284684,1630511,1070757,1622071,47230,"4050","2740","33070","4310"
"47","AZ",2015,37.4,6828065,5285994,300685,308469,217556,11284,481631,222446,2098411,788933,339377,74683,54456,1159043,51492,3153950,216440,933,194300,1136710,1292908,1656915,1120004,1621528,47630,"4480","2810","33000","4470"
"48","AZ",2016,37.5,6931071,5254944,299674,306247,220438,14140,585948,249680,2144775,835779,359075,84523,56517,1107464,53558,3242632,210851,976,205900,1154427,1297615,1677781,1169826,1631422,48590,"4750","2930","33370","4690"
"49","AZ",2017,37.7,7016270,5442417,307655,317974,232517,16453,432853,266401,2202173,863062,373079,90457,56494,1018935,56581,3318675,192721,1020,223400,1171625,1313339,1697728,1200850,1632728,51300,"4890","3140","35680","4890"
"50","AZ",2018,38,7171646,5590505,336340,330599,237873,15661,373688,286980,2266342,898032,389350,88079,63032,983499,59246,3396893,181757,1036,241100,1202315,1348974,1719255,1259103,1641999,53060,"5200","3310","36690","5170"
"51","AZ",2019,38.3,7278717,5701810,343729,332273,241721,14168,364442,280574,2310592,931038,404500,89342,67278,958442,62055,3482170,176868,1101,255900,1218714,1375942,1737172,1307241,1639648,54290,"5350","3460","37620","5260"
"52","AZ",2020,NA,NA,NA,NA,NA,NA,NA,NA,NA,NA,NA,NA,NA,NA,NA,NA,NA,NA,NA,NA,NA,NA,NA,NA,NA,56250,"5480","3030","40000","5410"
"53","AZ",2021,38.6,7276316,4241669,326638,294658,245285,12432,693486,1462148,2351124,985673,455187,97958,76263,908961,69056,3518555,203756,1253,336300,1184432,1413263,1730352,1333985,1614284,60090,"5780","3060","43540","5480"
"54","AZ",2022,38.8,7359197,4254015,340760,301909,266441,15099,751130,1429843,2388520,1032052,463372,97473,73242,897852,74568,3595613,153937,1450,402800,1225187,1437912,1726541,1381954,1587603,65600,"6040","3530","47820","5420"
"55","AZ",2023,39.3,7431344,4329503,356832,294583,269995,16857,682787,1480787,2346808,1051136,481790,110999,82191,905418,77315,3648728,155185,1608,411200,1207294,1463033,1743207,1437731,1580079,67270,"6120","4040","49230","5290"
"56","AZ",2024,39.4,7582384,4345673,360868,304625,302736,13619,707919,1546944,2435661,1101882,522445,120062,86023,866882,81486,3778884,172459,1672,426000,1246781,1508889,1749805,1491158,1585751,67820,"6130","4290","49130","5100"
"57","CA",2011,35.4,37691912,23698393,2253905,289597,4970627,146894,4738489,1594007,14359500,4697422,1791770,559241,357887,6118803,57287,18737749,2311055,1174,355600,6747283,7807782,9471358,4398053,9267436,72320,"2770","3310","57220","3140"
"58","CA",2012,35.5,38041430,23628545,2263723,285342,5120354,146712,4912894,1683860,14537661,4865203,1861112,569482,364732,6325319,58328,18929227,2151166,1200,349400,6807171,7864675,9530885,4599393,9239306,68970,"2950","3190","54400","3510"
"59","CA",2013,35.7,38332521,23741019,2269021,278377,5210236,142782,4961376,1729710,14719327,4905468,1935122,583878,381266,6328824,60190,19046186,1913490,1224,373100,6848252,7905337,9610640,4794108,9174184,65440,"3130","3100","51290","3720"
"60","CA",2014,36,38802500,23814044,2259681,286631,5398090,150072,5114193,1779789,14988770,5120162,2035257,586986,394265,6259098,61933,19276719,1638567,1268,412700,6913094,7990877,9756858,4990092,9151579,66140,"3420","3050","51850","3890"
"61","CA",2015,36.2,39144818,23824254,2277229,282777,5548936,157554,5300297,1753771,15184545,5285754,2116434,593576,419926,5891678,64500,19463807,1418357,1311,449100,6940099,8026120,9872623,5189558,9116418,65740,"3820","3060","51190","4010"
"62","CA",2016,36.4,39250017,23420234,2265280,290133,5602074,150521,5642125,1879650,15280776,5426164,2203376,622302,408628,5525524,67739,19620589,1277331,1375,477500,6913731,8009026,9885572,5348439,9093249,66970,"4140","3220","51890","4190"
"63","CA",2017,36.5,39536653,23181769,2271917,313859,5765305,153923,5911803,1938077,15477306,5616449,2286009,649019,424770,5160208,71805,19936052,1178551,1447,509400,6924222,8126874,9923354,5504817,9057386,70100,"4380","3420","54640","4330"
"64","CA",2018,36.7,39557045,23535388,2283850,302792,5821585,155739,5453229,2004462,15540142,5704852,2365794,654240,446190,4969326,75277,20038676,1108664,1520,546800,6873362,8181356,9849452,5667337,8985538,71860,"4580","3610","55920","4530"
"65","CA",2019,37,39512223,23484958,2282144,321112,5865435,155871,5424558,1978145,15574882,5889724,2400918,672307,465535,4552837,80440,20095761,1017660,1614,568500,6768419,8249831,9767911,5834998,8891064,73400,"4710","3810","57170","4640"
"66","CA",2020,NA,NA,NA,NA,NA,NA,NA,NA,NA,NA,NA,NA,NA,NA,NA,NA,NA,NA,NA,NA,NA,NA,NA,NA,NA,73350,"4710","3230","58060","4640"
"67","CA",2021,37.6,39237836,15443776,2161485,535468,5967495,152125,7523454,7454033,15754608,5958030,2573469,695127,511191,4733036,84907,19805371,1649320,1750,648100,6384168,8416575,9702788,5964526,8769779,78320,"4940","3330","62840","4710"
"68","CA",2022,37.9,39029342,15175598,2121422,504589,6054038,159920,7597084,7416691,15732184,6056169,2643964,718109,517699,4670324,91551,20003799,1060822,1870,715900,6418722,8384688,9568024,6158902,8499006,84730,"5260","3870","67980","4700"
"69","CA",2023,38.2,38965193,14999252,2103789,546952,6146851,150781,7619295,7398273,15760437,6137666,2704650,737461,530548,4588687,95521,20137422,1110856,1992,725800,6250222,8438932,9526791,6311919,8437329,85050,"5430","4450","67840","4680"
"70","CA",2024,38.4,39431263,15013785,2110721,560852,6349574,155816,7433192,7807323,16069214,6355683,2806213,719803,554953,4567967,100149,20454381,1213681,2104,759500,6350427,8604419,9540218,6524861,8411338,86000,"5370","4740","68120","4700"
"71","CO",2011,36.2,5116796,4318187,203243,51677,143760,5949,221207,172773,1070559,789859,331369,70901,50963,674195,55387,2747663,255244,900,233700,877294,1078113,1357315,575497,1228577,62390,"3180","3560","47370","4280"
"72","CO",2012,36.2,5187582,4376673,218292,47949,147082,5308,219565,172713,1088742,818469,342776,76550,53211,694842,56765,2775818,216624,934,234900,889863,1087054,1368419,610939,1231307,60830,"3390","3440","45630","4720"
"73","CO",2013,36.4,5268367,4415852,209555,43613,150852,8315,251148,189032,1108425,837913,355393,74424,60551,667446,58823,2789491,195693,971,240500,902314,1107500,1372285,644943,1241325,59870,"3530","3220","44850","4910"
"74","CO",2014,36.3,5355866,4520381,215446,55784,157958,6679,215290,184328,1135107,862158,373532,75829,62693,630786,61303,2854920,155638,1020,255200,923183,1124546,1381420,679572,1247145,60900,"3870","3230","45280","5150"
"75","CO",2015,36.4,5456574,4607390,224809,49138,162880,9136,209890,193331,1164278,909032,390965,81730,59049,613549,63909,2916718,151603,1111,283800,946456,1146619,1395155,711572,1256772,62200,"4260","3250","46050","5300"
"76","CO",2016,36.7,5540545,4654921,234142,54743,175951,8325,228102,184361,1181218,934273,409712,87779,61117,598736,65685,2967774,140434,1171,314200,958403,1159353,1419221,743056,1260512,64090,"4490","3380","47060","5630"
"77","CO",2017,36.8,5607154,4720495,229436,56792,179251,8400,219189,193591,1206724,994894,421760,91918,66125,564312,69117,3027185,127259,1240,348900,958903,1193150,1419043,773699,1262359,68450,"4630","3530","50900","5840"
"78","CO",2018,36.9,5695564,4790677,237578,55146,180277,7585,196831,227470,1235127,1013989,444914,98977,67669,537492,71953,3105292,122498,1289,373300,975822,1223761,1421388,807855,1266738,71340,"4760","3670","53250","6180"
"79","CO",2019,37.1,5758736,4822379,240538,57578,188461,7756,209081,232943,1256903,1057825,471937,92258,73582,526979,77127,3147670,115497,1369,394600,987095,1253311,1416632,845378,1256320,73890,"4850","3820","55510","6230"
"80","CO",2020,NA,NA,NA,NA,NA,NA,NA,NA,NA,NA,NA,NA,NA,NA,NA,NA,NA,NA,NA,NA,NA,NA,NA,NA,NA,76340,"4910","3350","58590","6310"
"81","CO",2021,37.6,5812069,4101383,229367,60377,185093,8668,361851,865330,1293214,1107309,500621,105810,82500,553272,82254,3170677,168571,1491,466200,965284,1312246,1412425,880167,1241947,82100,"5090","3480","64060","6310"
"82","CO",2022,37.7,5839926,4106707,235519,71351,190181,6916,374838,854414,1314962,1177891,508701,105518,83022,540517,89302,3244388,113244,1646,531100,990017,1331107,1392046,915661,1211095,89170,"5410","3940","69750","6280"
"83","CO",2023,37.9,5877610,4136421,228788,70914,196755,9888,369976,864868,1336324,1170106,549490,114098,86363,536507,92911,3276030,124336,1771,550300,980471,1353950,1387967,944542,1210680,90760,"5550","4480","70790","6240"
"84","CO",2024,38,5957494,4132111,253267,69907,207526,9900,376693,908090,1382948,1220986,578824,111224,97524,560040,97113,3324268,142180,1822,574600,991817,1389971,1388495,980364,1206847,90540,"5490","4720","70110","6000"
"85","CT",2011,40.3,3580709,2787171,359683,7481,141081,1416,195293,88584,494289,500103,275007,70962,37987,377856,65753,1949486,206992,1021,278700,549454,678365,1033956,515314,803620,61540,"2620","3510","45910","3890"
"86","CT",2012,40.4,3590347,2804972,366350,11627,147830,2261,163423,93884,510647,503440,294155,73294,40248,372390,67276,1949723,189561,1019,267800,557324,672929,1035304,532024,792766,60690,"2770","3490","44970","4170"
"87","CT",2013,40.5,3596080,2778681,370998,8018,147570,545,185341,104927,527163,508487,300673,68737,39557,373900,67098,1951694,180553,1040,267000,567977,664752,1033503,544506,785342,58940,"2860","3350","43260","4600"
"88","CT",2014,40.5,3596677,2763949,371857,7085,151402,1019,197532,103833,541153,527472,298684,71642,42316,374772,70048,1952827,154069,1076,267200,570646,659179,1036448,555528,774876,58170,"3050","3370","42300","4760"
"89","CT",2015,40.6,3590886,2747943,380571,8893,156249,519,180107,116604,553783,535933,301008,69842,41261,366909,71346,1941592,134494,1108,270900,572818,655305,1034155,565283,763325,57300,"3300","3460","40990","5060"
"90","CT",2016,40.9,3576452,2741892,378932,9887,161950,1259,171008,111524,562347,541369,297488,74865,39866,339128,73433,1935653,123884,1115,274600,573627,644014,1030009,576640,752162,58100,"3520","3540","41270","5470"
"91","CT",2017,40.9,3588184,2723013,380578,11268,163924,525,191373,117503,578833,533791,311043,76815,42958,334128,74168,1922383,117360,1125,273100,574241,643332,1027239,601094,742278,58860,"3600","3730","41790","5660"
"92","CT",2018,41.1,3572665,2688136,391552,9507,165855,1017,195208,121390,589810,544028,325902,75528,41772,361377,76348,1928922,106371,1171,277400,567191,649476,1007785,613147,735066,59330,"3680","3870","41980","5890"
"93","CT",2019,41.2,3565287,2660228,396745,9052,166393,1155,200646,131068,600954,549166,323247,79580,42555,347149,78833,1926486,102571,1177,280700,563736,649175,995912,629032,727432,59840,"3760","4020","42340","6160"
"94","CT",2020,NA,NA,NA,NA,NA,NA,NA,NA,NA,NA,NA,NA,NA,NA,NA,NA,NA,NA,NA,NA,NA,NA,NA,NA,NA,59720,"3820","3480","42960","6270"
"95","CT",2021,41.1,3605597,2354580,380846,12238,172878,1478,264895,418682,637113,587690,348217,83078,48686,354166,83771,1940575,129633,1277,311500,568144,677827,983215,649172,727239,61520,"4050","3610","44660","6340"
"96","CT",2022,40.9,3626205,2357855,380229,10269,175069,1214,287206,414363,658978,584999,345966,85582,49857,345695,88429,1954099,92597,1360,347200,571524,689892,970653,663712,730424,64670,"4170","4040","47000","6410"
"97","CT",2023,41.5,3617176,2333901,393031,12371,176018,4221,305312,392322,673249,591246,369161,83258,54650,362024,91665,1974868,90743,1463,367800,554517,699994,950010,690031,722624,64950,"4300","4540","47130","6460"
"98","CT",2024,41.2,3675069,2340945,395358,15051,176534,1185,293928,452068,706806,606446,364532,85309,52971,364217,96049,2002571,99093,1550,396900,571524,718070,944918,713337,727220,66590,"4520","4770","47810","6470"
"99","DC",2011,33.4,617996,246505,309845,1956,22510,0,24420,12760,58744,99622,74134,34099,16909,109363,63124,350483,39876,1216,422400,157835,142512,142431,69738,105480,79070,"2140","3370","59390","9640"
"100","DC",2012,33.7,632323,250657,313224,2258,21858,54,28401,15871,62726,100904,77488,38125,16274,108732,66583,364675,37718,1235,460700,158498,149316,143156,71901,109452,78710,"2280","3410","58640","10670"
"101","DC",2013,33.8,646449,264080,315504,1272,22963,104,21681,20845,65560,102958,88292,40345,18011,115551,67572,371969,38858,1307,470500,158067,158437,144452,73961,111532,78440,"2340","3310","58370","10880"
"102","DC",2014,33.8,658893,265077,321346,1859,24910,172,28798,16731,68356,112706,86777,36729,18460,110666,71648,379186,33594,1360,486900,158394,165346,145658,74465,115030,79530,"2420","3470","58930","11260"
"103","DC",2015,33.8,672228,269143,318831,1661,25944,475,34797,21377,71129,112629,97445,37729,20542,110500,75628,389414,28235,1417,551300,159527,170885,147387,76591,117838,79700,"2670","3600","58760","11780"
"104","DC",2016,33.9,681170,277268,320554,2004,26436,41,37132,17735,74422,115097,98988,38236,20554,120308,75506,391916,27119,1376,576100,159175,174628,147488,79097,120782,81200,"2930","3780","59270","12200"
"105","DC",2017,34,693972,284536,318220,1690,28499,302,40116,20609,76526,118172,103144,39893,22310,109920,82372,405506,26726,1499,607200,158064,181178,146140,83992,124598,84380,"3010","3920","62080","12380"
"106","DC",2018,33.9,702455,296747,319777,1932,27538,397,30897,25167,79249,129782,109855,42734,19799,108055,85203,412057,31074,1516,617900,157495,186572,145548,85626,127214,86730,"3010","4180","63430","13320"
"107","DC",2019,34.3,705749,300058,320704,1886,28722,190,30868,23321,79477,129825,107612,44240,19752,90534,92266,413742,25916,1603,646500,155179,190804,144328,87537,127901,88450,"3090","4420","64700","13420"
"108","DC",2020,NA,NA,NA,NA,NA,NA,NA,NA,NA,NA,NA,NA,NA,NA,NA,NA,NA,NA,NA,NA,NA,NA,NA,NA,NA,90220,"3280","3680","67370","13600"
"109","DC",2021,34.8,670050,253842,289302,1281,27692,153,33160,64620,76919,120771,109362,48117,23602,105007,90088,387147,31749,1668,669900,135590,186735,136381,85615,125729,98940,"3620","4040","75280","12440"
"110","DC",2022,34.9,671803,257963,282578,3130,27961,836,30768,68567,78911,126678,115091,47094,24411,85676,101027,395081,20199,1843,711100,138432,186370,135403,87354,124244,105800,"3740","4660","80970","12770"
"111","DC",2023,34.9,678972,263399,277432,1636,28224,724,34844,72713,81458,129951,113293,50404,24809,91068,108210,406660,21386,1904,715500,139299,189042,135109,88996,126526,104190,"3750","5190","79730","12900"
"112","DC",2024,34.9,702250,263797,290136,4452,34796,126,39969,68974,88430,136032,117157,49264,25770,116544,109707,412234,23218,1931,733400,144356,198314,138888,90674,130018,103570,"3580","5360","78920","12800"
"113","DE",2011,39.1,907135,636680,193899,2794,29930,22,19682,24128,76153,104599,49862,11217,10565,104831,58814,461640,41275,960,236900,150398,169190,249010,133912,204625,52240,"3250","2980","38530","3630"
"114","DE",2012,39.2,917092,639294,196950,2868,30632,144,23251,23953,78813,111921,52001,9864,8903,107307,58415,468131,41017,960,226900,152252,167377,251730,140813,204920,52200,"3420","2960","38090","4090"
"115","DE",2013,39.1,925749,637606,200249,3955,33639,841,23029,26430,80944,108075,57865,11174,10271,111327,57846,470708,40461,999,226200,153412,169743,251961,146945,203688,49820,"3480","2780","35920","4370"
"116","DE",2014,39.6,935614,647533,203326,3284,36172,216,20966,24117,83326,116931,57035,10712,11203,113508,59716,472991,31847,1024,230500,154492,170522,252999,153759,203842,50430,"3780","2810","35960","4600"
"117","DE",2015,39.7,945934,654904,203863,3121,36114,334,19157,28441,85306,117581,60228,13582,10538,114360,61255,475209,27693,1049,240200,154232,169941,256737,160824,204200,50870,"4100","2940","35870","4880"
"118","DE",2016,40.6,952065,659091,209911,4055,35646,2053,15595,25714,87152,121717,58672,12881,11799,108211,61757,470999,26678,1048,243400,152371,171497,257286,166674,204237,51110,"4380","3000","35490","5290"
"119","DE",2017,40.1,961939,662084,210356,2729,38930,244,18372,29224,89540,121442,65823,12528,12290,126986,62852,460676,24300,1086,252800,153279,172678,258452,173217,204313,53390,"4750","3260","36840","5590"
"120","DE",2018,41.1,967171,659781,217594,4397,39023,896,19652,25828,91975,124178,66391,10766,11657,117242,64805,486292,27858,1108,255300,150367,173746,259152,180756,203150,54200,"4850","3340","37250","6040"
"121","DE",2019,41.4,973764,659719,219418,4353,36592,428,23087,30167,93390,134287,69023,13269,11620,106383,70176,488692,22631,1116,261700,147716,176907,255557,189638,203946,55290,"5040","3520","37830","6070"
"122","DE",2020,NA,NA,NA,NA,NA,NA,NA,NA,NA,NA,NA,NA,NA,NA,NA,NA,NA,NA,NA,NA,NA,NA,NA,NA,NA,56430,"5180","3110","39270","6380"
"123","DE",2021,41.6,1003384,609759,208369,3385,41066,415,45743,94647,101213,146295,80771,14294,11932,113450,71091,488236,27140,1208,300500,145103,189312,258901,201551,208517,58280,"5440","3180","40870","6240"
"124","DE",2022,41.5,1018396,610378,224761,3670,41501,86,40100,97900,105300,151894,81198,16336,14956,93285,82174,520993,22272,1274,337200,147718,194280,255991,212180,208227,61490,"5600","3590","43030","6440"
"125","DE",2023,42,1031890,612368,232161,5247,44464,287,53050,84313,114623,153565,83158,14998,14981,106027,81361,522421,18092,1358,359700,146408,195780,257820,219957,211925,62870,"5680","4120","44300","6330"
"126","DE",2024,42.1,1051917,611856,231835,4202,50819,1008,56704,95493,122813,149179,88622,14640,16312,98553,87534,535706,27357,1530,371600,150855,199995,259497,227824,213746,64010,"5680","4350","44580","6320"
"127","FL",2011,41.1,19057542,14535897,3046628,63416,463164,12545,512411,423481,4355051,2190780,843014,250768,144667,3173456,44299,9249754,1147856,949,151000,2988529,3543688,5170980,3359395,3994950,46980,"3190","3110","32560","3210"
"128","FL",2012,41.1,19317568,14742516,3105799,51471,488052,11609,459361,458760,4484201,2329936,874523,272260,146350,3238581,45040,9357917,1080331,954,148200,3024660,3578009,5205099,3508827,4000973,44840,"3370","3010","30440","3630"
"129","FL",2013,41.5,19552860,14897782,3141552,50379,509588,8241,486005,459313,4619316,2409162,902539,274082,148392,3253333,46036,9369264,909274,972,153300,3036718,3605307,5237822,3644283,4028730,41170,"3490","2810","27220","3840"
"130","FL",2014,41.6,19893297,15113860,3221160,53014,524583,15149,489726,475805,4788870,2448663,964916,261794,155131,3211615,47463,9503651,764681,1003,162700,3080706,3662610,5305004,3790954,4054023,40780,"3880","2800","26330","4090"
"131","FL",2015,41.8,20271272,15357374,3280778,47032,544068,11898,528266,501856,4962905,2620339,1012174,290401,169424,3116886,49426,9668285,678064,1046,179800,3108130,3722597,5392323,3945233,4102989,40600,"4310","2910","25700","4220"
"132","FL",2016,42.1,20612439,15574165,3310428,52738,559393,12540,570424,532751,5126578,2675907,1061264,307323,163962,2973512,50860,9805388,585900,1086,197700,3130007,3761617,5484911,4090764,4145140,41710,"4700","3070","26010","4480"
"133","FL",2017,42,20984400,15768315,3394508,63635,588087,13937,602032,553886,5370860,2839500,1127371,315744,171877,2889506,52594,10040987,552245,1128,214000,3161554,3845493,5561341,4215232,4200780,43400,"4960","3290","27120","4690"
"134","FL",2018,42.2,21299325,15899574,3410741,59870,593634,12841,708740,613925,5562452,2920459,1190545,354163,182063,2840977,55462,10265785,530845,1182,230600,3189304,3925240,5598122,4358784,4227875,45300,"5200","3480","28350","4940"
"135","FL",2019,42.4,21477737,16010079,3441062,59558,599799,16162,719525,631552,5663629,2982643,1235227,353649,182118,2664772,59227,10429967,471449,1238,245100,3157518,3984072,5605994,4498198,4231955,47380,"5380","3730","29970","5020"
"136","FL",2020,NA,NA,NA,NA,NA,NA,NA,NA,NA,NA,NA,NA,NA,NA,NA,NA,NA,NA,NA,NA,NA,NA,NA,NA,NA,49100,"5580","3340","31980","5140"
"137","FL",2021,42.8,21781128,12210739,3285618,63540,620260,12453,1423478,4165040,5830915,3248221,1368496,384303,225826,2805433,63062,10575428,592167,1348,290700,3043583,4155003,5695723,4598996,4287823,52240,"5980","3450","34630","5280"
"138","FL",2022,42.7,22244823,12445576,3345420,90848,640512,12446,1457611,4252410,6025039,3445343,1430806,410107,232162,2762679,69303,10924091,434875,1525,354100,3176239,4252540,5726736,4794414,4294894,56600,"6370","3940","37710","5300"
"139","FL",2023,42.8,22610726,12542834,3362187,98013,679873,15841,1543159,4368819,6196762,3550180,1515795,420362,247557,2729519,73311,11191144,459949,1719,381000,3152075,4373996,5787857,4917782,4379016,58390,"6560","4540","39080","5220"
"140","FL",2024,42.7,23372215,12663611,3451885,100235,722622,20138,1610549,4803175,6706088,3758332,1606690,448269,269560,2758614,77735,11737686,534706,1812,396900,3298263,4597566,5890097,5094353,4491936,59800,"6560","4840","39900","5110"
"141","GA",2011,35.5,9815210,5961961,3021927,24980,322841,5659,287608,190234,880067,1119648,435733,113762,69822,1827743,46007,4774331,580555,833,147100,1676069,2071686,2503491,1075895,2488069,45900,"3230","2860","31740","4210"
"142","GA",2012,35.7,9919945,5992846,3063367,24166,337015,2882,297813,201856,904343,1140757,468599,123173,74746,1848533,47209,4792521,528978,837,142300,1689190,2073631,2522021,1139356,2495747,44960,"3470","2780","30380","4770"
"143","GA",2013,35.9,9992167,6035159,3095976,21692,355900,3639,268958,210843,907400,1149847,481823,124458,76991,1843768,47829,4846590,498751,850,141600,1699776,2068339,2542898,1190773,2490381,42850,"3680","2610","28210","5140"
"144","GA",2014,36.1,10097343,6043917,3163620,25301,371688,6638,282876,203303,922115,1199733,503513,126094,81260,1797969,49321,4869705,403398,882,147900,1713810,2075812,2567430,1248870,2491421,43140,"4110","2660","27630","5640"
"145","GA",2015,36.4,10214860,6077438,3197929,28491,388457,4337,284084,234124,950093,1244449,534649,132042,88973,1694988,51244,4957832,352199,909,159300,1729934,2070206,2609547,1302759,2502414,43430,"4550","2750","27280","5870"
"146","GA",2016,36.5,10310371,6054861,3254495,37939,398897,6503,299220,258456,962334,1270275,560593,145085,90323,1603013,53559,5036476,300529,933,166800,1732911,2070644,2637072,1359134,2510610,44670,"4940","2890","27390","6340"
"147","GA",2017,36.8,10429379,6122956,3292061,36855,410915,8594,271833,286165,1001472,1311611,585455,147724,86688,1517702,56183,5137885,296040,958,173700,1750809,2073281,2688674,1401850,2514765,46730,"5260","3130","28620","6750"
"148","GA",2018,36.8,10519475,6127645,3319691,34485,436051,14049,301148,286406,1021754,1362317,606345,156547,98824,1468642,58756,5203362,249896,1008,189900,1784423,2096874,2678457,1456428,2503293,48370,"5480","3270","29350","7250"
"149","GA",2019,37.2,10617423,6131699,3390968,42316,439416,6947,321656,284421,1042642,1410395,640949,152402,97822,1373909,61980,5254134,251981,1049,202500,1784213,2110489,2696500,1523192,2503029,49720,"5640","3470","30240","7440"
"150","GA",2020,NA,NA,NA,NA,NA,NA,NA,NA,NA,NA,NA,NA,NA,NA,NA,NA,NA,NA,NA,NA,NA,NA,NA,NA,NA,51140,"5750","3110","31930","7610"
"151","GA",2021,37.5,10799566,5602328,3323900,53642,465880,5453,402842,945521,1083524,1514014,699356,173470,118236,1476348,66559,5327244,294785,1153,249700,1769953,2186432,2735370,1585687,2522124,53900,"6080","3210","34200","7700"
"152","GA",2022,37.6,10912876,5594859,3384201,55227,485027,8466,476365,908731,1132604,1519625,733360,173021,118108,1348344,72837,5502894,229718,1269,297400,1805184,2222091,2735658,1644275,2505668,57570,"6360","3630","36680","7690"
"153","GA",2023,37.9,11029227,5548872,3396552,51935,499904,10048,552723,969193,1222577,1585916,749619,182576,119684,1461317,74632,5593945,247391,1400,323000,1782178,2268115,2745336,1699250,2534348,59370,"6510","4180","38380","7560"
"154","GA",2024,38,11180878,5571578,3421874,56022,547463,8908,598698,976335,1299200,1634708,802012,186835,131947,1373284,79991,5732629,269070,1506,343300,1802017,2315150,2766977,1765603,2531131,60440,"6530","4430","38800","7380"
"155","HI",2011,38.5,1374810,343352,26281,3942,523824,128087,17772,331552,126419,180231,63432,18812,10799,161290,61821,681799,52276,1308,487400,233984,265605,367395,203469,304357,66540,"2390","3580","53110","2350"
"156","HI",2012,38.3,1392313,347252,25613,3153,531663,145408,15499,323725,131743,186586,66566,22483,10581,157243,66259,697902,49398,1379,496600,240512,271089,367408,210423,302881,65930,"2510","3490","52230","2690"
"157","HI",2013,38.1,1404054,358977,30306,2272,531218,137256,14008,330017,138064,199229,66047,19326,14649,148368,68020,685185,41614,1414,5e+05,243811,274455,358454,220108,307226,64670,"2630","3290","51060","2920"
"158","HI",2014,38.1,1419561,360711,30729,2191,534189,147612,13830,330299,143238,200315,66113,22015,13896,156729,69592,702065,37885,1448,528000,246507,277172,359467,228061,308354,65590,"2950","3360","51070","3010"
"159","HI",2015,37.7,1431603,372252,29644,3899,531268,134232,10135,350173,148705,205033,66761,24187,13213,147984,73486,710239,35025,1500,566900,247473,281183,354588,237153,311206,67010,"3330","3460","51770","3150"
"160","HI",2016,38.9,1428557,357994,25898,2649,543448,144568,12321,341679,148150,211850,67803,21989,14951,129569,74511,718283,31796,1483,592000,235073,279965,362213,243541,307765,68500,"3600","3650","52380","3240"
"161","HI",2017,39.2,1427538,357113,23386,2661,545639,145271,21476,331992,150125,216993,77325,21497,12865,132549,77765,710267,29762,1573,617400,228767,282931,356093,253750,305997,71170,"3650","3860","54680","3530"
"162","HI",2018,39.3,1420491,345652,28325,3237,534479,144971,18052,345775,151356,218828,79475,21301,13969,122143,80212,712135,27230,1613,631700,225188,279025,351556,261467,303255,72590,"3860","4060","54980","3780"
"163","HI",2019,39.6,1415872,341211,26923,6129,547843,152601,24697,316468,150864,219979,77835,22345,15050,128722,83102,698880,27112,1651,669200,219397,280534,346284,269470,300187,74230,"3920","4290","56160","3780"
"164","HI",2020,NA,NA,NA,NA,NA,NA,NA,NA,NA,NA,NA,NA,NA,NA,NA,NA,NA,NA,NA,NA,NA,NA,NA,NA,NA,74550,"3790","3680","57580","3700"
"165","HI",2021,40.2,1441553,319677,28484,4837,536161,145556,27377,379461,160134,226849,91083,27139,15610,156735,84857,690200,53237,1774,722500,211670,292655,350460,282567,304201,77410,"3970","3750","60600","3770"
"166","HI",2022,40.8,1440196,319118,26010,4100,506753,143444,27949,412822,160103,226124,90504,29159,16917,142378,92458,699927,25395,1813,820100,210395,291314,346967,294654,296866,82650,"4130","4260","64110","3910"
"167","HI",2023,41.4,1435138,314534,24101,2733,526684,135541,26638,404907,145111,237228,93842,31833,16306,141925,95322,692259,24424,1940,846400,202961,291662,343276,303352,293887,82860,"4210","4770","63620","4070"
"168","HI",2024,41.5,1446146,317359,25487,5041,524385,137894,25573,410407,147896,247446,96888,30067,17134,140840,100745,710160,23984,1942,875900,205566,292917,342798,311305,293560,81710,"4090","5030","62190","4100"
"169","IA",2011,38.1,3062309,2800812,88258,12009,56040,1010,43292,60888,153241,358051,113481,31379,20188,378864,49427,1637404,98648,643,123400,507349,552293,820621,458190,723856,36240,"2910","2360","24420","4170"
"170","IA",2012,38,3074186,2817947,91660,8153,56519,2260,37670,59977,160644,368331,117508,29743,20738,377484,50957,1644688,87916,661,126300,508063,556539,817300,469618,722666,37350,"3150","2250","25060","4490"
"171","IA",2013,38,3090416,2823908,102430,7630,63431,1640,38541,52836,166925,370188,116336,29703,25282,379127,52229,1656004,79913,679,126900,508343,563633,815349,479625,723466,35870,"3350","2150","23470","4710"
"172","IA",2014,38.2,3107126,2837758,97874,9617,68419,2576,30497,60385,171067,383943,129844,31909,24730,367816,53712,1667252,73662,711,133100,510185,564563,816159,490628,725591,36430,"3630","2170","23510","4810"
"173","IA",2015,38.1,3123899,2826672,106610,11554,68505,3282,47404,59872,174318,377035,124708,33674,21174,367414,54736,1669321,69428,718,136100,512462,568991,812541,501152,728753,37180,"3940","2220","23730","4900"
"174","IA",2016,38,3134693,2834162,111867,10488,74805,3949,42129,57293,179062,398242,135083,35270,24567,356378,56247,1679847,66229,741,142300,514800,570746,808438,513742,726967,38010,"4190","2340","24020","5120"
"175","IA",2017,38.3,3145711,2831066,107076,10791,81714,5876,41459,67729,185746,406630,141796,32274,25120,326636,58570,1679790,60190,760,149100,518814,569898,802025,524624,730350,38920,"4370","2450","24580","5150"
"176","IA",2018,38.1,3156145,2846099,115137,11494,79971,3463,30713,69268,191473,413442,133905,35684,27509,343504,59955,1676716,60717,777,152000,520379,575709,788850,537818,733389,40110,"4530","2530","25350","5300"
"177","IA",2019,38.5,3155070,2835536,129335,11837,76134,2029,31951,68248,197482,420199,141152,33335,27567,341613,61691,1680913,62357,808,158900,515804,586828,777033,553575,721830,40740,"4630","2650","25660","5330"
"178","IA",2020,NA,NA,NA,NA,NA,NA,NA,NA,NA,NA,NA,NA,NA,NA,NA,NA,NA,NA,NA,NA,NA,NA,NA,NA,NA,41400,"4740","2370","26590","5290"
"179","IA",2021,38.5,3193079,2696700,115173,15288,75373,4859,69584,216102,212306,441878,145253,34653,30958,344696,65600,1676731,60198,847,174400,517110,601497,769907,567581,736984,43120,"4920","2450","28040","5290"
"180","IA",2022,38.9,3200517,2702598,121447,11718,75649,8663,75079,205363,218024,463740,167964,38145,27957,339867,69588,1708988,50381,891,194600,522222,608775,763893,588879,716748,45720,"5030","2760","30000","5210"
"181","IA",2023,39.1,3207004,2701313,128881,12715,75806,4425,74956,208908,234148,452714,160651,35657,34478,351224,71433,1701453,47173,949,213300,512328,611743,762498,594888,725547,46130,"5130","3060","30420","5140"
"182","IA",2024,39,3241488,2696030,134568,11988,83909,6115,80480,228398,253224,463288,168924,35250,35211,356404,75501,1729153,55020,981,227300,526739,617570,757206,612603,727370,46900,"5190","3170","30590","4890"
"183","ID",2011,35,1584985,1465484,8392,20511,20913,1287,28938,39460,181740,174646,55345,12617,9487,255027,43341,760733,75817,689,158800,261747,298601,392698,204286,427653,43910,"2690","2780","31470","3340"
"184","ID",2012,35.2,1595728,1458371,8759,20764,20613,1686,46011,39524,185159,175020,56911,14927,11035,248494,45489,772111,61864,702,154500,264747,300311,394886,211032,424752,43150,"2840","2610","30420","3920"
"185","ID",2013,35.7,1612136,1475631,9097,19800,24845,1818,42199,38746,190250,185216,59491,14847,9852,246550,46783,765759,55466,725,159000,260901,300242,401035,223104,426854,41800,"2980","2470","29070","4260"
"186","ID",2014,35.9,1634464,1498107,11354,21550,24009,1984,36664,40796,196912,175108,58255,16311,11848,237981,47861,769337,42569,755,165300,262676,309137,396407,234979,431265,42310,"3320","2500","28970","4360"
"187","ID",2015,35.8,1654930,1514404,8828,23516,21145,1931,37682,47424,199840,189566,60161,15330,11855,245551,48275,786377,42149,770,176300,264911,313171,401403,243264,432181,43190,"3750","2550","29330","4560"
"188","ID",2016,36.1,1683140,1510119,11437,26596,24406,2375,66137,42070,207248,203363,65673,17642,13732,237445,51807,800291,37503,790,189400,270921,314883,404717,256162,436457,44130,"4100","2630","29480","4690"
"189","ID",2017,36.3,1716943,1546011,11347,21589,23113,3079,59093,52711,213619,202800,66560,14146,14152,216309,52225,820913,34000,822,207100,273892,325163,412009,262594,443285,46270,"4450","2740","31070","4720"
"190","ID",2018,36.8,1754208,1576846,12075,23026,27026,2763,59217,53255,222464,213462,72465,16764,13571,203264,55583,840240,33438,848,233100,282721,330163,416513,279441,445370,48260,"4610","2830","32360","5050"
"191","ID",2019,36.9,1787065,1596918,12708,22867,25969,2475,67428,58700,229494,220189,81863,19503,15100,195984,60999,877350,29127,880,255200,287226,340091,421776,288617,449355,50470,"4760","2930","34210","5020"
"192","ID",2020,NA,NA,NA,NA,NA,NA,NA,NA,NA,NA,NA,NA,NA,NA,NA,NA,NA,NA,NA,NA,NA,NA,NA,NA,NA,53030,"4900","2640","37110","4890"
"193","ID",2021,37.3,1900923,1548085,14235,23990,26001,1729,108952,177931,251916,253762,94108,23862,14532,205702,66474,932677,30858,1035,369300,292876,380369,443682,314010,469986,58090,"5190","2620","41550","4990"
"194","ID",2022,37.5,1939033,1588044,12689,24880,26027,3266,93955,190172,261921,274409,99915,22131,16713,202517,72785,949350,28209,1138,432500,316741,383940,444202,329530,464620,64140,"5520","3060","46260","4840"
"195","ID",2023,37.8,1964726,1605148,16671,21606,26917,3751,99141,191492,271657,281799,96952,20652,20284,193635,74942,971173,34894,1256,428600,316372,389386,450318,342259,466391,65480,"5580","3510","47280","4790"
"196","ID",2024,37.8,2001619,1619182,15547,22537,30172,3095,97790,213296,286185,291509,105292,24716,19522,204268,81166,1002640,37396,1384,446400,327225,398411,453185,355551,467247,66780,"5610","3740","48000","4730"
"197","IL",2011,36.8,12869259,9328438,1867304,25818,599115,1378,783647,263559,2077030,1645334,712735,190433,95362,1879965,53234,6661181,734332,859,178500,2152554,2592093,3385477,1642595,3096540,47690,"2790","2990","33970","4030"
"198","IL",2012,37,12875255,9358637,1853436,26814,617924,4231,731378,282835,2100008,1684348,751407,175113,96485,1850562,55137,6713109,682518,868,170600,2148447,2586729,3381316,1695712,3063051,46670,"3010","2930","32780","4400"
"199","IL",2013,37.2,12882135,9362416,1833560,25575,635385,3660,732177,289362,2118514,1698605,776179,179096,106222,1845393,56210,6712311,638222,885,169600,2148803,2587214,3383875,1740088,3022155,44500,"3120","2770","30790","4700"
"200","IL",2014,37.5,12880580,9290445,1837715,27995,663454,5825,763579,291567,2151506,1737022,808866,178177,109342,1804535,57444,6681866,538437,905,171900,2139672,2576442,3391878,1787854,2984734,44350,"3410","2780","30220","4950"
"201","IL",2015,37.7,12859995,9238679,1844624,28792,674236,4514,773685,295465,2171988,1757697,803408,184590,107845,1703258,59588,6657355,460831,936,180300,2120489,2563200,3387896,1828225,2960185,44220,"3700","2830","29840","5100"
"202","IL",2016,37.9,12801539,9123763,1813477,30470,684783,4851,822784,321411,2178790,1813840,830129,188580,109736,1621508,60960,6650518,419099,950,186500,2104550,2529285,3372155,1872830,2922719,44800,"3930","2970","29810","5400"
"203","IL",2017,38,12802023,9119912,1818986,29910,694968,4860,797916,335471,2206927,1829903,857509,195094,115299,1569753,62992,6642821,407967,974,195300,2099169,2513276,3346893,1947595,2895090,45670,"4090","3130","30260","5590"
"204","IL",2018,38.3,12741080,9135145,1793079,35846,717938,5317,712778,340977,2208868,1833666,887459,206789,124770,1509247,65030,6662825,368739,995,203400,2077385,2511424,3305921,1990548,2855802,46810,"4220","3240","30960","5800"
"205","IL",2019,38.6,12671821,9044059,1790212,32600,717992,4511,730514,351933,2216300,1886240,892226,206788,123718,1420542,69187,6606716,320069,1020,209100,2054062,2497888,3259831,2045361,2814679,47510,"4360","3410","31260","5970"
"206","IL",2020,NA,NA,NA,NA,NA,NA,NA,NA,NA,NA,NA,NA,NA,NA,NA,NA,NA,NA,NA,NA,NA,NA,NA,NA,NA,47610,"4430","2960","31890","6050"
"207","IL",2021,39,12671469,7770962,1722604,84713,728531,5780,952409,1406470,2277330,1932282,961986,213218,135093,1498523,72205,6562079,482887,1106,231500,1987232,2543231,3237520,2103309,2800177,49480,"4630","3060","33570","6110"
"208","IL",2022,39.1,12582032,7683527,1689724,86968,754911,7352,992124,1367426,2299726,1952990,968013,213624,140791,1469643,76708,6608621,314814,1170,251600,2005828,2530245,3164813,2164940,2716206,52580,"4740","3490","35850","6050"
"209","IL",2023,39.5,12549689,7617749,1671959,87339,756661,5852,1019976,1390153,2378186,1983481,990218,221049,139626,1426517,80306,6642661,313531,1238,263300,1959720,2537974,3144538,2205830,2701627,52780,"4880","3910","36030","6050"
"210","IL",2024,39.4,12710158,7650197,1679701,105434,812604,4453,1100865,1356904,2462768,2063361,1030836,212667,164841,1438470,83211,6762041,346721,1322,280700,2014287,2595830,3132799,2274582,2692660,53390,"4940","4130","35970","5910"
"211","IN",2011,37.1,6516922,5512023,589109,12817,102695,786,157123,142369,399486,628173,255703,52157,43183,1011017,46438,3260792,326292,707,122400,1079102,1250911,1733160,856492,1597257,35240,"2780","2530","23290","3790"
"212","IN",2012,37.3,6537334,5513003,598171,16295,107736,2824,157490,141815,408900,643210,259870,55872,43157,990325,46974,3291698,288609,715,122700,1081322,1241368,1735799,889426,1589419,35220,"3020","2380","23010","4070"
"213","IN",2013,37.3,6570902,5529595,603521,14146,116856,2703,161230,142851,420577,655276,273795,55337,42811,1015127,47529,3282793,257007,730,122200,1086925,1250191,1730411,915833,1587542,34360,"3140","2240","22150","4300"
"214","IN",2014,37.4,6596855,5547390,612890,13063,130250,3216,143931,146115,425465,682893,290178,55635,41896,974218,49446,3321845,234575,753,124300,1090866,1254548,1726273,941494,1583674,34610,"3380","2270","21840","4540"
"215","IN",2015,37.5,6619680,5559694,605660,15704,138664,2602,140617,156739,439094,697223,286021,61351,43525,933181,50532,3312603,192637,758,131000,1101385,1239608,1733629,965324,1579734,35330,"3660","2310","22110","4700"
"216","IN",2016,37.6,6633053,5536418,617745,17515,141451,3526,157755,158643,448079,716293,301847,64188,42518,906077,52314,3332231,167215,768,134800,1103395,1230248,1728538,993339,1577533,35850,"3880","2370","22000","4900"
"217","IN",2017,37.7,6666818,5577897,623961,12397,148366,1441,125725,177031,461618,753268,320548,65072,50570,871247,54181,3342800,158556,793,141100,1105474,1238495,1724932,1023886,1574031,37210,"4110","2500","22810","5060"
"218","IN",2018,37.8,6691878,5539927,637277,14040,154220,3470,162303,180641,472419,771811,325867,65283,48105,852638,55746,3388035,149266,820,147300,1114068,1243579,1716028,1051146,1567057,37750,"4270","2570","22880","5300"
"219","IN",2019,38,6732219,5571899,643105,18416,170566,3254,150696,174283,485554,777771,318939,65304,50812,775823,57603,3414811,142084,840,156000,1120551,1254319,1705456,1084472,1567421,39570,"4460","2700","24320","5290"
"220","IN",2020,NA,NA,NA,NA,NA,NA,NA,NA,NA,NA,NA,NA,NA,NA,NA,NA,NA,NA,NA,NA,NA,NA,NA,NA,NA,40770,"4630","2410","25720","5310"
"221","IN",2021,38.2,6805985,5308520,601428,19174,162321,1687,210836,502019,518001,843069,343526,74471,55721,803021,62743,3419218,160040,905,182400,1106383,1309030,1689595,1115579,1585398,42470,"4910","2430","27090","5290"
"222","IN",2022,38.2,6833037,5297623,637617,23265,173672,2572,220256,478032,534528,869217,357804,72718,57273,834550,66785,3479919,124513,972,208700,1112474,1319825,1673938,1157426,1569374,45860,"5150","2780","29510","5180"
"223","IN",2023,38.3,6862199,5260706,615423,23479,182549,4145,249738,526159,597785,882311,376078,73025,62984,821401,69477,3515202,127972,1044,225900,1103506,1334456,1661763,1181568,1580906,46870,"5250","3140","30480","5110"
"224","IN",2024,38.3,6924275,5263322,631469,35823,187569,4982,245332,555778,626616,911752,385586,75475,63614,823667,71959,3551668,145489,1104,243500,1114919,1363834,1648393,1218401,1578728,48020,"5290","3310","31150","5020"
"225","KS",2011,36.3,2871238,2442531,167669,23830,67235,1642,71792,96539,306806,365541,141195,31501,19870,383467,48964,1500639,111601,709,128300,490654,529669,746543,381959,722413,35060,"2830","2550","23060","3920"
"226","KS",2012,36,2885905,2468884,167414,26087,71821,2263,57943,91493,315776,362899,149868,33378,20097,391734,50241,1491407,97003,711,130100,495797,533696,740911,394224,721277,35440,"3110","2520","22700","4380"
"227","KS",2013,36,2893957,2476030,168246,24238,73219,1416,55240,95568,322424,374418,148912,34607,23479,393358,50972,1487082,87504,745,129700,493125,542540,731525,406225,720542,34810,"3240","2390","22050","4540"
"228","KS",2014,36.2,2904021,2466138,171976,24500,76245,2471,63129,99562,328957,381292,156450,33162,22180,382712,52504,1474596,76742,773,132100,491117,545921,726963,417533,722487,35080,"3520","2430","21850","4840"
"229","KS",2015,36.2,2911641,2465799,172109,27041,84221,2197,67275,92999,336321,384495,157694,33557,23317,368879,53906,1486201,69132,782,141200,492625,542032,730698,426052,720234,35820,"3770","2500","22550","4950"
"230","KS",2016,36.5,2907289,2458966,166551,21620,79741,2922,74123,103366,336909,390861,170982,37627,21956,342544,54935,1493137,67003,789,144900,486360,544590,723749,437671,714919,36260,"3900","2610","22450","5160"
"231","KS",2017,36.7,2913123,2462215,167207,21426,85840,3712,71385,101338,345510,403542,180331,35827,23042,336487,56422,1499885,63084,815,150600,492506,542249,718342,447451,712575,37320,"4000","2780","23330","5300"
"232","KS",2018,37.1,2911510,2446823,171141,26829,82444,2929,73293,108051,348443,402368,179315,36989,27471,338175,58218,1499747,57197,840,159400,487974,542828,713366,462191,705151,38120,"4120","2830","23690","5480"
"233","KS",2019,37.2,2913314,2436902,167237,23860,87018,2453,87073,108771,354804,414851,176966,37264,23408,323189,62087,1512483,56737,862,163200,486880,548330,699807,477996,700301,38720,"4190","2930","23960","5540"
"234","KS",2020,NA,NA,NA,NA,NA,NA,NA,NA,NA,NA,NA,NA,NA,NA,NA,NA,NA,NA,NA,NA,NA,NA,NA,NA,NA,39480,"4280","2610","24930","5590"
"235","KS",2021,37.3,2934582,2230826,154732,21670,85422,1767,129261,310904,373723,427464,187756,44232,28000,333518,64124,1502947,65475,904,183800,478574,567185,696941,489676,702206,41380,"4430","2700","26650","5660"
"236","KS",2022,37.6,2937150,2241911,153771,26522,85951,5050,129702,294243,381746,426910,194772,40463,30398,342670,68925,1511335,54833,975,206600,494344,569651,678601,506342,688212,43440,"4580","3020","27990","5600"
"237","KS",2023,37.9,2940547,2231934,157042,24017,77248,3902,116640,329764,401676,438965,198335,37539,25874,319652,70333,1527460,49867,1036,219800,487474,575686,672258,518365,686764,44280,"4820","3360","28690","5540"
"238","KS",2024,38,2970606,2229436,158710,24129,89924,4186,117272,346949,422762,445103,202588,37700,30724,313235,75514,1554434,57070,1079,238700,492791,584243,673170,533774,686628,45290,"4890","3540","29130","5320"
"239","KY",2011,38.2,4369356,3837605,348778,9662,50424,729,41911,80247,131508,359975,183043,46260,26747,811277,41141,2052108,213707,626,120600,701238,853592,1195566,593961,1024999,31520,"2650","2250","20500","3080"
"240","KY",2012,38.4,4380415,3844617,344584,8141,55397,2149,38316,87211,134035,378979,185306,46602,28258,823197,41724,2059802,191844,636,120800,702119,854355,1192336,613626,1017979,31790,"2870","2150","20440","3500"
"241","KY",2013,38.5,4395295,3854574,350164,7434,53187,2130,40077,87729,143091,392610,198007,48363,28046,800635,43399,2067126,173010,668,120900,707183,850438,1187031,636058,1014585,30880,"2940","2040","19610","3670"
"242","KY",2014,38.5,4413457,3858261,350141,10526,54542,2650,43094,94243,145170,386963,197252,47789,27697,817542,42958,2067812,158108,678,123800,708017,845317,1191798,653022,1015303,31360,"3110","2080","19450","3940"
"243","KY",2015,38.8,4425092,3865712,355718,8914,59626,2765,38122,94235,146127,406865,207579,52767,28963,794055,45215,2062779,133812,702,130000,712008,838685,1189688,674128,1010583,31940,"3370","2100","19540","4170"
"244","KY",2016,38.7,4436974,3866333,366157,11140,61311,2307,37591,92135,151920,419081,202997,51228,29035,794060,46659,2079319,124677,707,135600,719117,830872,1187003,687525,1012457,32390,"3580","2180","19410","4390"
"245","KY",2017,38.9,4454189,3872670,361637,7777,64878,3527,42177,101523,155163,423916,213672,56806,29158,744239,48375,2091959,115271,724,141000,722590,827483,1180464,709048,1014604,33660,"3780","2280","20010","4640"
"246","KY",2018,39.1,4468402,3875023,354761,8470,65300,4943,51887,108018,161506,442090,226181,53628,31886,730408,50247,2105668,109879,779,148100,729786,824048,1175395,731392,1007781,34010,"3950","2330","19840","4870"
"247","KY",2019,39.2,4467673,3873691,363167,8326,73087,4212,41032,104158,168017,453040,221989,57552,33342,703627,52295,2098310,100537,773,151700,720563,830431,1160295,754559,1001825,34910,"4120","2480","20310","4980"
"248","KY",2020,NA,NA,NA,NA,NA,NA,NA,NA,NA,NA,NA,NA,NA,NA,NA,NA,NA,NA,NA,NA,NA,NA,NA,NA,NA,36270,"4270","2230","21740","5170"
"249","KY",2021,39.1,4509394,3756439,324634,10357,64314,4988,62665,285997,176747,488546,248867,56988,36013,721878,55573,2106986,114655,830,173300,706556,865895,1153072,768416,1015455,37890,"4530","2290","23010","5200"
"250","KY",2022,39.4,4512310,3749247,347039,7860,62873,3502,69765,272024,187483,508620,253773,61733,37210,722865,59341,2154704,93466,891,196300,706761,865652,1143904,791113,1004880,40290,"4700","2590","24500","5190"
"251","KY",2023,39.2,4526154,3735842,337882,11798,64323,2569,75335,298405,219536,506856,256223,67687,34499,720642,61118,2174801,89447,929,211800,698239,874330,1137080,804768,1011737,41170,"4860","2880","25270","5330"
"252","KY",2024,39.3,4588372,3736188,326331,12438,86161,1672,80862,344720,252640,508117,266868,67417,36767,694171,64526,2209971,107639,998,226000,715871,897778,1128662,825850,1020211,42190,"5000","3020","25610","5340"
"253","LA",2011,35.9,4574836,2874839,1469876,28830,72484,3126,48020,77661,197866,415415,144023,44442,24060,908375,41734,2175279,201340,747,139400,808479,876552,1199261,571296,1119248,32240,"3710","2190","19880","3390"
"254","LA",2012,36,4601893,2891506,1483239,25551,72216,2209,48697,78475,207636,433223,155282,45446,26117,891981,42944,2195417,193512,747,139500,805681,880581,1198757,597750,1119124,32760,"4030","2170","19870","3750"
"255","LA",2013,36,4625470,2907296,1492915,27412,74227,673,45026,77921,218620,453347,152983,47098,30799,888019,44164,2186613,174830,763,140300,810712,892050,1203076,606958,1112674,32560,"4230","2050","19510","4030"
"256","LA",2014,36.1,4649676,2919142,1502184,26009,78675,2816,42238,78612,223889,463860,160595,47873,29268,896524,44555,2180626,162602,801,143600,807394,905596,1190732,631170,1114784,33490,"4650","2090","19640","4340"
"257","LA",2015,36.4,4670724,2914693,1502375,22645,81039,1146,51153,97673,228578,470739,170535,49216,27568,889946,45727,2193370,155558,800,155600,797721,910235,1192975,653608,1116185,34560,"5100","2180","20030","4500"
"258","LA",2016,36.5,4681666,2901495,1514755,25508,77921,1030,68208,92749,231168,473299,169554,56083,28970,918187,45146,2172162,151211,808,158000,791611,912228,1186367,674179,1117281,35220,"5390","2270","19950","4810"
"259","LA",2017,36.8,4684333,2890818,1521339,23848,84816,1517,75586,86409,243620,482439,178692,53635,27759,899039,46145,2164374,141608,836,162500,784171,913392,1181417,696111,1109242,36720,"5550","2440","20820","5020"
"260","LA",2018,37.3,4659978,2877115,1509407,25657,76255,1133,65366,105045,239954,496634,183295,49150,29574,843626,47905,2152802,137130,854,167300,765567,906062,1170154,720610,1097585,38160,"5760","2530","21580","5360"
"261","LA",2019,37.7,4648794,2874784,1504017,28561,81506,971,65888,93067,250203,503947,194070,55742,30516,857894,51073,2158336,118011,866,172100,750044,923870,1147800,742194,1084886,39740,"5950","2690","22550","5580"
"262","LA",2020,NA,NA,NA,NA,NA,NA,NA,NA,NA,NA,NA,NA,NA,NA,NA,NA,NA,NA,NA,NA,NA,NA,NA,NA,NA,40820,"6150","2430","23570","5780"
"263","LA",2021,38,4624047,2675200,1441645,23926,80506,3652,87229,311889,256086,523475,205307,58391,37196,883236,52087,2119555,161765,924,192800,716634,940802,1118238,766330,1082043,43190,"6510","2520","25390","5890"
"264","LA",2022,38.2,4590241,2646226,1428423,27069,81705,2400,89527,314891,262213,525044,218915,60815,35332,829565,55416,2155084,116744,984,209200,714066,924560,1112694,780061,1058860,45830,"6710","2880","27030","5940"
"265","LA",2023,38.7,4573749,2594078,1385155,37468,80143,4520,111980,360405,327004,525591,209154,61069,41704,840146,58229,2135043,104094,1020,215600,688121,931297,1096304,794591,1063436,46660,"6860","3300","27730","5980"
"266","LA",2024,38.7,4597740,2594108,1398231,30184,83831,2005,116569,372812,357628,539030,224002,65589,38890,835267,60986,2176191,112107,1064,223200,697951,930417,1086971,819864,1062537,47380,"6890","3490","27680","6150"
"267","MA",2011,39.3,6587536,5305948,451127,13160,365968,858,282417,168058,649272,1004133,528851,122197,107329,738514,62859,3619653,334933,1034,326300,1130122,1280666,1849732,921909,1405107,59730,"2580","3360","44620","4580"
"268","MA",2012,39.5,6646144,5323896,473527,13230,381262,900,269542,183787,673885,1011713,541323,132494,104415,762645,65339,3643392,308598,1036,323800,1150696,1281295,1851867,961031,1401255,59400,"2750","3320","44060","4860"
"269","MA",2013,39.4,6692824,5330381,474427,13958,388317,1557,285569,198615,703679,1037415,571811,126812,119338,770513,66768,3684771,286768,1077,327200,1166898,1281944,1860930,990097,1392955,58940,"2920","3170","43620","5170"
"270","MA",2014,39.4,6745408,5347420,477527,15599,413079,1329,279928,210526,730094,1077993,594755,131136,112845,757235,69160,3720446,249791,1107,338900,1181417,1287025,1870704,1015577,1390685,58940,"3130","3180","43260","5310"
"271","MA",2015,39.4,6794422,5373238,499357,10663,430739,1410,280631,198384,757948,1086715,601150,135323,128501,752071,70628,3739683,217480,1164,352100,1184169,1296794,1882039,1044226,1387194,59820,"3460","3260","43460","5630"
"272","MA",2016,39.5,6811779,5350175,506677,12547,440845,3758,285412,212365,779696,1124295,629351,140558,126142,686597,75297,3769850,198840,1179,366900,1191293,1291694,1875420,1074425,1378947,60770,"3650","3340","43910","5830"
"273","MA",2017,39.5,6859819,5387411,531887,15097,452717,993,261841,209873,811292,1146586,653567,146185,132333,692201,77385,3771625,172091,1208,385400,1200890,1307681,1872840,1107824,1370584,63070,"3810","3490","45760","5980"
"274","MA",2018,39.5,6902149,5335175,537523,16198,472403,2775,303331,234744,846780,1178868,681633,150773,140736,663918,79835,3803704,180720,1295,400700,1209410,1325357,1862715,1137541,1367126,64680,"3910","3600","47140","6140"
"275","MA",2019,39.7,6892503,5305385,543629,17875,472895,2998,299262,250459,853735,1197208,692415,149956,142164,625763,85843,3852055,151812,1360,418600,1192559,1339852,1836022,1172293,1351777,65500,"3990","3760","47770","6180"
"276","MA",2020,NA,NA,NA,NA,NA,NA,NA,NA,NA,NA,NA,NA,NA,NA,NA,NA,NA,NA,NA,NA,NA,NA,NA,NA,NA,67010,"3920","3190","50230","6190"
"277","MA",2021,39.9,6984723,4832195,466735,15835,493647,2106,395087,779118,897350,1250748,736774,156628,156273,700138,89645,3859910,255238,1487,480600,1172403,1394774,1839159,1216447,1361940,69930,"4020","3310","53010","6300"
"278","MA",2022,40.3,6981974,4800968,495214,19707,504908,1825,414544,744808,911038,1252187,735346,152320,167856,700156,94488,3872969,158146,1634,534700,1177175,1397339,1811372,1260100,1335988,74260,"4150","3770","56370","6360"
"279","MA",2023,40.3,7001399,4750967,492587,19758,515613,3155,446541,772778,944383,1261847,788243,157762,169357,706730,99858,3908554,154107,1757,570800,1157331,1421310,1788435,1292884,1341439,74780,"4280","4300","56840","6340"
"280","MA",2024,40.1,7136171,4761129,489490,17332,551579,1265,449063,866313,998795,1305232,797313,171120,175905,671003,104828,3994387,162597,1848,607400,1199660,1463322,1782482,1335942,1354765,76400,"4290","4470","57560","6220"
"281","MD",2011,38,5828289,3414300,1725923,14530,329770,1924,189897,151945,489505,800177,438160,111530,94505,571887,70004,3177062,282496,1153,287100,965122,1160300,1624476,731759,1346632,69640,"3480","3420","53500","4270"
"282","MD",2012,38.1,5884563,3417690,1720936,17171,339527,2637,202979,183623,510448,795930,460951,115222,94884,590803,71122,3201721,264281,1170,279900,974931,1172150,1631866,762681,1342935,69060,"3750","3400","52640","4730"
"283","MD",2013,38.2,5928814,3416335,1754964,17230,354430,3053,213342,169460,531749,814992,472174,118336,98303,585571,72483,3223300,239933,1210,280200,978324,1171655,1640510,793868,1344457,66970,"3880","3240","50540","5110"
"284","MD",2014,38.3,5976407,3432582,1774618,14657,369996,2086,209461,173007,556179,841315,489164,121503,101702,589818,73971,3225569,231268,1242,288500,980711,1180309,1642041,822171,1351175,67480,"4200","3320","50300","5480"
"285","MD",2015,38.3,6006401,3395048,1770161,15403,385167,2911,250417,187294,572263,866352,505272,112754,107236,570776,75847,3207268,175802,1278,299800,978959,1181086,1651639,846985,1347732,67020,"4590","3430","49320","5670"
"286","MD",2016,38.5,6016447,3397255,1793593,15234,376518,2480,230326,201041,586730,860491,528502,128976,103160,567715,78945,3249158,175235,1314,306900,966457,1179116,1648274,876448,1346152,67530,"4910","3560","49070","6010"
"287","MD",2017,38.7,6052177,3322483,1806673,18931,391328,2143,305303,205316,612709,889090,534613,123599,105278,549171,80776,3268601,170419,1337,312500,958540,1188890,1655211,902586,1346950,70010,"5110","3780","50900","6260"
"288","MD",2018,38.8,6042718,3305047,1810885,13433,378985,7311,304042,223015,628435,911761,546260,133920,108754,528203,83242,3251246,160777,1371,324800,951412,1187217,1634693,931041,1338355,71120,"5160","3910","51590","6740"
"289","MD",2019,39,6045680,3296909,1830059,19164,386194,2453,305343,205558,643171,911781,553133,131090,114226,532241,86738,3246226,147356,1401,332500,935373,1201661,1616472,959887,1332287,72310,"5430","4120","52070","6910"
"290","MD",2020,NA,NA,NA,NA,NA,NA,NA,NA,NA,NA,NA,NA,NA,NA,NA,NA,NA,NA,NA,NA,NA,NA,NA,NA,NA,72670,"5510","3600","53100","6910"
"291","MD",2021,39.3,6165129,3018844,1810345,25208,407982,3545,406038,493167,684323,956533,606779,138912,115978,618372,90203,3263025,192275,1473,370800,922301,1255287,1624061,1003383,1360097,75460,"5700","3690","55730","7070"
"292","MD",2022,39.7,6164660,2983674,1823687,26649,404207,3088,420119,503236,705842,996167,617106,136078,129354,581748,94991,3299405,130987,1550,398100,914761,1262116,1598273,1042779,1346731,80130,"5880","4190","59400","7050"
"293","MD",2023,39.8,6180253,2957430,1803634,33544,409222,3096,439781,533546,781336,964064,647621,135906,132409,574160,98678,3326225,132197,1651,413600,894838,1271683,1588173,1066638,1358921,80660,"6020","4720","59810","7110"
"294","MD",2024,39.8,6263220,2937410,1825122,29485,434405,3589,460043,573166,830948,1010731,662921,138856,137771,555770,102905,3397200,147630,1721,436300,913529,1301347,1580249,1099752,1368343,79760,"6000","4940","58270","7020"
"295","ME",2011,43.2,1328188,1264494,13598,8148,13498,134,3249,25067,17813,168605,69554,17910,11482,182448,46033,703536,60432,747,171600,188893,238398,413267,217308,270322,40730,"2960","2760","27340","3720"
"296","ME",2012,43.5,1329192,1264328,13614,8066,14414,156,2509,26105,18451,171449,65911,16093,11276,189786,46709,699688,53326,744,172300,189320,235938,411974,225973,265987,40580,"3110","2690","27000","3970"
"297","ME",2013,44,1328302,1260470,13617,8242,14059,269,3811,27834,18432,172498,67663,16012,13015,180639,46974,691352,47974,760,172800,190937,231037,410009,235984,260335,39600,"3270","2560","25810","4210"
"298","ME",2014,44.1,1330089,1260278,16557,8322,14447,36,2947,27502,19839,185890,69374,14346,12171,182791,49462,693848,40659,776,174800,189385,231788,408380,242564,257972,39790,"3510","2570","25510","4450"
"299","ME",2015,44.6,1329328,1258074,14795,8966,13291,652,2957,30593,20152,187513,71715,18480,11845,172620,51494,685216,36802,792,180300,188421,228444,406036,250568,255859,40010,"3860","2610","25180","4760"
"300","ME",2016,44.5,1331479,1257120,19963,7893,17499,214,2450,26340,20714,181434,79538,18162,12004,161749,53079,689036,30560,797,184700,189800,229258,400818,256652,254951,41310,"4170","2670","25840","5050"
"301","ME",2017,44.6,1335907,1261611,16372,9340,15157,228,2621,30578,21899,193860,84719,20094,12934,144012,56277,700979,29493,806,191200,189697,230099,395168,266741,254202,42080,"4330","2750","26230","5270"
"302","ME",2018,45.1,1338404,1261453,18954,8566,15683,465,3264,30019,22411,197489,79762,19204,13595,151541,55602,703405,24865,839,197500,186172,233678,393933,276069,248552,42230,"4490","2830","26090","5340"
"303","ME",2019,45.1,1344212,1263287,21983,9419,15323,222,5442,28536,23067,205722,87322,21060,14895,141803,58924,708884,24471,870,200500,188875,235678,387328,285978,246353,43740,"4670","2960","27200","5440"
"304","ME",2020,NA,NA,NA,NA,NA,NA,NA,NA,NA,NA,NA,NA,NA,NA,NA,NA,NA,NA,NA,NA,NA,NA,NA,NA,NA,44840,"4890","2610","28650","5540"
"305","ME",2021,44.7,1372247,1241485,21069,4770,16827,365,11854,75877,26227,224987,98761,22502,19055,154117,64767,706911,34431,945,252100,186549,254060,384862,297101,249675,46780,"5180","2600","30460","5520"
"306","ME",2022,45.1,1385340,1258198,22106,7035,16274,221,8954,72552,28717,229764,99149,25435,17210,145161,69543,719995,23593,1033,290600,189162,256421,381373,312893,245491,49740,"5410","2950","32310","5530"
"307","ME",2023,44.9,1395722,1257490,24800,6064,15878,732,8555,82203,31184,241654,101942,24218,16729,140460,73733,731851,23191,1189,310700,190288,264218,375318,320120,245778,51010,"5640","3370","33100","5510"
"308","ME",2024,44.9,1405012,1260038,29245,6153,18794,299,10286,80197,32869,236042,108341,24870,20359,144428,76442,733781,19982,1210,341900,191268,268259,370880,329926,244679,52260,"5800","3580","33640","5410"
"309","MI",2011,39.2,9876187,7830903,1388139,54719,242232,2118,105245,252831,447420,1037602,473641,112135,64891,1693294,45981,4821613,629735,739,118100,1579626,1828003,2787603,1387870,2293085,36940,"2780","2660","24660","3800"
"310","MI",2012,39.5,9883360,7840426,1388360,56356,248093,1829,93952,254344,454918,1062110,490025,103848,67420,1685178,46859,4829177,544045,748,115700,1581936,1810458,2780720,1442623,2267623,35970,"2880","2440","23520","4240"
"311","MI",2013,39.6,9895622,7829056,1378237,53720,266406,2267,100087,265849,465419,1089029,514299,104552,79507,1648436,48273,4846296,476509,768,117500,1598683,1797531,2768886,1486783,2243739,34570,"2900","2310","22240","4540"
"312","MI",2014,39.6,9909877,7816586,1375194,55729,281404,2260,121859,256845,475095,1105362,529318,115303,77356,1568844,49847,4848831,400797,788,125700,1609804,1782158,2763212,1531067,2223636,34700,"3110","2300","21890","4840"
"313","MI",2015,39.7,9922576,7801483,1378111,53668,293157,3757,120463,271937,485972,1145546,535769,111288,77870,1529645,51084,4862037,349396,803,137500,1615132,1768238,2760741,1570641,2207824,35280,"3260","2350","22140","4940"
"314","MI",2016,39.7,9928300,7793481,1363336,51161,292514,2967,118621,306220,491430,1162737,547241,119229,80623,1451936,52492,4890801,304288,818,147100,1631759,1751526,2744767,1609065,2191183,36320,"3520","2480","22330","5280"
"315","MI",2017,39.8,9962311,7814775,1374615,53461,308052,2951,113928,294529,504398,1201375,588250,119225,76714,1377766,54909,4945632,291020,835,155700,1641531,1749363,2730443,1665113,2175861,37640,"3690","2610","23130","5490"
"316","MI",2018,39.8,9995915,7825285,1376751,53012,325828,3907,118467,292665,517381,1239251,590176,120783,81683,1373349,56697,4973988,265532,861,162500,1651085,1767634,2692478,1720453,2164265,37590,"3770","2710","22630","5800"
"317","MI",2019,39.8,9986857,7812165,1371069,57785,327230,2078,114190,302340,525973,1252685,606220,126447,85443,1269062,59584,5005268,250252,888,169600,1638870,1786584,2652172,1766409,2142822,40160,"3980","2860","24760","5910"
"318","MI",2020,NA,NA,NA,NA,NA,NA,NA,NA,NA,NA,NA,NA,NA,NA,NA,NA,NA,NA,NA,NA,NA,NA,NA,NA,NA,41110,"4150","2520","25960","6030"
"319","MI",2021,40.2,10050811,7438013,1345050,51188,322255,2512,192299,699494,559716,1338162,649768,130768,89472,1286329,63498,4960466,342848,969,199100,1584587,1871320,2619683,1823284,2151937,43030,"4410","2600","27490","6070"
"320","MI",2022,40.3,10034118,7422249,1325693,46016,337376,2454,187360,712970,572405,1361139,651795,134069,94849,1315899,66986,5034322,234094,1052,224400,1597599,1885920,2566809,1877562,2106228,45620,"4780","2980","28920","6070"
"321","MI",2023,40.5,10037261,7405801,1320610,50606,340367,3064,194353,722460,598476,1395186,666196,131314,97166,1326740,69183,5048334,225337,1101,236100,1552637,1910102,2531826,1932225,2110471,46500,"5010","3360","29670","6020"
"322","MI",2024,40.4,10140459,7406982,1319957,53570,379956,4620,198661,776713,621831,1436450,684375,142540,103580,1334859,72389,5109095,229894,1168,254200,1585588,1948563,2514694,1987859,2103755,46980,"5000","3520","29620","5870"
"323","MN",2011,37.6,5344861,4577875,279142,60842,216270,763,74998,134971,257186,777339,258399,75781,41332,621970,56954,2955217,226336,787,183500,877237,1023569,1465311,701083,1277661,52110,"2500","3090","38100","4600"
"324","MN",2012,37.6,5379139,4596694,287165,56230,226902,2336,73363,136449,264025,807626,272778,72103,42833,598371,58906,2972839,186027,813,178400,867952,1041305,1462172,729910,1277800,51310,"2700","2960","37190","5020"
"325","MN",2013,37.7,5420380,4596087,294527,59184,234013,1753,88055,146761,266850,813237,279738,75405,48503,592422,60702,2991160,162880,832,180100,871762,1045025,1466281,754718,1282594,50470,"2990","2870","36250","5310"
"326","MN",2014,37.8,5457173,4606959,312432,56934,250352,2392,85069,143035,276440,834094,295956,75732,52752,611354,61481,3005705,141188,859,188300,868330,1056206,1471696,777833,1283108,50660,"3260","2930","35870","5550"
"327","MN",2015,37.9,5489594,4614799,320267,55212,258839,1570,83169,155738,282040,847584,305569,78232,52622,546431,63488,3039536,126360,888,2e+05,867166,1060243,1474329,804958,1282898,51110,"3550","2970","35900","5730"
"328","MN",2016,37.9,5519952,4596566,331308,63229,258899,1452,111852,156646,288460,860125,304937,78752,53170,533276,65599,3038164,116518,912,211800,870077,1061170,1469747,830335,1288623,51850,"3690","3080","36040","5980"
"329","MN",2017,37.9,5576606,4610465,361130,60803,273194,2044,110733,158237,296666,888880,330787,86812,55647,517476,68388,3070881,110757,939,224000,874286,1086065,1459569,858904,1297782,53260,"3950","3200","36950","6100"
"330","MN",2018,38.2,5611179,4629375,367653,60983,273126,2396,102814,174832,308013,920850,337189,86399,53690,529077,70315,3078157,104622,969,235400,875429,1098982,1446087,888634,1302047,54190,"4130","3290","37460","6280"
"331","MN",2019,38.4,5639632,4627588,370291,57414,285630,2753,109373,186583,314217,942830,350476,85082,54838,494683,74593,3109179,98727,1016,246700,870803,1114925,1429744,921491,1302669,55380,"4220","3380","38510","6310"
"332","MN",2020,NA,NA,NA,NA,NA,NA,NA,NA,NA,NA,NA,NA,NA,NA,NA,NA,NA,NA,NA,NA,NA,NA,NA,NA,NA,56390,"4320","2910","40160","6300"
"333","MN",2021,38.8,5707390,4436857,388575,48309,289783,1904,150539,391423,332039,993883,367967,93091,61485,519731,77720,3109756,151805,1113,285400,864134,1148747,1426256,959272,1308981,59160,"4440","3000","42840","6400"
"334","MN",2022,39,5717184,4415751,398326,54420,295892,2821,167186,382788,333830,995083,378864,94114,65650,540079,82338,3108458,99831,1200,314600,873447,1161394,1399083,995047,1288213,62240,"4570","3410","45080","6310"
"335","MN",2023,39.1,5737915,4399202,412927,53531,298422,3677,161982,408174,366967,1022673,388506,94854,70173,520602,85086,3143975,95655,1264,328600,860629,1165185,1391198,1025928,1294975,62680,"4700","3740","45500","6250"
"336","MN",2024,39.2,5793151,4398985,438523,55851,304164,3578,167125,424925,388435,1036960,393387,95661,68184,529398,87117,3174343,118033,1291,344600,881723,1184203,1380128,1056273,1290824,63050,"4690","3880","45410","6110"
"337","MO",2011,38,6010688,4991510,688379,22326,96187,5692,61460,145134,216372,656222,278278,67613,42869,920118,45247,3026952,284895,708,136900,989912,1123114,1629363,854604,1413695,36450,"2760","2500","24830","3760"
"338","MO",2012,38.2,6021988,4981999,691631,28000,102180,4480,70872,142826,221519,670388,284631,65321,42330,947792,45321,3024519,259942,706,135000,992207,1124207,1617543,884325,1403706,36410,"2980","2450","24400","4180"
"339","MO",2013,38.1,6044171,5003971,692288,22797,102626,5491,65011,151987,229748,685991,293327,63486,48201,931066,46931,3035251,226716,734,133200,997266,1120933,1618539,908358,1399075,35550,"3090","2330","23490","4370"
"340","MO",2014,38.5,6063589,4990271,711601,26387,107426,3763,73680,150461,233325,696669,307730,68066,48246,908628,48363,3009857,204211,754,138500,989049,1134422,1615726,931890,1392502,35890,"3380","2350","23240","4620"
"341","MO",2015,38.4,6083672,5011327,709969,25808,114889,6199,65614,149866,240413,706922,320428,67649,45861,875495,50238,3042538,162229,763,147800,992536,1131311,1616311,950948,1392566,36510,"3700","2410","23290","4760"
"342","MO",2016,38.4,6093000,5011507,702946,30888,117335,9193,71031,150100,243567,729511,324191,70157,48791,826954,51746,3042309,149445,771,151400,990913,1127841,1607203,976979,1390064,37170,"3950","2490","23270","5000"
"343","MO",2017,38.5,6113532,5013597,698380,25567,124518,8956,81237,161277,255803,743797,333121,74909,54012,795732,53578,3061464,141163,800,156700,993666,1125556,1596380,1010269,1387661,38420,"4180","2620","23940","5140"
"344","MO",2018,38.8,6126452,5035197,704327,27705,121417,7385,56557,173864,253474,754906,351868,77529,51591,786330,54478,3049456,127857,830,162600,988060,1139354,1586238,1035074,1377726,39060,"4320","2690","24150","5270"
"345","MO",2019,38.9,6137428,5022939,703058,25516,127154,10214,76294,172253,264334,775808,361205,78328,55940,770175,57409,3058521,116062,834,168000,979983,1159019,1567788,1057943,1372695,40380,"4460","2800","25090","5370"
"346","MO",2020,NA,NA,NA,NA,NA,NA,NA,NA,NA,NA,NA,NA,NA,NA,NA,NA,NA,NA,NA,NA,NA,NA,NA,NA,NA,41470,"4560","2500","26400","5480"
"347","MO",2021,39.2,6168187,4775960,666815,22046,124164,7157,103344,468701,281445,823215,382906,79995,54527,761311,61847,3081928,142497,882,198300,951295,1203663,1544924,1084768,1383537,43310,"4740","2570","27970","5570"
"348","MO",2022,39.1,6177957,4796965,661117,16919,135056,7691,110452,449757,291763,835865,381114,86312,60726,791030,64811,3103274,115407,954,221200,978036,1204632,1519362,1113136,1362791,45910,"4870","2890","29750","5610"
"349","MO",2023,39.3,6196156,4818167,668809,19497,128330,10004,108692,442657,325288,860267,398623,90881,64213,720210,68545,3180243,108893,1019,233600,960468,1215606,1510246,1138497,1371339,47000,"4990","3270","30840","5500"
"350","MO",2024,39.4,6245466,4845736,653876,21364,141648,9070,117967,455805,346700,866234,414880,84355,74907,745363,71589,3185720,103542,1067,254400,974798,1236001,1498665,1169201,1366801,47890,"5060","3440","31080","5430"
"351","MS",2011,36.1,2978512,1770546,1115359,11815,27077,108,19265,34342,81113,240726,95403,25780,17716,650524,36919,1332465,151170,689,99900,504149,569593,765806,387023,751941,27050,"3030","1760","15120","3560"
"352","MS",2012,36.2,2984926,1768736,1123620,12591,23923,399,22805,32852,80121,249319,105946,24029,15722,698252,37095,1345627,152580,666,99800,507711,567157,759665,402724,747669,27680,"3370","1740","15000","4130"
"353","MS",2013,36.6,2991207,1764640,1128280,13314,28159,268,24277,32269,80455,248488,104166,23099,17653,695915,37963,1338290,141506,708,97500,505620,574063,760019,414365,737140,27070,"3530","1650","14430","4250"
"354","MS",2014,36.7,2994079,1761195,1132556,12252,24009,458,25266,38343,80566,254250,112856,26090,17757,623113,39680,1339521,130935,711,104000,505658,574887,753668,427313,732553,27710,"3890","1650","14340","4630"
"355","MS",2015,37,2992333,1758586,1128475,11723,30540,834,26315,35860,85758,253036,111893,24201,17469,637128,40593,1324308,117629,724,112700,503404,567993,751968,440961,728007,28650,"4270","1740","14530","4880"
"356","MS",2016,37.2,2988726,1748734,1134958,13260,26708,631,30583,33852,86733,264865,113113,27550,20735,602768,41754,1330706,102894,728,113900,501342,560421,754176,449634,723153,29430,"4590","1850","14570","5210"
"357","MS",2017,37.5,2984100,1735887,1134333,13746,27694,1095,30914,40431,86035,265220,117007,27568,18702,571219,43529,1319719,92744,742,120200,498012,552819,752997,465719,714553,30920,"4840","2020","15230","5510"
"358","MS",2018,37.7,2986530,1735455,1135599,13234,26142,1372,29778,44950,87126,284701,122992,31636,19365,567645,44717,1326206,94796,777,123300,502111,561137,743137,474423,705722,32100,"5010","2110","15710","5870"
"359","MS",2019,38.3,2976149,1726970,1130608,14634,31154,175,28944,43664,90143,270712,124266,26929,19844,564192,45792,1328569,87817,777,128200,488160,557742,745023,486804,698420,33140,"5220","2240","16260","5900"
"360","MS",2020,NA,NA,NA,NA,NA,NA,NA,NA,NA,NA,NA,NA,NA,NA,NA,NA,NA,NA,NA,NA,NA,NA,NA,NA,NA,34060,"5460","2080","17040","6060"
"361","MS",2021,38.6,2949965,1654011,1064950,15648,24909,577,40404,149466,93868,303656,131795,29196,23016,554152,48716,1311618,84002,831,145600,466007,563885,731243,496945,691885,35800,"5780","2150","18310","6110"
"362","MS",2022,38.9,2940057,1638190,1075313,13939,25575,684,51083,135273,97177,297480,136302,28384,24020,544104,52719,1322376,64814,873,162500,469072,562990,718726,513184,676085,38130,"5990","2450","19650","6160"
"363","MS",2023,39.3,2939690,1635244,1047345,15229,27849,1434,59734,152855,109884,307215,142556,31355,24546,512184,54203,1343059,64637,898,169800,457904,566161,723899,516492,675234,39510,"6280","2780","20750","6330"
"364","MS",2024,39.3,2943045,1635264,1055971,14801,36241,505,59068,141195,118529,323161,149384,33649,29725,507719,59127,1377664,63438,990,186500,465136,555142,719423,531347,671997,40310,"6470","2940","20810","6360"
"365","MT",2011,39.7,998199,891294,4305,66644,5714,968,5149,24125,29331,132946,38774,10426,8772,144054,44222,521313,41325,650,184100,161783,172366,290003,150976,223071,39510,"2790","2710","27730","3420"
"366","MT",2012,40.2,1005141,896467,3605,65148,6442,1183,6526,25770,31465,138862,42619,13022,7426,152199,45076,519990,37280,681,184800,160632,176143,289641,158585,220140,39880,"3000","2630","27700","3750"
"367","MT",2013,39.6,1015165,904740,3221,69216,6548,491,5053,25896,33181,135518,44501,12062,7707,163637,46972,516204,33601,690,190100,165131,178113,282745,165080,224096,39460,"3110","2500","27250","3840"
"368","MT",2014,39.6,1023579,914571,5812,70035,8176,276,2856,21853,34668,135401,48606,11287,8545,153954,46328,520318,25696,711,196800,165035,181386,282383,170153,224622,40820,"3380","2530","27980","4090"
"369","MT",2015,39.9,1032949,918701,4725,65106,9071,1034,7142,27170,37302,144135,50044,11866,10129,147287,49509,513209,23334,763,209500,163293,184390,280108,178931,226227,40360,"3630","2590","27150","4080"
"370","MT",2016,40.1,1042520,927374,3949,66231,8432,578,3738,32218,37090,148944,48718,14909,8035,135638,50027,529223,25373,741,217200,163651,184683,281631,183881,228674,42240,"3800","2730","28710","4000"
"371","MT",2017,40,1050493,930548,4635,64908,7366,1150,7788,34098,38933,157326,53533,13596,9362,127777,53386,538121,18844,759,231300,164205,190428,275749,190216,229895,44200,"4080","2840","29880","4360"
"372","MT",2018,40.1,1062305,941438,5056,68013,8517,990,5828,32463,41605,152448,57723,14939,8295,135114,55328,542061,19003,811,249200,165233,193985,272883,200239,229965,44960,"4240","2940","30220","4670"
"373","MT",2019,40.5,1068778,940423,7787,67603,8927,224,7297,36517,40328,171309,52425,14847,10567,131882,57153,542265,22004,831,253600,168867,197028,268450,207909,226524,46660,"4340","3060","31550","4620"
"374","MT",2020,NA,NA,NA,NA,NA,NA,NA,NA,NA,NA,NA,NA,NA,NA,NA,NA,NA,NA,NA,NA,NA,NA,NA,NA,NA,48380,"4580","2740","33350","4720"
"375","MT",2021,40.1,1104271,939189,5703,63896,10309,397,14733,70044,47420,171377,64867,17438,13138,128123,63249,549441,21876,883,322800,170069,212952,269105,217298,234847,51790,"4740","2840","36390","4720"
"376","MT",2022,40.2,1122867,955850,3663,60257,7952,1612,16993,76540,49830,179708,65526,14504,12004,133233,67631,577037,17433,1005,366400,175743,219885,266921,226136,234182,55440,"4760","3210","39020","4810"
"377","MT",2023,40.6,1132812,958655,4767,63693,9266,327,14547,81557,52520,180347,65181,17822,12185,129804,70804,578080,15708,1083,392300,170738,226011,268551,231950,235562,57070,"4940","3550","40430","4550"
"378","MT",2024,41.3,1137233,962408,3515,61550,9405,1248,11549,87558,55506,195240,68347,17037,11420,113684,75340,589412,17462,1177,425400,172905,224311,268579,241423,230015,56980,"4950","3710","39800","4470"
"379","NC",2011,37.7,9656401,6768523,2091558,111633,211328,4132,264372,204855,828104,1136478,417351,95066,73579,1680963,43916,4751695,555887,745,153700,1582341,1951410,2557552,1275956,2289142,43340,"3260","2900","30230","3050"
"380","NC",2012,37.8,9752073,6817441,2107908,113280,227727,5568,255939,224210,844896,1170056,436058,92150,77594,1713132,45150,4785076,516566,756,150100,1601535,1959267,2560569,1346700,2284002,42950,"3520","2590","29520","3420"
"381","NC",2013,37.9,9848060,6811501,2121712,112630,238502,6661,320910,236144,867205,1211484,468270,98672,86563,1715397,45906,4820861,465380,778,154300,1625114,1960398,2573662,1404718,2284168,41540,"3660","2470","28150","3750"
"382","NC",2014,38.3,9943964,6869207,2154387,111276,246721,5768,322251,234354,890601,1239857,481543,103494,87670,1668686,46556,4849396,404407,803,155000,1634558,1956817,2600872,1461149,2290568,41720,"3950","2500","27730","4010"
"383","NC",2015,38.4,10042802,6934715,2172492,120513,268322,4990,300313,241457,911674,1277412,511174,110281,92190,1607835,47830,4886759,335787,827,160100,1656798,1946326,2636083,1515545,2288050,41880,"4290","2600","27480","4280"
"384","NC",2016,38.7,10146788,6989065,2182212,120843,275428,6081,304293,268866,931110,1345615,543876,114036,87578,1521880,50584,4955312,309063,839,165400,1654230,1944035,2683038,1568591,2296894,42840,"4640","2710","27390","4650"
"385","NC",2017,38.8,10273419,7066745,2206579,119909,295672,8385,309141,266988,962466,1406739,571243,121058,91639,1471339,52752,5049839,266777,861,171200,1682805,1955665,2703761,1629998,2301190,44780,"4910","2880","28590","4950"
"386","NC",2018,38.9,10383620,7098569,2222533,120845,306682,10218,326630,298143,995529,1454678,585019,126564,100540,1417873,53855,5125646,254808,900,180600,1706115,1971217,2720856,1688574,2296858,45840,"5040","2990","29120","5240"
"387","NC",2019,39.1,10488084,7144510,2253481,126708,309905,6878,351465,295137,1022995,1471420,615828,131379,102558,1386122,57341,5174709,236872,931,193200,1722061,1999298,2721818,1750935,2293972,47260,"5230","3120","30100","5470"
"388","NC",2020,NA,NA,NA,NA,NA,NA,NA,NA,NA,NA,NA,NA,NA,NA,NA,NA,NA,NA,NA,NA,NA,NA,NA,NA,NA,48480,"5360","2810","31620","5550"
"389","NC",2021,39.4,10551162,6587453,2118333,116742,325011,5915,512545,885163,1070001,1573681,701259,143710,111007,1378621,61972,5190304,300438,1026,236900,1679871,2053514,2721662,1796369,2299746,51130,"5600","2880","33980","5670"
"390","NC",2022,39.2,10698973,6650422,2182651,117734,345105,10468,542221,850372,1114799,1678483,708100,139874,121542,1329157,67481,5335954,200647,1131,280600,1728600,2102438,2708393,1866614,2292928,55370,"5810","3250","37100","5690"
"391","NC",2023,39.4,10835491,6649865,2183004,112791,361232,5332,619020,904247,1236873,1718641,752751,156768,126761,1349302,70804,5449906,219760,1245,308600,1725998,2148119,2723519,1915356,2322499,57650,"6000","3720","38930","5710"
"392","NC",2024,39.4,11046024,6720153,2189327,129569,400663,8442,617585,980285,1324570,1729048,814143,156731,140002,1349479,73958,5592551,223064,1338,333000,1767727,2219193,2728898,1980690,2349516,58900,"6010","3970","39440","5680"
"393","ND",2011,36.6,683932,614327,6857,38515,7070,147,4362,12654,14923,86615,21053,6100,4132,80882,51704,382841,12011,626,128600,134967,118260,180971,98456,151278,32610,"3050","2640","19030","4150"
"394","ND",2012,36.2,699628,626192,10202,37301,6737,1190,3916,14090,16672,89629,25163,7503,5580,75703,53585,392094,13065,644,142500,139119,124843,180606,100962,154098,34980,"3470","2560","20570","4670"
"395","ND",2013,35.5,723393,643478,10827,40214,9096,371,4620,14787,17631,93470,23965,5248,4255,82398,55759,401046,10399,690,155400,147839,130015,182296,102550,160693,36320,"3870","2450","21580","4770"
"396","ND",2014,35.1,739482,654375,14910,39669,8899,173,4680,16776,20618,94873,24779,6226,5438,82264,59029,403774,12130,728,161800,149081,134215,183981,104679,167526,38040,"4190","2500","22660","4870"
"397","ND",2015,34.9,756928,667900,15681,37745,10104,445,6119,18934,26059,105625,24169,7182,6427,80170,60557,415475,10886,775,180900,153347,140890,184020,107357,171314,39510,"4510","2680","23790","5040"
"398","ND",2016,35,757953,660919,19250,41649,9200,233,5114,21588,26434,107578,28550,5718,4477,78464,60656,419151,11782,776,184100,149751,140946,182810,109851,174595,40660,"4910","2810","24980","4910"
"399","ND",2017,35.4,755393,654116,23294,41706,12699,540,8251,14787,26479,108045,30784,7948,5662,75279,61843,419182,12307,785,194700,145999,144139,179450,112669,173136,42230,"5020","2970","26100","5240"
"400","ND",2018,35.4,760077,651687,25896,41270,13749,339,9569,17567,27444,110664,26850,6960,4136,78676,63837,412509,11691,808,198700,145890,146300,176740,116433,174714,44140,"5290","3100","27470","5510"
"401","ND",2019,35.5,762062,653910,22256,40970,10669,2792,6320,25145,30486,108527,31714,6772,6384,78112,64577,416619,10920,804,205400,144917,149675,170587,120177,176706,45550,"5530","3200","28490","5500"
"402","ND",2020,NA,NA,NA,NA,NA,NA,NA,NA,NA,NA,NA,NA,NA,NA,NA,NA,NA,NA,NA,NA,NA,NA,NA,NA,NA,45710,"5670","2970","29740","4590"
"403","ND",2021,35.8,774948,644265,22561,35955,11255,1792,11984,47136,32043,113314,33528,7136,6869,83350,66519,406228,11627,839,224400,140420,156100,171999,123840,182589,48250,"5800","2990","31050","5670"
"404","ND",2022,36.2,779261,648124,25514,34458,12314,2745,15286,40820,34233,115034,33321,9547,5939,86192,71970,417556,8993,863,243100,141037,161684,165282,130293,180965,51360,"5930","3410","33250","5470"
"405","ND",2023,36.3,783926,647059,24479,34505,11814,1664,12173,52232,38229,121205,38274,7181,7814,73841,76525,422155,12089,916,246700,144127,161729,164515,133955,179600,51190,"6180","3700","33200","5290"
"406","ND",2024,36.7,796568,653171,29903,33953,15416,721,10368,53036,39853,124671,37611,10774,7301,85442,77871,427335,8163,980,266100,144421,168176,165649,140295,178027,52380,"6630","3850","33600","5180"
"407","NE",2011,36.3,1842641,1624885,83693,17985,34517,693,40493,40375,173430,225822,73911,19852,14542,234710,50296,1006874,63231,673,127400,313154,339364,479700,249797,460626,35840,"2860","2590","24450","3890"
"408","NE",2012,36.3,1855525,1634952,85483,15818,36670,1227,42754,38621,178884,233054,83862,20030,12716,233973,50723,1010363,53727,692,128300,311742,346331,477678,256972,462802,36360,"3080","2520","24400","4200"
"409","NE",2013,36.3,1868516,1650358,86010,14405,37356,1654,35871,42862,183182,238160,81414,22745,14473,239433,51440,1012431,46652,714,132700,313653,351213,475270,264628,463752,35170,"3190","2410","23260","4300"
"410","NE",2014,36.2,1881503,1660976,88620,17959,38892,1056,30095,43905,190280,247729,82051,18375,13614,227310,52686,1024201,42752,742,133800,312655,358346,471948,270677,467877,35620,"3410","2440","23170","4510"
"411","NE",2015,36.1,1896190,1671988,90535,17360,39906,1221,31466,43714,196968,244556,90029,21162,16541,231321,54996,1019543,32754,750,141600,313189,364886,468794,278691,470630,36820,"3660","2510","23820","4710"
"412","NE",2016,36.3,1907116,1674863,89879,15865,41548,1227,38348,45386,202449,261931,90070,22938,16033,211453,56927,1025545,37751,769,148100,313170,364706,469865,285290,474085,37720,"3860","2640","24030","4850"
"413","NE",2017,36.5,1920076,1677092,88952,15619,47118,1244,38823,51228,209917,263330,95439,23353,16658,200909,59970,1043919,34967,801,155800,316032,365221,469321,294905,474597,39400,"4030","2790","25250","5000"
"414","NE",2018,36.7,1929268,1666990,91221,18555,45779,1289,46473,58961,214483,269675,100126,23436,17493,206341,59566,1035219,35872,830,161800,316106,373487,460791,303998,474886,40310,"4160","2870","25680","5080"
"415","NE",2019,36.8,1934408,1666763,94659,18964,47740,1850,51049,53383,219472,277159,104377,24092,16959,185761,63229,1043090,34133,859,172700,318276,370249,458492,312295,475096,41610,"4250","3000","26660","5170"
"416","NE",2020,NA,NA,NA,NA,NA,NA,NA,NA,NA,NA,NA,NA,NA,NA,NA,NA,NA,NA,NA,NA,NA,NA,NA,NA,NA,42350,"4410","2680","27640","5270"
"417","NE",2021,37.2,1963692,1540520,91635,23547,45285,594,91015,171096,233800,286510,110814,27169,20768,205852,66817,1046926,27826,912,204900,317362,382697,458598,322833,482202,44750,"4620","2730","29800","5280"
"418","NE",2022,37.4,1967923,1543454,92208,19656,49557,1239,87534,174275,241898,293346,110690,27097,19384,215838,69597,1049579,24470,983,232400,319948,388075,450306,334897,474697,47580,"4820","3050","31830","5200"
"419","NE",2023,37.4,1978379,1536324,90106,21484,48781,430,102439,178815,255448,298782,113876,29264,19358,202078,74590,1069514,28376,1042,245200,318188,390679,449993,340925,478594,47980,"4930","3380","32300","5030"
"420","NE",2024,37.4,2005466,1536801,96111,25488,55380,1663,92000,198023,271524,296206,124747,26411,21780,212793,76376,1081853,36785,1102,263100,327887,397816,452062,348052,479649,48810,"5030","3550","32480","5120"
"421","NH",2011,41.5,1318194,1240868,14655,2154,29002,117,8756,22642,38497,191748,84488,14658,14419,112715,62647,735366,50560,939,237500,197726,247074,409135,184590,279669,53330,"3470","3450","37660","4370"
"422","NH",2012,41.9,1320718,1241905,16515,2321,29743,191,5827,24216,40138,201804,87156,15364,13567,128466,63280,740064,47922,967,236000,201771,240980,408848,194097,275022,52970,"3740","3370","36870","4630"
"423","NH",2013,42.3,1323459,1236757,16100,3082,31156,106,10869,25389,41805,202495,87955,15513,13482,111495,64230,739152,44644,995,233300,203753,236414,409157,202960,271175,51880,"3960","3200","35640","4860"
"424","NH",2014,42.5,1326813,1239410,17009,2339,33974,437,6252,27392,42452,201723,92567,17685,14055,117983,66532,742710,37863,994,236400,206483,235908,407689,209447,267286,51690,"4320","3170","34860","5000"
"425","NH",2015,42.8,1330608,1245262,21292,1561,34014,254,5663,22562,44355,205513,97780,17948,13072,106046,70303,744971,31658,1017,244500,208026,233766,407128,218357,263331,52270,"4730","3220","34800","5260"
"426","NH",2016,42.7,1334795,1247155,16671,1450,32679,66,8057,28717,47271,213461,101003,19392,12822,94289,70936,746865,26942,1026,251100,208592,231858,407572,226932,259841,53510,"5020","3310","35320","5580"
"427","NH",2017,43.2,1342795,1249751,22409,1785,35663,560,4518,28109,50393,216750,104196,18725,14221,99966,73381,756933,28888,1072,263600,208818,233341,406120,236321,258195,54570,"5220","3420","35930","5900"
"428","NH",2018,43.1,1356458,1253931,23432,3562,36048,515,9013,29957,52648,217282,104805,20170,15322,100220,74991,755907,26906,1090,270000,213064,237305,402805,245156,258128,55650,"5360","3530","36760","5860"
"429","NH",2019,43,1359711,1258576,22000,1727,35807,713,10683,30205,54182,224636,109702,20508,13391,95711,77933,758102,22609,1147,281400,209879,243777,396888,253147,256020,56640,"5560","3630","37480","5890"
"430","NH",2020,NA,NA,NA,NA,NA,NA,NA,NA,NA,NA,NA,NA,NA,NA,NA,NA,NA,NA,NA,NA,NA,NA,NA,NA,NA,57780,"5640","3210","39170","5960"
"431","NH",2021,43.1,1388992,1221431,20291,1550,36422,39,19983,89276,60323,247356,121904,20062,16493,97403,88465,773673,27923,1263,345200,211688,257512,395797,267741,256254,60020,"5860","3240","41370","5860"
"432","NH",2022,43.3,1395231,1221437,19004,1697,36649,848,24916,90680,63479,252073,131091,19969,20137,98057,89992,773372,19642,1396,384700,205635,267175,388745,281983,251693,63230,"5980","3640","43580","5940"
"433","NH",2023,43.4,1402054,1227179,21445,2123,36003,231,17190,97883,65450,253142,123644,24410,18905,97935,96838,786023,20151,1517,415400,204140,272195,385046,289958,250715,64640,"6160","4140","44570","5950"
"434","NH",2024,43.6,1409032,1233738,21273,2802,37847,337,22629,90406,70912,258359,130535,23401,18680,98596,99782,791352,21972,1558,458800,204143,275552,377936,303232,248169,65540,"6100","4360","44800","5840"
"435","NJ",2011,39.2,8821155,6104543,1182905,21103,747620,3365,544803,216816,1600690,1322225,569427,138976,88275,897376,67458,4662195,509682,1135,324900,1330850,1782360,2458742,1206778,2042425,61700,"3090","3690","45470","3980"
"436","NJ",2012,39.4,8864590,6111675,1207688,21574,775176,2606,523067,222804,1641399,1359609,597429,147947,87198,934943,69667,4677567,471538,1148,311600,1346783,1768848,2471907,1250314,2026738,60600,"3180","3650","44300","4330"
"437","NJ",2013,39.4,8899339,6068475,1215836,16422,801879,1633,577756,217338,1684014,1374616,615250,146050,89953,998549,70165,4677032,424406,1171,307700,1357214,1757130,2478691,1284407,2021897,57880,"3230","3460","41950","4710"
"438","NJ",2014,39.4,8938175,6053656,1212054,15270,827493,2595,621199,205908,1729172,1415973,633971,146463,94861,972903,71919,4725817,355865,1202,313200,1366609,1756042,2491202,1312125,2012197,57600,"3410","3510","41280","4970"
"439","NJ",2015,39.6,8958013,6060267,1198613,16870,849240,3556,585855,243612,1762179,1437307,638113,151341,91312,946114,72222,4684036,309500,1214,322600,1365364,1748277,2502556,1342951,1998865,55800,"3630","3620","39100","5200"
"440","NJ",2016,39.5,8944469,6090908,1194585,20185,854181,3754,543530,237326,1786669,1460518,670786,153171,95327,915913,76126,4693391,282998,1244,328200,1365229,1732079,2490567,1372155,1984439,56420,"3800","3730","39240","5530"
"441","NJ",2017,39.8,9005644,6112238,1217572,17843,886261,3771,538371,229588,1840433,1506899,712061,161480,96267,882673,80088,4746329,252810,1284,334900,1374244,1740251,2495881,1416472,1978796,57830,"3910","3910","40320","5720"
"442","NJ",2018,40,8908520,5956539,1207995,21131,868213,2909,604334,247399,1839359,1535321,707352,176756,105563,832133,81740,4718206,230383,1336,344000,1347918,1719038,2452270,1438289,1951005,58590,"4020","4040","40630","6090"
"443","NJ",2019,40.2,8882190,5964295,1203843,18440,856561,3254,571368,264429,1856845,1555781,720869,167040,108075,798262,85751,4717175,220476,1376,348800,1329886,1715613,2423592,1475075,1938024,59100,"4160","4170","41020","6210"
"444","NJ",2020,NA,NA,NA,NA,NA,NA,NA,NA,NA,NA,NA,NA,NA,NA,NA,NA,NA,NA,NA,NA,NA,NA,NA,NA,NA,59470,"4220","3590","42200","6320"
"445","NJ",2021,40.3,9267130,5062888,1194085,35727,925055,3664,925479,1120232,1991635,1664353,829918,182026,114349,930602,89296,4903656,395137,1457,389800,1351297,1829354,2501982,1563621,2020876,62350,"4500","3700","44900","6330"
"446","NJ",2022,40.4,9261699,5008587,1169436,43680,934091,1988,976636,1127281,2028470,1679895,834955,187268,119490,882045,96346,4957313,249523,1555,428900,1364378,1842462,2452956,1611726,1990177,66800,"4820","4220","48120","6440"
"447","NJ",2023,40.4,9290841,4967669,1175323,77807,948862,2409,975536,1143235,2105350,1712683,835978,183006,118618,886772,99781,5023152,237647,1667,461000,1338131,1853758,2443010,1646777,2009165,67700,"5050","4750","48690","6550"
"448","NJ",2024,40.1,9500851,4972387,1225718,67634,1013268,3366,1072103,1146375,2229464,1756497,895372,183885,129778,859029,104294,5145349,278179,1800,496000,1391463,1923157,2435991,1706665,2043575,68440,"5090","4950","48700","6530"
"449","NM",2011,36.6,2082224,1492790,44365,190825,25637,1171,263221,64215,973051,195527,102579,21793,26096,439914,41963,979399,109626,729,159000,350848,379132,551434,283057,517753,39530,"3770","2600","27410","3010"
"450","NM",2012,36.8,2085538,1499853,42843,192903,27714,1431,255095,65699,979724,202552,106967,22244,23525,426245,42558,970121,99454,753,157500,352708,379649,543075,294258,515848,39470,"3990","2540","26940","3360"
"451","NM",2013,36.9,2085287,1569585,41733,189392,28274,1622,185279,69402,986553,204226,110651,20788,23703,448461,43872,960616,88129,772,159200,350817,383758,535471,307157,508084,37670,"4090","2360","25430","3490"
"452","NM",2014,37.2,2085572,1525459,41277,198450,31566,592,224820,63408,994154,206947,110475,19348,26164,436153,44803,958074,83321,777,158400,349867,383621,533920,318086,500078,37920,"4500","2390","25140","3550"
"453","NM",2015,37.4,2085109,1530670,47873,193512,29282,1355,211620,70797,1001264,198116,115927,24107,26312,417834,45382,950312,70505,783,164100,344924,382319,527856,330594,499416,37990,"4910","2460","24670","3620"
"454","NM",2016,37.7,2081015,1539634,41043,194133,32346,1428,206526,65905,1009876,215691,116006,22128,24408,404463,46748,952015,71339,804,167500,342323,384129,522988,342061,489514,38250,"5220","2550","24290","3760"
"455","NM",2017,37.7,2088070,1582020,44431,199887,29427,1684,161056,69565,1018344,211995,115804,25580,23121,401755,46744,931157,61065,813,171300,343964,387116,517339,349929,489722,38680,"5190","2650","24580","3810"
"456","NM",2018,38.1,2095428,1599938,46064,200659,34155,2465,144961,67186,1029229,221735,119066,24619,26292,399456,47169,931954,56803,830,174700,338861,395263,512587,368480,480237,39650,"5420","2740","24990","4070"
"457","NM",2019,38.6,2096829,1549953,48337,199341,36549,924,189281,72444,1032950,221281,119825,25708,27784,373230,51945,960264,52489,847,180900,340008,397457,507784,377730,473850,41000,"5690","2860","25810","4100"
"458","NM",2020,NA,NA,NA,NA,NA,NA,NA,NA,NA,NA,NA,NA,NA,NA,NA,NA,NA,NA,NA,NA,NA,NA,NA,NA,NA,41800,"5790","2510","26950","4150"
"459","NM",2021,39.1,2115877,955024,42824,197031,34739,1350,302384,582525,1059236,231745,141079,30534,32572,382798,53992,953327,74721,906,214000,332800,414156,505316,391797,471808,42930,"5320","2540","28590","4180"
"460","NM",2022,39.4,2113344,979928,45057,194411,38315,1974,319316,534343,1059867,246178,139286,26893,30240,364725,59726,984151,47124,955,243100,337625,416823,498637,404784,455475,46710,"6310","2870","30610","4100"
"461","NM",2023,39.9,2114371,1004672,42385,197425,38718,3406,275715,552050,1027460,257431,141795,28465,37870,368669,62268,995436,47766,1084,256300,328560,419106,496375,421772,448558,47140,"6550","3230","30760","4100"
"462","NM",2024,39.9,2130256,987403,50050,205793,42644,1809,292071,550486,1046253,264524,144596,28311,34712,343235,67816,1007957,53097,1117,279900,332930,430324,493932,429233,443837,47920,"6780","3400","30850","4150"
"463","NV",2011,36.7,2723322,1948463,222551,32805,194695,16360,202603,105845,737221,269461,90902,31897,14615,426741,48927,1379559,174677,936,158000,444655,573283,702641,339640,663103,53370,"3330","3050","40550","2460"
"464","NV",2012,36.8,2758931,1922203,227696,31415,207736,18441,236992,114448,752051,272846,95659,27821,15471,446840,49760,1402366,172282,944,150700,450505,577905,706613,359486,664422,50090,"3490","2910","37460","2850"
"465","NV",2013,37.1,2790136,1906864,234179,30016,215121,18302,268246,117408,767054,282283,97337,27801,14679,433576,51230,1418167,155437,952,165300,452795,579947,714915,380832,661647,45270,"3650","2660","33050","2960"
"466","NV",2014,37.4,2839099,1931264,242994,30503,221841,18553,268796,125148,790038,291473,105579,29796,16615,426730,51450,1425975,127154,955,192100,461371,584793,729890,400514,662531,45180,"4010","2650","32570","3180"
"467","NV",2015,37.8,2890845,1952341,246720,33607,231566,18326,264719,143566,813394,304948,112195,28328,18210,418243,52431,1446814,115018,980,221400,463928,590227,746023,422112,668555,46260,"4440","2810","33010","3430"
"468","NV",2016,37.9,2940058,1966690,260993,34267,244373,20240,274293,139202,836626,308547,114345,32605,16278,399420,55180,1473553,98389,1003,239500,467351,599273,754171,441761,677502,47670,"4800","3000","33590","3620"
"469","NV",2017,38,2998039,1936859,274550,37910,255025,20761,333731,139203,864663,340110,120878,34858,17434,384120,58003,1514888,90032,1051,258200,472483,614485,768435,458679,683957,50320,"5020","3210","35730","3790"
"470","NV",2018,38.2,3034392,1924976,280385,44666,250137,19612,358786,155830,881145,339675,124305,36387,21467,387327,58646,1531366,85276,1108,292200,474584,621855,773613,475120,689220,52770,"5260","3390","37350","4170"
"471","NV",2019,38.4,3080156,1989116,296184,42426,261159,22587,324476,144208,900599,355837,132910,35939,24233,379564,63276,1558868,79000,1168,317800,477335,634994,778871,498219,690737,54830,"5410","3630","38900","4270"
"472","NV",2020,NA,NA,NA,NA,NA,NA,NA,NA,NA,NA,NA,NA,NA,NA,NA,NA,NA,NA,NA,NA,NA,NA,NA,NA,NA,57130,"5450","3220","41590","4490"
"473","NV",2021,38.7,3143991,1560010,288117,44661,269851,23025,406714,551613,940759,393208,151284,37186,22948,437385,66274,1577568,152875,1311,373000,471124,668004,787676,519568,697619,61150,"5710","3350","45110","4760"
"474","NV",2022,39,3177772,1561784,297866,46997,290678,21966,395323,563158,961357,390872,144438,42724,23178,390848,72333,1613389,88495,1461,434700,482301,679182,788145,538491,689653,66020,"6030","3860","48750","4670"
"475","NV",2023,39.4,3194176,1591101,298675,43557,292264,24453,419003,525123,956400,421005,158640,40980,26526,377506,76364,1631003,74416,1622,441100,471410,687324,796067,554859,684516,68040,"6190","4490","50270","4640"
"476","NV",2024,39.5,3267467,1568971,310896,45777,308815,27025,439413,566570,999427,427382,157385,49411,27030,374033,81134,1705372,107149,1709,455500,484207,712430,807774,575351,687705,68550,"6230","4820","50160","4550"
"477","NY",2011,38.1,19465197,12710382,3036099,67731,1447760,5562,1670880,526783,3496401,2467536,1342831,356937,178363,3027342,55246,9907450,948435,1058,285300,3388461,3875115,5257079,2664920,4279622,48990,"2740","3440","33770","4440"
"478","NY",2012,38.1,19570261,12767396,3046610,73392,1498346,7456,1644049,533012,3553686,2531374,1371561,359112,181715,3025016,56448,10027117,927351,1079,280900,3420559,3871260,5257971,2759461,4261010,48900,"2870","3390","33570","4770"
"479","NY",2013,38.2,19651127,12695280,3079582,73231,1554980,9962,1673398,564694,3606708,2589891,1435339,352739,195909,3055645,57369,10086197,872645,1109,277600,3433386,3872526,5276110,2829843,4239262,47360,"2930","3250","32170","5060"
"480","NY",2014,38.2,19746227,12634312,3093476,81512,1613255,4574,1746680,572418,3670289,2651150,1459502,363125,194205,3062938,58878,10085377,731222,1148,279100,3455913,3879003,5290358,2895680,4225273,47220,"3110","3270","31830","5190"
"481","NY",2015,38.3,19795791,12621132,3081333,69933,1672186,6446,1763351,581410,3725193,2727078,1474536,372093,204756,2970032,60850,10128222,654885,1173,293500,3435232,3880271,5304674,2962447,4213167,46930,"3350","3380","31240","5330"
"482","NY",2016,38.4,19745289,12530463,3080534,73052,1668036,9236,1767107,616861,3747614,2749619,1521940,391676,204577,2832824,62909,10103433,599965,1194,302400,3413623,3845760,5275739,3030781,4179386,47760,"3470","3520","31490","5550"
"483","NY",2017,38.7,19849399,12523357,3136984,76069,1734663,7397,1768858,602071,3811654,2794920,1592075,391553,201614,2722257,64894,10194438,560001,1226,314500,3391542,3878308,5265003,3161049,4153497,49030,"3560","3710","32380","5810"
"484","NY",2018,39,19542209,12375601,3069259,84312,1666113,9424,1689845,647655,3752523,2846770,1618369,412115,214212,2591391,67844,10004517,499801,1274,325500,3286410,3825494,5153555,3212065,4064685,49680,"3700","3840","32620","6090"
"485","NY",2019,39.2,19453561,12293680,3084304,73560,1680219,8277,1664223,649298,3749257,2898440,1633516,421631,212631,2467006,72108,10056194,445165,1309,338700,3226186,3836052,5073259,3295968,4022096,51280,"3780","4010","34030","6180"
"486","NY",2020,NA,NA,NA,NA,NA,NA,NA,NA,NA,NA,NA,NA,NA,NA,NA,NA,NA,NA,NA,NA,NA,NA,NA,NA,NA,51030,"3820","3410","34660","6160"
"487","NY",2021,39.8,19835913,11022836,2812364,119692,1727826,9815,2023175,2120205,3864337,3105839,1784939,449463,243446,2688587,74314,10110281,883908,1409,368800,3112973,3983092,5158945,3477337,4103566,53620,"4080","3520","37060","6180"
"488","NY",2022,40,19677151,10866983,2827785,123698,1791490,8842,2073894,1984459,3867299,3097409,1774703,429744,254705,2734819,79557,10117576,517238,1499,400400,3153040,3949676,5028601,3564596,3981238,56590,"4230","3970","39280","6090"
"489","NY",2023,40.2,19571216,10781005,2801538,131671,1785642,8566,2011783,2051011,3872146,3136170,1815030,442796,248911,2702955,82095,10107326,506633,1561,420200,3065907,3956220,4962839,3635501,3950749,57730,"4430","4470","40130","6160"
"490","NY",2024,40.1,19867248,10793935,2828127,118866,1893851,8246,2231063,1993160,4019288,3224981,1875385,454144,264555,2704799,85820,10284583,547371,1634,449800,3142143,4054393,4941004,3757173,3972535,58970,"4460","4650","40770","6100"
"491","OH",2011,39.1,11544951,9566847,1396483,19589,194814,1981,99138,266099,364018,1196897,513723,120297,79828,1845800,45749,5820387,606934,692,129600,1819385,2157489,3227871,1647834,2692372,36280,"2900","2970","23080","4220"
"492","OH",2012,39.3,11544225,9547022,1413110,21692,200878,4101,91448,265974,374276,1240747,528409,116545,75611,1824628,46829,5812492,527315,700,127600,1830328,2142556,3203848,1707568,2659925,35970,"3110","2560","22490","4640"
"493","OH",2013,39.3,11570808,9541274,1405148,18273,212547,3118,94489,295959,383113,1279678,552339,126124,82425,1796942,48081,5820829,473028,709,127000,1847094,2132373,3190592,1751963,2648786,34760,"3220","2420","21410","5000"
"494","OH",2014,39.4,11594163,9522264,1419214,22761,225438,3223,103388,297875,398706,1301747,576319,126136,88016,1785780,49308,5858014,420481,735,129100,1847872,2138567,3175216,1796868,2635640,35160,"3510","2430","21200","5320"
"495","OH",2015,39.3,11613423,9519055,1426291,21901,233468,4995,98382,309331,411202,1329009,573041,126835,86231,1674415,51075,5863639,373897,746,136400,1851152,2123167,3169742,1839554,2629808,35740,"3800","2480","21230","5510"
"496","OH",2016,39.3,11614373,9476221,1443510,18081,239025,4031,109073,324432,420081,1362205,598321,130456,88699,1645382,52334,5875897,332095,759,140100,1858538,2106291,3155659,1884914,2608971,36100,"4010","2570","20950","5780"
"497","OH",2017,39.3,11658609,9480074,1441353,23720,257518,4216,110748,340980,436762,1381934,626841,134913,87662,1582931,54021,5885356,303348,772,144200,1871075,2112079,3133842,1939616,2601997,37160,"4190","2680","21500","5980"
"498","OH",2018,39.5,11689442,9470940,1446306,25672,271762,4228,112136,358398,455918,1431014,660793,142671,91132,1578673,56111,5930011,292570,797,151100,1872552,2129286,3101005,1996163,2590436,37990,"4370","2750","21810","6220"
"499","OH",2019,39.6,11689100,9452650,1467331,23544,274585,5274,122375,343341,467589,1464945,660656,139616,91368,1484862,58642,5965597,272654,813,157200,1859063,2154250,3057392,2043548,2574847,39450,"4590","2890","22860","6320"
"500","OH",2020,NA,NA,NA,NA,NA,NA,NA,NA,NA,NA,NA,NA,NA,NA,NA,NA,NA,NA,NA,NA,NA,NA,NA,NA,NA,39960,"4710","2570","23690","6400"
"501","OH",2021,39.6,11780017,9110505,1406378,20594,283555,6580,192962,759443,505113,1536624,715694,141585,100007,1536524,62262,5922703,322494,870,180200,1820808,2238545,3014685,2102569,2603410,41740,"4940","2620","25240","6390"
"502","OH",2022,39.9,11756058,9059267,1414910,20929,294792,3799,195022,767339,517232,1578535,760014,157444,104386,1540922,65720,5984422,222415,949,204100,1820275,2261197,2947765,2168665,2558156,44210,"5180","2970","26760","6320"
"503","OH",2023,39.9,11785935,9029727,1407391,21255,302758,5172,217018,802614,566230,1578402,762453,159121,118069,1527904,67769,6027500,243399,1014,220200,1797014,2278248,2926055,2213997,2570621,44870,"5330","3290","27440","6210"
"504","OH",2024,39.8,11883304,9029891,1444642,25508,328217,6015,221958,827073,606933,1638320,760646,147932,123145,1467983,72212,6098736,243410,1090,239800,1818304,2333189,2891848,2271397,2568566,45780,"5390","3450","27780","6120"
"505","OK",2011,36.3,3791508,2792094,275392,260733,65513,5393,90736,301647,347623,396219,136076,32423,23367,633298,43225,1818689,136930,675,112600,650435,715116,972934,517390,935633,30400,"3620","2280","18980","3210"
"506","OK",2012,36.3,3814820,2805612,272820,278028,70527,3925,89408,294500,356299,393930,142002,33095,22280,637429,44312,1818434,123635,686,114300,653956,721384,967189,536007,936284,31210,"3980","2240","19090","3580"
"507","OK",2013,36.2,3850568,2815708,277016,289909,71433,5486,103571,287445,369656,402956,136617,33344,23544,626906,45690,1830662,113878,705,116500,657309,734198,963302,547927,947832,30350,"4160","2090","18270","3730"
"508","OK",2014,36.2,3878051,2827481,287254,289732,76654,4995,93987,297948,378879,405799,145813,36137,23619,623840,47529,1840095,104334,737,119800,658808,740785,964597,561568,952293,31090,"4530","2120","18390","3840"
"509","OK",2015,36.3,3911338,2838386,286314,286598,78528,3541,108268,309703,396464,421765,149714,32723,25802,610828,48568,1854533,101088,759,126800,660306,747410,966494,576031,961097,31930,"4860","2230","18640","3940"
"510","OK",2016,36.4,3923561,2841467,287373,297948,79246,6143,107778,303606,403936,432922,157183,35356,23204,620377,49176,1853639,110892,744,132200,661459,742870,968984,588292,961956,32520,"4960","2330","18760","4100"
"511","OK",2017,36.6,3930864,2837492,286716,302400,86704,7163,107507,302882,417708,437243,161597,35948,25748,603864,50051,1858021,99619,780,137400,658198,749635,960416,601132,961483,33890,"5050","2550","19830","4300"
"512","OK",2018,36.7,3943079,2845906,287680,307183,84694,3859,110013,303744,429079,434570,167497,41277,24817,596949,51924,1873107,81669,808,140000,660097,753862,953199,619601,956320,34370,"5350","2590","19740","4540"
"513","OK",2019,37,3956971,2865785,287414,316929,89950,4808,91920,300165,438106,447888,166623,43315,28683,583029,54449,1872933,81705,814,147000,656990,767023,945507,635222,952229,35110,"5510","2710","20100","4560"
"514","OK",2020,NA,NA,NA,NA,NA,NA,NA,NA,NA,NA,NA,NA,NA,NA,NA,NA,NA,NA,NA,NA,NA,NA,NA,NA,NA,35130,"5130","2450","20890","4630"
"515","OK",2021,37.2,3986639,2617058,274632,297937,90192,5247,142966,558607,467246,483168,180357,40287,33371,606782,55826,1892357,112271,855,168500,647988,798510,937029,645174,957938,37620,"5900","2530","22220","4710"
"516","OK",2022,37.1,4019800,2619684,274248,300613,93783,7954,145556,577962,486692,495467,187067,44357,32026,610254,59673,1916016,79711,937,191700,667360,805356,931666,661996,953422,39830,"6000","2830","23730","4690"
"517","OK",2023,37.1,4053824,2620590,274031,292095,94802,9095,155111,608100,523291,498843,191800,47643,32524,626185,62138,1936559,88813,1020,208600,664057,818997,928041,676985,965744,40990,"6130","3200","24730","4720"
"518","OK",2024,37.4,4095393,2626931,269583,290584,104476,10432,174962,618425,551226,513525,206392,48560,31133,592663,66148,1976114,92553,1044,222100,672585,829220,938160,692081,963347,41880,"6270","3370","24860","4630"
"519","OR",2011,38.7,3871859,3279357,70067,52026,152909,15100,167719,134681,466071,486317,200641,53434,35429,662283,46816,1942971,232635,840,232900,628569,768616,1059533,553121,862020,50580,"2320","2930","37560","3720"
"520","OR",2012,38.9,3899353,3321591,69719,47066,149455,16415,138756,156351,474155,497130,212460,54182,35682,658359,49161,1953409,215292,862,223900,626913,778089,1051912,581693,860746,49530,"2480","2820","36380","4160"
"521","OR",2013,39.1,3930065,3370391,72655,43202,152271,14038,111728,165780,483761,521031,218084,51075,40930,642138,50251,1966661,181042,887,229700,627858,788452,1049631,604596,859528,48740,"2620","2680","35620","4460"
"522","OR",2014,39.3,3970239,3358250,71042,46761,159891,14113,141502,178680,496791,528064,224113,54432,39637,644450,51075,1972039,153954,924,239800,631111,796071,1050116,634226,858715,49010,"2900","2680","35530","4750"
"523","OR",2015,39.1,4028977,3433909,76980,50126,164291,14239,106607,182825,511898,566244,233801,59402,42220,607029,54148,2018994,137739,943,264100,637795,806254,1063998,659778,861152,49550,"3220","2720","35690","4980"
"524","OR",2016,39.2,4093465,3455810,79575,45426,169459,14823,120779,207593,522568,572508,247973,66154,47895,536146,57532,2058323,117641,1015,287100,653008,821064,1062259,688888,868246,50690,"3510","2800","36140","5260"
"525","OR",2017,39.3,4142776,3497242,77750,47692,181659,16144,123547,198742,540924,609160,260431,63263,45563,537974,60212,2099999,107100,1079,319200,657810,838020,1064304,708868,873774,53020,"3770","2940","37930","5430"
"526","OR",2018,39.6,4190713,3514983,82046,49051,190680,18758,137973,197222,556397,621190,266350,65460,49543,516570,63426,2135976,106955,1130,341800,666005,849228,1063281,739611,872588,55090,"3950","3070","39420","5760"
"527","OR",2019,39.7,4217737,3523853,77918,50417,194068,14182,149974,207325,566839,627911,278908,67715,57782,470643,67058,2153329,107991,1185,354600,663197,877037,1047191,767496,862816,56620,"4010","3200","40740","5820"
"528","OR",2020,NA,NA,NA,NA,NA,NA,NA,NA,NA,NA,NA,NA,NA,NA,NA,NA,NA,NA,NA,NA,NA,NA,NA,NA,NA,58310,"4070","2750","42990","5890"
"529","OR",2021,40.1,4246155,3169447,80735,56281,190234,16727,232997,499734,596516,680306,291933,71611,57211,507829,71562,2143749,136281,1282,422700,642427,904944,1050222,789896,858666,61760,"4300","2800","46080","5880"
"530","OR",2022,40.5,4240137,3160419,82820,51735,194510,17136,230694,502823,609538,675825,297339,77808,55267,503935,75657,2188501,93138,1370,475600,647805,906231,1037020,816714,832367,66950,"4530","3240","50320","5770"
"531","OR",2023,40.7,4233358,3127198,87406,45368,194391,15476,215724,547795,631563,715933,301246,67607,63852,506544,80160,2190250,90337,1481,484800,631362,914160,1030161,827874,829801,66430,"4470","3670","49840","5740"
"532","OR",2024,40.8,4272371,3139528,82776,48996,211228,15767,252157,521919,662740,707302,324833,77310,58000,493796,85220,2231984,108341,1597,497500,640386,924241,1032278,850217,825249,67520,"4270","3860","50570","5610"
"533","PA",2011,40.3,12742886,10485910,1372685,17315,358168,2009,259538,247261,751430,1443083,643588,158025,104977,1695996,50228,6458914,605594,786,164800,2054878,2330765,3613911,1982418,2760914,39030,"2890","2810","25480","4290"
"534","PA",2012,40.5,12763536,10456819,1400003,21310,368996,7135,245676,263597,780862,1484305,665499,166599,119131,1693285,51230,6507394,576117,798,163800,2075888,2320884,3587380,2041930,2737454,39370,"3080","2760","25350","4600"
"535","PA",2013,40.6,12773801,10427694,1409021,22855,384783,2241,264099,263108,808147,1540228,703617,162375,120954,1690405,52007,6526914,539153,828,164200,2073016,2311842,3582718,2089972,2716253,38540,"3160","2650","24440","4890"
"536","PA",2014,40.7,12787209,10408847,1416865,27367,399285,4197,241491,289157,837487,1554120,729846,159382,124377,1682212,53234,6503715,457791,848,165400,2072539,2309770,3570623,2134099,2700178,39110,"3420","2710","24340","5140"
"537","PA",2015,40.7,12802503,10386678,1408512,25085,420116,4253,248488,309371,870209,1611499,740396,169282,119846,1629995,55702,6518212,408542,868,170600,2068620,2296632,3564038,2181193,2692020,39340,"3680","2790","24050","5350"
"538","PA",2016,40.6,12784227,10340877,1407047,23556,423180,3417,262396,323754,900002,1676971,765331,175633,129802,1592045,56907,6471221,373872,881,174100,2052910,2289905,3544806,2221761,2674845,40320,"3880","2900","24310","5660"
"539","PA",2017,40.8,12805537,10339488,1437081,23523,444588,3425,243000,314432,938428,1697397,800211,184166,135462,1548720,59195,6518369,345226,893,181200,2047210,2303457,3513356,2276543,2664971,41450,"4000","3030","24980","5910"
"540","PA",2018,40.8,12807060,10256084,1428406,21418,455027,5008,307572,333545,974763,1723226,808356,192203,138697,1517870,60905,6570179,321234,927,186000,2031841,2324161,3471072,2332369,2647617,42440,"4150","3120","25480","6210"
"541","PA",2019,40.8,12801989,10193792,1454753,27088,453662,4148,335838,332708,997830,1761627,827626,189863,138286,1489333,63463,6580742,295633,951,192600,2000584,2366071,3414791,2388218,2632325,43440,"4310","3260","26090","6420"
"542","PA",2020,NA,NA,NA,NA,NA,NA,NA,NA,NA,NA,NA,NA,NA,NA,NA,NA,NA,NA,NA,NA,NA,NA,NA,NA,NA,43690,"4380","2890","26740","6520"
"543","PA",2021,40.9,12964056,9704692,1351852,22765,470184,4515,507283,902765,1082550,1887722,914403,205288,157572,1519032,68957,6611539,420743,1036,222300,1950541,2485892,3388493,2464903,2674227,45580,"4650","2960","28350","6450"
"544","PA",2022,40.9,12972008,9655892,1361224,34687,491661,3206,489122,936216,1115997,1899494,940588,204829,164782,1483365,71798,6689958,287716,1116,245500,2002025,2496974,3311797,2539054,2622158,48300,"4780","3330","30170","6540"
"545","PA",2023,41.1,12961683,9594136,1368208,30714,499380,4170,510560,954515,1151760,1921489,938026,210802,171026,1500959,73824,6683272,283261,1197,259900,1951940,2525672,3261488,2597954,2624629,48760,"4850","3720","30670","6570"
"546","PA",2024,41.2,13078751,9612302,1378148,35928,546264,3448,505424,997237,1232617,1974602,991155,217059,186694,1464236,77545,6802567,295588,1252,277600,1980754,2578544,3228490,2665974,2624989,49520,"4890","3850","30870","6510"
"547","PR",2011,37.5,3706690,2539680,290083,8254,9489,0,361521,497663,3667710,416008,102061,31081,20401,1673610,18660,1352971,250105,442,120300,616571,723824,924728,565072,876495,21860,"2470","1240","14520","1510"
"548","PR",2012,37.8,3667084,2536665,304289,13043,13723,120,351940,447304,3631408,428778,113029,27517,19781,1632533,19429,1324512,229733,448,127300,607329,711160,917200,582034,849361,23910,"2840","1200","16040","1770"
"549","PR",2013,38.6,3615086,2596735,280579,15942,10998,86,386903,323843,3582188,416877,112725,32498,22969,1626879,19183,1300922,235338,448,119900,598281,698897,904171,599663,814074,23440,"2920","1150","15350","1950"
"550","PR",2014,39.3,3548397,2520447,299398,10710,8810,495,481724,226813,3514279,417133,113643,32070,23866,1624453,18928,1280836,237292,467,120800,587421,676310,894910,617011,772745,23260,"3000","1200","14910","2100"
"551","PR",2015,40,3474182,2355164,341710,10984,7264,0,592114,166946,3437388,424255,115599,26234,24140,1586285,18626,1265236,238625,433,114100,571671,652204,885949,626965,737393,21480,"3040","1240","12880","2320"
"552","PR",2016,40.7,3411307,2278731,395069,8082,5691,193,575686,147855,3365841,433120,112925,26678,27168,1469382,20078,1254914,202760,463,111900,561135,635580,872831,645885,695876,21800,"3190","1350","12530","2620"
"553","PR",2017,41.4,3337177,2210728,403659,7934,5424,0,533614,175818,3306460,428558,121293,28569,24099,1468798,19343,1199622,196859,453,109800,545818,615391,860419,658755,656794,NA,NA,NA,NA,NA
"554","PR",2018,42.9,3195153,2079304,400936,4013,5144,767,551773,153216,3154017,430692,120713,32733,26565,1363666,20296,1182648,178219,484,110800,519831,571706,848390,661216,594010,NA,NA,NA,NA,NA
"555","PR",2019,43.1,3193694,2054764,395439,3082,6573,183,506563,227090,3134759,443589,124314,27969,30708,1376809,20474,1214930,171370,482,110300,523197,576750,841348,679665,572734,NA,NA,NA,NA,NA
"556","PR",2020,NA,NA,NA,NA,NA,NA,NA,NA,NA,NA,NA,NA,NA,NA,NA,NA,NA,NA,NA,NA,NA,NA,NA,NA,NA,NA,NA,NA,NA,NA
"557","PR",2021,44.1,3263584,914840,200391,6340,6615,84,968144,1167170,3239060,493356,127459,29593,33486,1310464,22237,1248968,163354,504,114100,523356,595842,858112,740486,545788,NA,NA,NA,NA,NA
"558","PR",2022,44.7,3221789,848732,188147,6970,5771,93,941489,1230587,3190139,503506,148347,32681,33185,1333111,24112,1291895,127753,535,122200,509572,594026,843009,756846,518336,NA,NA,NA,NA,NA
"559","PR",2023,45,3205691,762297,169924,7282,4480,426,1024568,1236714,3173687,524456,149538,32380,34745,1257607,25621,1305263,119634,557,131500,503084,599915,833144,770861,498687,NA,NA,NA,NA,NA
"560","PR",2024,45.4,3203295,726630,175405,9070,5467,360,1062348,1224015,3167325,506436,151031,31215,32445,1184965,27213,1325458,111971,580,142100,500927,600840,831288,789514,480726,NA,NA,NA,NA,NA
"561","RI",2011,39.5,1051302,859000,63397,4370,33235,188,62356,28756,134714,134049,63669,15150,8944,148819,53636,569816,58581,875,245500,186639,196860,295052,153677,219074,49430,"2450","3050","35400","3600"
"562","RI",2012,39.8,1050292,857897,67840,4809,33814,201,56524,29207,138550,132903,64882,14832,11126,138907,54554,565798,52997,878,234600,187255,192540,294710,158825,216962,48330,"2580","3010","34100","4060"
"563","RI",2013,39.9,1051511,846102,67541,4136,33240,531,73059,26902,142853,142598,62198,16411,11908,144446,55902,567622,52282,918,232300,188670,191897,295233,162864,212847,46770,"2660","2890","32760","4410"
"564","RI",2014,39.8,1055173,858236,70600,5579,35676,385,57362,27335,148096,131408,61834,14100,13552,145596,54891,561526,43662,934,236000,188968,192149,294321,167180,212555,45710,"2870","2940","31520","4650"
"565","RI",2015,39.7,1056298,848845,65504,4563,35540,211,65257,36378,152085,141131,69245,15107,13335,141035,58073,559733,34758,938,241000,189628,191414,292849,170532,211875,46950,"3210","3010","31940","4780"
"566","RI",2016,40.2,1056426,850105,67526,5304,36875,1437,62292,32887,157352,151195,70435,17015,11620,129932,60596,554893,33014,948,247700,189035,190531,294165,174055,208640,47390,"3420","3110","32030","4940"
"567","RI",2017,39.5,1059639,866258,66660,5580,38058,1128,47303,34652,163346,149699,68812,14606,13407,118367,63870,570665,32751,941,257800,191777,192864,291454,176572,206972,48850,"3610","3240","33080","4910"
"568","RI",2018,40,1057315,852805,70749,4341,36064,883,59743,32730,168341,147507,78052,16840,12262,131205,64340,558359,30862,998,273800,189575,192623,288564,182645,203908,49940,"3740","3360","33830","5390"
"569","RI",2019,40.1,1059361,833690,78143,3341,37101,250,62236,44600,172643,156087,72512,18950,12726,110244,71169,572113,24199,1043,283000,185151,196296,287184,187155,203575,51170,"3970","3540","34680","5640"
"570","RI",2020,NA,NA,NA,NA,NA,NA,NA,NA,NA,NA,NA,NA,NA,NA,NA,NA,NA,NA,NA,NA,NA,NA,NA,NA,NA,51880,"4030","3040","36030","5500"
"571","RI",2021,40.6,1095610,775695,54408,3297,34144,1492,96503,130071,187777,161594,86087,18738,15907,120055,74008,591545,45296,1142,348100,183836,214442,288810,200201,208321,54500,"4330","3090","38370","5660"
"572","RI",2022,40.7,1093734,770878,60402,4457,38734,140,86744,132379,191979,185883,84304,22292,15933,113878,81854,587236,26668,1254,383900,184872,216426,283173,206117,203146,58580,"4530","3540","41260","5550"
"573","RI",2023,40.8,1095962,763493,59714,8628,37419,307,78512,147889,197405,182054,88869,19063,17113,114412,84972,587754,28012,1365,411800,179659,223269,277401,212376,203257,59750,"4700","4070","42080","5650"
"574","RI",2024,41,1112308,762360,61764,6760,41755,583,95036,144050,208976,179725,94336,20918,15903,130333,83504,610041,30755,1418,455700,183346,228183,277075,220168,203536,61300,"4820","4300","42700","5530"
"575","SC",2011,38,4679230,3135216,1305093,13244,63356,2042,75888,84391,241008,486569,189771,44678,27657,856938,42367,2235219,266294,741,136000,784617,898158,1259555,654887,1082013,39310,"2970","2460","26480","3500"
"576","SC",2012,38.3,4723723,3165844,1307087,15317,59956,1738,79046,94735,249762,504036,212122,43582,31282,837770,43107,2261272,253703,754,135500,792626,898209,1257136,694776,1080976,39290,"3180","2390","26000","4020"
"577","SC",2013,38.6,4774839,3209900,1320131,14297,65048,3137,71578,90748,253360,529944,223844,43686,37068,860380,44163,2297871,217153,766,139200,803573,895829,1271010,725107,1079320,38060,"3340","2280","24770","4290"
"578","SC",2014,38.8,4832482,3254145,1320373,14155,68976,2959,69517,102357,257404,543917,232819,46936,33301,843860,45238,2314815,187866,791,140000,804070,905485,1277660,761583,1083684,38530,"3650","2300","24540","4620"
"579","SC",2015,39,4896146,3292094,1344114,13761,70342,3361,68788,103686,262555,575843,234180,46010,34208,790715,47238,2336291,170589,819,148600,812725,906309,1293850,793954,1089308,38870,"3910","2380","24550","4870"
"580","SC",2016,39.1,4961119,3342552,1337644,16010,76870,2561,77386,108096,272791,591086,242201,53013,36206,735960,49501,2378487,149213,841,153900,810332,920873,1299803,830147,1099964,40420,"4390","2500","24810","5240"
"581","SC",2017,39.4,5024369,3380219,1357385,15007,76181,6389,81959,107229,285990,607024,262659,53525,41132,751907,50570,2412222,139747,848,161800,819994,927046,1309792,865817,1101720,42220,"4630","2680","26000","5500"
"582","SC",2018,39.7,5084127,3407706,1353599,23672,80969,4004,92980,121197,294502,627144,268230,54446,39515,755215,52306,2444595,128847,892,170800,827081,938000,1314883,899754,1104409,43880,"4780","2830","27000","5870"
"583","SC",2019,39.9,5148714,3434467,1362917,18971,86571,7572,112685,125531,298478,656496,302770,56354,38939,692744,56227,2475751,116037,922,179800,816921,955650,1328305,935538,1112300,45420,"5000","3020","28030","6050"
"584","SC",2020,NA,NA,NA,NA,NA,NA,NA,NA,NA,NA,NA,NA,NA,NA,NA,NA,NA,NA,NA,NA,NA,NA,NA,NA,NA,46950,"5130","2730","29810","6070"
"585","SC",2021,40.2,5190705,3301055,1299709,19948,85953,2123,141384,340533,329424,704740,321187,65540,43169,741652,59318,2475111,139757,976,213500,794315,994199,1318972,967223,1115996,49630,"5420","2810","32110","6110"
"586","SC",2022,40.5,5282634,3361662,1325020,20380,90557,2301,145605,337109,343783,725469,345957,68340,54737,717348,64115,2565719,111672,1084,254600,819042,1013110,1324722,1008618,1117142,53410,"5650","3160","34830","6150"
"587","SC",2023,40.5,5373555,3415285,1311022,22700,94551,5988,149361,374648,399963,765869,348125,69137,49717,726799,67804,2629504,112785,1170,272900,814022,1038261,1340940,1038094,1142238,55610,"5830","3600","36770","6250"
"588","SC",2024,40.7,5478831,3462009,1294946,25246,109707,3210,143627,440086,434217,777135,371238,71156,55760,707939,72350,2700129,121600,1272,299500,832002,1062660,1351606,1082724,1149839,56630,"5930","3860","37000","6150"
"589","SD",2011,37.1,824082,707944,9517,71532,7855,63,7031,20140,22899,97956,31868,6036,5774,110681,48321,439730,24107,612,131400,139043,146186,216979,120025,201849,38180,"3170","2560","25200","3950"
"590","SD",2012,36.7,833354,711562,13055,73305,9537,460,7755,17680,24769,98719,29714,7488,7030,107846,48362,447298,20915,651,134300,140719,148633,218688,121092,204222,38820,"3420","2530","25310","4290"
"591","SD",2013,36.6,844877,719112,13001,71981,9105,420,6721,24537,27186,104240,29835,6862,5369,115454,48947,449367,18111,637,138400,141208,151706,218979,124503,208481,36970,"3620","2480","23380","4250"
"592","SD",2014,36.6,853175,724768,14830,71811,11017,442,6774,23533,28719,111108,30003,7382,5723,116843,50979,460449,17960,647,142300,142005,153407,217516,129354,210893,37330,"3800","2400","23440","4340"
"593","SD",2015,36.9,858469,725937,13172,71102,11911,737,10213,25397,30079,110562,30370,6912,7041,114071,53017,454996,18144,675,152800,141293,154659,218324,134513,209680,38470,"4000","2500","23980","4710"
"594","SD",2016,36.8,865454,732939,14524,77378,12953,218,5894,21548,32227,111002,35829,9174,7256,110962,54467,455465,17838,706,160700,141722,154135,218127,137569,213901,39470,"4220","2650","24440","4890"
"595","SD",2017,36.9,869666,736581,16987,76078,10775,944,5647,22654,31278,109803,35691,10754,5490,109099,56521,458678,16208,722,167600,139901,158020,216631,141886,213228,41130,"4350","2780","25500","5020"
"596","SD",2018,37.2,882235,740870,19057,78068,15023,51,5782,23384,33983,117943,36966,10011,5478,111626,56274,467568,13845,734,171500,146352,160037,215025,146358,214463,41880,"4520","2840","25850","5170"
"597","SD",2019,37.7,884659,743764,20866,75809,11530,2073,5919,24698,33018,121231,38132,8827,6594,101946,59533,467008,14033,769,185000,139050,162802,213739,153799,215269,43050,"4610","2970","26690","5150"
"598","SD",2020,NA,NA,NA,NA,NA,NA,NA,NA,NA,NA,NA,NA,NA,NA,NA,NA,NA,NA,NA,NA,NA,NA,NA,NA,NA,44210,"4780","2640","28140","5260"
"599","SD",2021,37.6,895376,722723,17810,73115,14350,680,12958,53740,37785,127258,40741,11934,7013,106548,66143,462358,12923,830,219900,137750,169316,209806,157883,220621,47410,"4950","2640","30830","5350"
"600","SD",2022,38.5,909824,735501,18098,68481,12931,796,16372,57645,42430,131481,41868,9890,8078,109889,69728,474292,13309,866,245000,141040,171251,212643,165909,218981,50150,"5150","2960","32740","5330"
"601","SD",2023,38.5,919318,739679,22730,70936,13999,299,15338,56337,46519,141083,40915,13109,9860,104684,71810,485323,12742,921,268200,141891,176345,212689,169586,218807,49610,"5240","3260","32220","5160"
"602","SD",2024,38.7,924669,739067,18750,69839,15776,152,15527,65558,44947,143172,48476,10861,10544,93272,76881,494515,13884,999,289600,144355,176356,210521,175902,217535,51140,"5530","3410","33000","5010"
"603","TN",2011,38.3,6403353,4990068,1071463,18732,92286,2299,107031,121474,296307,655551,242616,65244,50487,1142299,41693,3113007,328545,715,138300,1032660,1259520,1741686,879033,1490454,36480,"2890","2360","24450","3090"
"604","TN",2012,38.2,6456243,5036564,1091759,17594,96086,2618,93258,118364,307758,680286,257964,69299,45255,1129330,42764,3119992,296484,730,137800,1047714,1269975,1723616,920721,1494217,36420,"3110","2290","23980","3480"
"605","TN",2013,38.5,6495978,5060129,1102455,16101,98746,2990,92334,123223,309224,681475,274942,70763,55193,1126772,44297,3157372,275941,748,140300,1053752,1269983,1729972,950190,1492081,35600,"3250","2180","23120","3770"
"606","TN",2014,38.6,6549352,5084404,1105318,17139,102508,3409,99109,137465,322339,717801,280082,67725,52699,1171307,44361,3156636,245980,770,142900,1062792,1270266,1737144,986813,1492337,36350,"3530","2220","23270","4050"
"607","TN",2015,38.7,6600299,5129336,1110412,19294,107075,2909,90293,140980,333460,719980,306012,70973,54115,1077900,47275,3198285,199471,785,150600,1073030,1266943,1750746,1015780,1493800,37020,"3880","2270","23410","4190"
"608","TN",2016,38.6,6651194,5177478,1114434,19053,116375,4798,79206,139850,347442,756055,303704,73385,49711,1023177,48547,3201340,176743,806,157700,1081864,1262806,1758017,1045255,1503252,37670,"4180","2360","23380","4520"
"609","TN",2017,38.6,6715984,5221591,1122675,14637,119115,6380,89260,142326,361203,790840,327029,78860,57433,980284,51340,3292377,162289,833,167500,1093846,1272639,1770847,1070400,1508252,39880,"4440","2480","24910","4760"
"610","TN",2018,38.9,6770010,5235588,1137801,19136,119046,5494,101153,151792,372901,801616,328826,86098,58885,1011016,52375,3315104,181951,861,177500,1103991,1277042,1774805,1104797,1509375,40370,"4620","2570","24850","5050"
"611","TN",2019,39,6829174,5272910,1141304,20431,125742,3469,109072,156246,389127,845100,351914,82800,68410,922176,56071,3367774,152373,904,191900,1107045,1301452,1770960,1138965,1510752,42500,"4780","2760","26510","5190"
"612","TN",2020,NA,NA,NA,NA,NA,NA,NA,NA,NA,NA,NA,NA,NA,NA,NA,NA,NA,NA,NA,NA,NA,NA,NA,NA,NA,44080,"4950","2460","28210","5210"
"613","TN",2021,39.2,6975218,5097360,1079627,18070,118920,6259,179707,475275,420391,924404,380364,91032,71681,927587,59695,3420157,180846,981,235200,1097463,1366390,1786396,1187354,1537615,46900,"5230","2540","30620","5330"
"614","TN",2022,39.2,7051339,5150306,1098360,14856,133729,5882,163156,485050,442629,958365,391150,92489,71956,915683,65254,3534983,121523,1096,284800,1119376,1401923,1776943,1217964,1535133,51160,"5490","2860","33830","5350"
"615","TN",2023,39.1,7126489,5149760,1089441,24046,130735,4253,198904,529350,533644,952495,431782,99210,79125,978460,67631,3584501,142081,1214,307300,1112657,1432358,1771518,1246596,1563360,53270,"5700","3280","35560","5320"
"616","TN",2024,39.1,7227750,5201024,1083961,25886,145954,3469,212606,554850,566839,1000016,434694,102600,82444,951389,71997,3680703,155583,1284,332600,1132451,1460162,1784759,1273979,1576399,54720,"5790","3510","36260","5240"
"617","TX",2011,33.7,25674681,19149157,3011795,128773,999118,18726,1770210,596902,9791628,2847501,995078,244266,160834,4628758,49392,12520343,1065274,813,127700,4499765,5326732,6182677,2707825,6957682,35960,"4380","2800","23470","3240"
"618","TX",2012,33.9,26059203,19546170,3099425,126041,1052002,21938,1599204,614423,9960910,2903294,1076580,240052,164154,4562352,50740,12746808,1015391,831,129200,4573556,5424698,6242052,2837722,6981175,36410,"4790","2750","23200","3610"
"619","TX",2013,34,26448193,19840367,3142866,118862,1089907,19892,1589415,646884,10154405,3044921,1123846,251403,171981,4530039,51704,12992119,917139,857,132000,4625792,5503395,6311561,2966527,7040918,35550,"5010","2590","22220","3740"
"620","TX",2014,34.3,26956958,20265860,3234898,121708,1161951,20055,1488773,663713,10408238,3104847,1184625,266893,192664,4523708,53035,13210842,799519,896,139600,4704210,5614022,6426877,3096013,7115836,36770,"5480","2640","22590","4000"
"621","TX",2015,34.4,27469114,20587917,3298173,132948,1248823,20071,1489855,691327,10672216,3266266,1239900,262623,186585,4255517,55653,13437133,743232,932,152000,4789560,5701208,6548055,3221507,7208784,38400,"6070","2760","23280","4180"
"622","TX",2016,34.5,27862596,20702709,3362283,135275,1300300,25228,1622087,714714,10883279,3362678,1281070,295098,196841,4261337,56565,13687703,760247,956,161500,4840385,5765665,6612009,3352843,7291694,39740,"6370","2940","23770","4460"
"623","TX",2017,34.7,28304596,20929140,3423231,135098,1360248,23905,1683894,749080,11158751,3510311,1371324,290221,199633,4076905,59206,13918308,716417,987,172200,4875168,5870697,6728076,3465492,7365163,41650,"6520","3140","25030","4700"
"624","TX",2018,34.9,28701845,21099066,3527027,149997,1430857,21463,1709445,763990,11368844,3627047,1438527,313592,221611,4180675,60629,14185653,694485,1046,186000,4953452,5964395,6784915,3599599,7399484,43660,"6720","3270","26330","4970"
"625","TX",2019,35.1,28995881,21273326,3553922,144993,1446073,27026,1714614,835927,11524842,3750797,1484968,318581,222187,3865010,64034,14465653,635077,1091,200400,4970133,6058647,6831743,3738727,7396631,45290,"6880","3470","27450","5100"
"626","TX",2020,NA,NA,NA,NA,NA,NA,NA,NA,NA,NA,NA,NA,NA,NA,NA,NA,NA,NA,NA,NA,NA,NA,NA,NA,NA,46840,"7000","3080","29200","5160"
"627","TX",2021,35.5,29527941,14129750,3525415,227815,1550868,23046,3011066,7059981,11857387,4077821,1664046,359084,265486,4122538,66963,14707042,910813,1167,237400,4928427,6300942,6949614,3892411,7456547,49720,"7270","3190","31510","5330"
"628","TX",2022,35.6,30029572,14293026,3620288,247149,1638936,35954,3033865,7160354,12070642,4242031,1779032,366285,264060,4113641,72284,15249347,670914,1290,275400,5117146,6443659,6992019,4037085,7439663,54290,"7610","3650","34800","5330"
"629","TX",2023,35.9,30503301,14557719,3761423,267945,1733933,43245,3030208,7108828,12135688,4324866,1864054,386035,283451,4086851,75780,15612815,686054,1413,296900,5074791,6590541,7102722,4194990,7540257,56560,"7810","4200","36690","5350"
"630","TX",2024,35.9,31290831,14780203,3862943,268376,1917758,26245,2931351,7503955,12602305,4546698,1985059,395166,308724,4108899,79721,16034699,775249,1475,313200,5258525,6804055,7205292,4365469,7657490,57890,"7920","4440","37310","5270"
"631","UT",2011,29.6,2817222,2486869,32524,31795,56679,27209,112788,69358,372913,322983,108782,26231,20570,374859,55869,1370085,109279,822,207500,547995,568725,561099,258324,881079,52380,"3350","2800","39670","3030"
"632","UT",2012,29.9,2855287,2514908,31797,31448,62575,25765,119195,69599,379433,333947,119791,27527,23256,360017,57049,1408772,95806,851,199700,546125,582527,567565,271882,887188,51180,"3600","2730","38240","3390"
"633","UT",2013,30.2,2900872,2534534,32754,33325,62671,27513,139605,70470,387569,348502,123296,26895,24802,361181,59770,1405334,77882,881,211400,544726,601940,574695,282680,896831,50330,"3840","2570","37470","3470"
"634","UT",2014,30.5,2942902,2568018,33520,32874,66060,25425,138510,78495,397100,353832,127178,26075,23118,339900,60922,1435751,71359,886,223200,543372,613066,585936,294979,905549,51120,"4150","2610","37680","3620"
"635","UT",2015,30.6,2995919,2611340,34524,35407,68945,23886,135580,86237,409310,368302,133071,29826,23513,331854,62912,1472535,58198,925,234600,557332,627067,591345,307842,912333,52150,"4490","2640","38240","3870"
"636","UT",2016,30.7,3051217,2633283,32800,31702,70150,29463,164775,89044,420440,381130,140249,33569,25987,306902,65977,1515318,61917,954,250300,571105,633081,605694,319490,921847,53410,"4780","2750","38910","4100"
"637","UT",2017,31,3101833,2657013,37669,32694,75691,26547,179943,92276,434290,416804,157207,33505,24926,296557,68358,1560698,55695,986,275100,585844,641477,614223,335195,925094,56920,"5020","2930","41830","4230"
"638","UT",2018,31,3161105,2708195,40365,34678,75898,29362,171456,101151,450220,427561,160409,36599,27876,280773,71414,1583737,50175,1043,303300,603221,655448,619308,351297,931831,59320,"5220","3050","43310","4350"
"639","UT",2019,31.2,3205958,2799527,36918,35368,76470,30725,123376,103574,462054,448109,156469,32681,27402,281279,75780,1650952,52422,1098,330300,614835,665068,630549,365198,930308,62090,"5370","3170","45900","4290"
"640","UT",2020,NA,NA,NA,NA,NA,NA,NA,NA,NA,NA,NA,NA,NA,NA,NA,NA,NA,NA,NA,NA,NA,NA,NA,NA,NA,65360,"5480","2780","49530","4270"
"641","UT",2021,31.8,3337975,2647741,35982,32622,84056,28855,191842,316877,493639,484882,187250,38994,28971,281673,79449,1713461,59693,1208,421700,633456,701275,669667,388120,945457,71900,"5710","2870","55520","4350"
"642","UT",2022,32.1,3380800,2678510,37613,34434,84324,37340,210508,298071,512086,505215,194392,39257,36185,273052,89168,1783862,48008,1372,499500,660345,702943,683220,403699,930593,79240,"6040","3340","61120","4220"
"643","UT",2023,32.3,3417734,2685747,38380,36787,84729,33925,212123,326043,546948,513565,211283,41545,33983,304249,93421,1818709,60649,1551,517700,660984,712610,694486,415749,933905,80240,"6090","3850","61620","4230"
"644","UT",2024,32.5,3503613,2714710,43219,36594,95743,30497,202796,380054,592412,548027,217680,39824,36750,286572,96658,1868725,70585,1593,545200,692048,727169,716721,434922,932753,80820,"6070","4070","61470","4090"
"645","VA",2011,37.6,8096604,5615742,1581452,24374,455242,5084,173964,240746,648793,1111225,575887,133180,83202,905914,61882,4175698,315567,1062,243100,1385041,1650659,2197476,1010335,1853093,63160,"3300","3400","48020","3690"
"646","VA",2012,37.5,8185867,5661067,1576258,23022,469669,5008,187150,263693,687972,1132326,596854,133652,88672,931805,61741,4232929,294111,1068,237800,1402139,1666543,2200420,1062133,1854632,62620,"3540","3340","47250","4030"
"647","VA",2013,37.6,8260405,5726886,1592426,19615,484497,5808,162662,268511,707962,1172309,614517,129618,93891,938733,62666,4269122,282457,1086,239300,1414260,1671228,2205777,1104809,1864331,61470,"3660","3220","46250","4320"
"648","VA",2014,37.7,8326289,5739681,1601449,21233,510871,4553,174873,273629,731971,1173872,655001,137648,99818,953395,64902,4300221,260537,1116,247800,1423816,1677863,2210227,1146846,1867537,62230,"3920","3330","46320","4680"
"649","VA",2015,37.8,8382993,5718051,1612831,22773,524476,5506,203193,296163,753353,1209217,651715,137045,104067,909346,66262,4317898,236298,1144,257800,1420933,1675635,2229167,1187444,1869814,62520,"4220","3460","46180","4850"
"650","VA",2016,38.2,8411808,5707035,1601868,23156,532320,8379,228627,310423,760611,1241751,695229,142532,99173,896440,68114,4333640,218154,1159,264000,1403398,1666660,2246145,1228045,1867560,62970,"4480","3570","45830","5230"
"651","VA",2017,38.2,8470020,5714699,1627641,26792,545776,4225,219501,331386,790662,1270190,712006,145034,109986,874483,71535,4365684,200754,1179,273400,1405956,1689658,2234721,1271604,1868081,65050,"4650","3760","47370","5550"
"652","VA",2018,38.3,8517685,5737580,1631512,22265,555422,5659,215743,349504,812810,1296041,731653,153341,109422,884647,72577,4364136,183221,1215,281700,1412372,1698420,2219028,1318225,1869640,65480,"4680","3860","47570","5820"
"653","VA",2019,38.5,8535519,5714646,1659908,23388,565643,5039,246663,320232,828154,1312800,743676,153224,115370,822775,76456,4404927,175528,1254,288800,1400347,1707617,2211614,1358336,1857605,66140,"4900","4000","47810","6050"
"654","VA",2020,NA,NA,NA,NA,NA,NA,NA,NA,NA,NA,NA,NA,NA,NA,NA,NA,NA,NA,NA,NA,NA,NA,NA,NA,NA,66530,"4990","3500","48830","6190"
"655","VA",2021,38.8,8642274,5251112,1587833,37018,586231,8330,348467,823283,879350,1394875,803551,168793,117241,854145,80963,4417746,211324,1331,330600,1386313,1766688,2200975,1406480,1881818,69870,"5210","3560","52120","6120"
"656","VA",2022,39,8683619,5226121,1620131,26104,610671,7799,392164,800629,905750,1409942,818944,165133,128015,891390,85873,4459666,161105,1441,365700,1398978,1781214,2179298,1462042,1862087,74110,"5380","3960","55310","6210"
"657","VA",2023,39.3,8715698,5214732,1604133,32770,603772,7513,400443,852335,970049,1446760,817525,168678,128399,864394,89931,4482631,164631,1567,382900,1370939,1805441,2168210,1498931,1872177,75140,"5570","4390","56080","6190"
"658","VA",2024,39.4,8811195,5224503,1605505,36525,632236,6612,407953,897861,1017833,1475874,875633,160311,137564,835556,92090,4546485,164596,1646,403500,1384224,1831745,2170811,1550385,1874030,75670,"5630","4620","55860","6190"
"659","VT",2011,42,626431,596253,5194,2140,7733,245,1227,13639,9134,93188,43266,9837,7599,69075,52776,349718,22416,849,213700,100651,112987,193231,93641,125921,43360,"3470","2760","29130","4070"
"660","VT",2012,42.4,626011,595252,6411,2165,8234,0,1349,12600,9827,95120,42576,10145,7664,71084,52977,348360,22400,860,216900,103095,107803,192735,98489,123889,43260,"3680","2770","28750","4400"
"661","VT",2013,42.5,626630,595148,7184,1579,7640,222,1633,13224,9546,93427,44210,10266,7914,74058,52578,342695,19796,865,218300,101436,108008,190398,102658,124130,43000,"3890","2740","28300","4530"
"662","VT",2014,42.8,626562,591853,6164,2513,9933,365,2872,12862,10775,91472,43653,10253,7523,73149,54166,343957,18746,917,214600,102642,109017,186438,106655,121810,43330,"4220","2780","28020","4850"
"663","VT",2015,43.1,626042,593056,7996,2698,8627,387,2129,11149,10422,97824,45406,10940,7902,61314,56990,340689,12848,923,223700,101786,106026,187986,110084,120160,43520,"4530","2810","27700","5130"
"664","VT",2016,43.1,624594,589379,7893,2177,9406,252,3163,12324,12546,92871,46671,12297,8016,71329,57677,338091,13267,925,223700,103594,105157,183559,113600,118684,44260,"4690","2880","27970","5250"
"665","VT",2017,42.6,623657,587265,8260,2355,11270,166,1392,12949,11932,98774,48963,11366,9063,67841,57513,338914,12759,950,226300,104614,105122,179016,117150,117755,45120,"4860","2970","28440","5620"
"666","VT",2018,43.1,626299,589337,7621,1743,11859,139,2815,12785,12450,103068,49452,10821,9248,66013,60782,344075,13128,969,233100,103599,106520,176778,123875,115527,45270,"5050","3090","28260","5480"
"667","VT",2019,42.8,623989,585117,9435,2928,8603,386,2153,15367,12408,101015,52196,11739,7322,60897,63001,342799,11552,980,233200,105470,106866,172893,125201,113559,46490,"5250","3130","29130","5880"
"668","VT",2020,NA,NA,NA,NA,NA,NA,NA,NA,NA,NA,NA,NA,NA,NA,NA,NA,NA,NA,NA,NA,NA,NA,NA,NA,NA,46690,"5390","2750","29700","6190"
"669","VT",2021,42.9,645570,588142,7120,1234,11345,101,4488,33140,13206,120373,60950,13798,10500,63720,72431,347783,14648,1115,271500,104067,116771,174792,133173,116767,48760,"5620","2830","31670","6030"
"670","VT",2022,43.2,647064,588046,6320,1296,11711,59,4147,35485,14770,114633,65678,15182,11346,65162,73991,354414,10013,1141,304700,103442,119939,170122,139827,113734,51170,"5830","3140","33120","6220"
"671","VT",2023,43.7,647464,582287,7843,1493,11202,229,6904,37506,16128,118611,65535,12197,9464,60413,81211,355022,9270,1202,332000,97903,121533,169781,143421,114826,51200,"5970","3510","33120","6090"
"672","VT",2024,43.9,648493,584330,6276,1168,13343,7,4277,39092,17401,122734,64348,14668,12162,56348,82730,358176,9554,1319,352800,98180,121279,168521,148485,112028,51940,"6140","3640","33270","5710"
"673","WA",2011,37.3,6830038,5357161,239665,91703,501712,40300,278678,320819,789060,925095,384232,90773,60904,929258,56835,3477743,359745,930,256300,1152932,1387133,1848488,861243,1580242,61270,"2790","3320","47130","3030"
"674","WA",2012,37.5,6897012,5402912,248631,95015,509565,41156,255271,344462,807596,944631,372069,91575,63240,915278,57573,3511074,306984,954,243000,1157059,1395209,1852097,907618,1585029,60320,"2940","3260","46150","3380"
"675","WA",2013,37.4,6971406,5439705,259337,95193,536093,42335,255584,343159,831976,984473,393851,95103,67041,967282,58405,3507113,277682,989,250800,1163989,1417161,1843306,950766,1596184,58050,"3080","3100","44280","3540"
"676","WA",2014,37.5,7061530,5484997,251336,95613,554101,45359,247151,382973,858778,1005685,410459,100407,68225,913619,61366,3564013,232125,1032,266200,1181335,1430188,1854838,992516,1602653,58250,"3350","3100","44160","3710"
"677","WA",2015,37.5,7170351,5513655,262552,92403,568108,46453,289942,397238,886419,1059707,435599,101103,74484,857801,64129,3613427,215453,1080,284000,1197867,1448333,1875555,1036626,1611970,58370,"3670","3140","43980","3860"
"678","WA",2016,37.7,7288000,5516602,266977,94637,597215,48182,350251,414136,906451,1098509,472318,109063,75820,805691,67106,3696275,200134,1135,306400,1212406,1468815,1898905,1078813,1629061,59620,"3960","3240","44640","4030"
"679","WA",2017,37.7,7405743,5582361,271584,93038,632156,48533,339986,438085,940792,1130392,492107,112889,75731,802159,70979,3786167,186414,1216,339000,1221624,1518128,1901499,1117759,1646733,62560,"4200","3380","47110","4110"
"680","WA",2018,37.7,7535591,5633263,291808,97329,661781,53924,344853,452633,970353,1187508,524199,115719,85678,759013,74073,3858829,166229,1316,373100,1246302,1571984,1891379,1163987,1661939,65390,"4450","3510","49320","4270"
"681","WA",2019,37.9,7614893,5651091,305924,103882,684967,50139,365395,453495,991723,1204728,538939,122253,89712,730240,78687,3928762,179353,1359,387600,1248014,1609845,1886384,1207685,1662965,67440,"4470","3660","51220","4330"
"682","WA",2020,NA,NA,NA,NA,NA,NA,NA,NA,NA,NA,NA,NA,NA,NA,NA,NA,NA,NA,NA,NA,NA,NA,NA,NA,NA,69630,"4450","3140","54130","4410"
"683","WA",2021,38.2,7738692,5139448,308785,100624,732701,54556,445911,956667,1059156,1287465,599751,120762,96684,754315,84247,3928658,232094,1484,485700,1218983,1708313,1883974,1251640,1675782,75470,"4620","3250","59810","4380"
"684","WA",2022,38.4,7785786,5129500,309488,99306,762339,54087,451361,979705,1093313,1302707,624627,129492,102857,763469,91306,4029420,163479,1630,569500,1233027,1730458,1869132,1309142,1644027,82300,"4850","3750","65490","4350"
"685","WA",2023,38.6,7812880,5092864,315904,95073,780684,57334,446776,1024245,1141979,1340967,651033,131590,105748,794426,94605,4069534,182384,1731,576000,1208424,1766071,1852063,1339130,1647192,82130,"5020","4240","64750","4310"
"686","WA",2024,38.7,7958180,5093664,326086,98215,852985,60426,447338,1079466,1194522,1372926,683345,140269,113323,776683,99389,4167685,203073,1824,602200,1242793,1821158,1863672,1378508,1652049,83820,"4930","4450","66020","4290"
"687","WI",2011,38.7,5711767,4980495,356550,48065,130617,1485,77758,116797,345297,668444,249480,59397,36992,725797,50395,3070131,250654,739,166700,923801,1072655,1598697,792214,1324400,38070,"2240","2650","27230","3470"
"688","WI",2012,38.8,5726398,4967566,359317,52161,135815,1066,96143,114330,354399,688002,255462,61488,41201,737356,51059,3068693,223879,743,165200,921628,1066465,1597525,824030,1316750,37180,"2470","2510","26230","3860"
"689","WI",2013,39,5742713,4972949,357899,49653,142590,1512,96937,121173,362407,711851,262821,60906,39053,755551,51467,3072549,199318,758,163000,918445,1068578,1601161,848607,1305922,36930,"2690","2380","25590","4000"
"690","WI",2014,39.2,5757564,4966282,363916,50703,150258,1384,105647,119374,370982,736544,269393,60549,41608,738270,52622,3080347,163484,782,164700,915186,1070217,1596939,875720,1299502,37100,"2930","2420","25310","4230"
"691","WI",2015,39.4,5771337,4965524,362290,51752,156192,1643,102235,131701,381149,742544,265265,60698,43951,677964,55638,3091421,131766,792,168300,913977,1068475,1596083,900763,1292039,37680,"3220","2440","25390","4370"
"692","WI",2016,39.4,5778709,4941688,361653,52608,155252,1534,125644,140330,387015,758503,288536,69338,43798,661565,56811,3088665,125970,802,173200,920088,1056034,1590335,927261,1284991,38250,"3340","2530","25390","4580"
"693","WI",2017,39.5,5795483,4942176,370335,49261,159530,4177,126767,143237,397847,782676,301195,70544,48115,639564,59305,3086662,107459,819,178900,918780,1065151,1576007,956184,1279361,39120,"3580","2630","25730","4750"
"694","WI",2018,39.6,5813568,4957243,370632,50364,165380,1961,121475,146513,403833,775533,299862,70906,51775,625826,60773,3091944,98228,847,188500,921743,1070139,1563098,986483,1272105,40060,"3790","2660","26310","4850"
"695","WI",2019,39.9,5822434,4963354,374747,54577,167420,4220,121082,137034,412769,829878,307952,71262,49287,591486,64168,3100947,98873,867,197200,919198,1076290,1543638,1019896,1263412,41760,"4000","2770","27580","4940"
"696","WI",2020,NA,NA,NA,NA,NA,NA,NA,NA,NA,NA,NA,NA,NA,NA,NA,NA,NA,NA,NA,NA,NA,NA,NA,NA,NA,42540,"4130","2450","28640","5020"
"697","WI",2021,40.1,5895908,4732002,364138,42107,175743,752,143811,437355,441323,876467,322544,71708,55759,621125,67125,3101184,110048,921,230700,915160,1115606,1536290,1054247,1274605,44470,"4300","2510","30300","5030"
"698","WI",2022,40.4,5892539,4737427,352022,44394,173310,2732,115296,467358,447022,885548,344375,72109,56389,617037,70996,3123424,86461,992,252800,928420,1110561,1509392,1102386,1241780,46790,"4410","2820","31820","4950"
"699","WI",2023,40.5,5910955,4723595,350052,48468,179101,2173,158628,448938,478074,914463,346266,69705,58965,616874,74631,3143490,86959,1071,272500,915390,1128399,1489693,1133395,1244078,47480,"4570","3130","32310","4890"
"700","WI",2024,40.7,5960975,4741979,364289,50562,186141,3185,151075,463744,499904,943201,362471,74596,61628,601246,77488,3187642,97244,1142,294700,929400,1144531,1482726,1171042,1233276,48040,"4570","3270","32430","4740"
"701","WV",2011,41.4,1855364,1741915,56178,2834,11492,126,4452,38367,21302,150916,62407,15973,9745,334885,38482,821367,72809,599,99300,279866,346166,541184,301317,386831,25740,"3380","2230","14890","2990"
"702","WV",2012,41.5,1855413,1738148,61306,2636,12173,717,4404,36029,23721,147257,66360,18384,9683,320055,40196,818101,65787,607,100400,280295,343715,536079,311104,384220,26490,"3670","2040","15100","3290"
"703","WV",2013,41.7,1854304,1737683,62788,1842,10455,1547,6070,33919,26586,146732,70945,17164,10114,332347,41253,822237,69927,620,103200,279782,344774,527478,320013,382257,26040,"3740","1910","14620","3490"
"704","WV",2014,41.9,1850326,1731464,68279,3716,11642,300,4172,30753,24503,152434,70397,14478,10948,327764,41059,803400,55257,656,103900,279232,338636,520203,329055,383200,26770,"3960","1960","14720","3780"
"705","WV",2015,42.2,1844128,1722847,71194,2140,14137,479,3870,29461,26663,152256,74951,15674,11533,321583,42019,796708,58270,675,112100,275932,336720,515668,336361,379447,27520,"4250","2040","14910","3800"
"706","WV",2016,42.3,1831102,1704195,69721,3851,14133,404,7494,31304,26783,162243,78802,16651,11061,319063,43385,801304,60791,682,117900,272936,328229,509279,343775,376883,28040,"4360","2160","14850","3920"
"707","WV",2017,42.4,1815857,1684321,71991,2438,13733,344,12506,30524,22807,156378,77079,15623,9376,336301,43469,777186,51986,690,119800,271341,320993,499548,350572,373403,28790,"4500","2240","15240","4070"
"708","WV",2018,42.8,1805832,1679773,68679,2629,13459,451,6430,34411,25569,163614,76634,18825,14030,312188,44097,787456,45639,735,121300,270594,319037,491760,361216,363225,29430,"4680","2240","15430","4020"
"709","WV",2019,42.9,1792147,1668004,65925,3601,14311,399,7657,32250,26823,161686,80380,15831,11809,278734,48850,792405,47424,727,124600,264891,318518,482520,367400,358818,30580,"5190","2390","15980","4180"
"710","WV",2020,NA,NA,NA,NA,NA,NA,NA,NA,NA,NA,NA,NA,NA,NA,NA,NA,NA,NA,NA,NA,NA,NA,NA,NA,NA,31000,"5410","2210","16400","4400"
"711","WV",2021,42.8,1782959,1617386,50770,2277,14106,491,8906,89023,30350,179376,90559,21830,13423,291930,51248,769420,47941,767,143200,255774,324822,472196,368775,361392,32080,"5640","2250","17350","4460"
"712","WV",2022,42.9,1775156,1603362,60797,2826,13437,145,11068,83521,34343,188793,88210,21126,14957,308825,54329,772226,36582,795,155100,263270,321535,462646,376162,351543,34210,"5840","2540","18640","4590"
"713","WV",2023,42.8,1770071,1594084,57341,1778,12654,193,16064,87957,37837,182741,86518,16940,15880,285780,55948,793158,35853,850,163700,258021,321058,459158,380192,351642,35430,"6070","2880","19610","4500"
"714","WV",2024,42.9,1769979,1582278,56949,3369,12501,251,18888,95743,41002,187714,88027,20357,13183,286737,60798,804058,37264,883,170800,257994,324798,452758,386851,347578,36270,"6320","3040","19750","4400"
"715","WY",2011,36.8,568158,515335,5079,12241,4833,201,14829,15640,51758,61815,23028,4735,3270,62629,56322,305529,15553,759,179900,98324,105050,157664,72029,135091,41670,"4150","2820","29020","2770"
"716","WY",2012,36.9,576412,523798,5720,12375,5637,78,11161,17643,54316,64409,20963,4466,4440,71019,54901,305965,17113,742,187400,100140,107720,156892,75050,136610,41940,"4350","2670","29120","3090"
"717","WY",2013,36.6,582658,528303,7435,13675,5729,185,11349,15982,51736,68225,22938,5025,5815,62039,58752,310967,15775,780,195500,99224,111521,154584,77554,139775,41220,"4380","2620","28420","3160"
"718","WY",2014,36.6,584153,531680,6320,15073,5541,837,11808,12894,57065,69557,23807,5370,4599,63774,57055,312702,13477,792,201000,97946,114155,153956,80332,137764,42150,"4690","2620","28940","3290"
"719","WY",2015,36.5,586107,536320,4727,12968,4885,260,10612,16335,57845,67108,25746,5441,3739,63425,60214,310369,15041,815,212500,98747,113693,151620,82547,139500,44510,"5090","2700","30480","3290"
"720","WY",2016,37.2,585501,538819,5970,13194,6012,420,5782,15304,56264,67845,26068,6551,5453,64663,59882,304583,17000,840,209500,94359,112594,150105,87583,140860,44380,"5070","2800","30400","3300"
"721","WY",2017,37.5,579315,528414,5766,13944,4832,8,10001,16350,58122,67312,30847,5754,3184,64054,60434,297578,15376,832,214300,92807,111169,146840,90437,138062,46180,"5240","2960","31910","3270"
"722","WY",2018,38.5,577737,528453,3667,16185,5807,1111,8798,13716,57895,66449,28596,5523,5015,62301,61584,299120,11684,818,230500,90488,110676,146920,96557,133096,46410,"5250","3000","32030","3610"
"723","WY",2019,38.1,578759,525860,7116,13774,4633,754,10799,15823,58607,73183,29454,6035,4885,56945,65003,294289,10539,822,235200,92853,112190,140738,98789,134189,47670,"5390","3130","32950","3690"
"724","WY",2020,NA,NA,NA,NA,NA,NA,NA,NA,NA,NA,NA,NA,NA,NA,NA,NA,NA,NA,NA,NA,NA,NA,NA,NA,NA,47400,"5470","2800","33060","3540"
"725","WY",2021,39,578803,489477,6687,10356,5020,96,20050,47117,61090,73255,30871,6773,4719,64224,65204,298603,11171,889,266400,86017,116542,140893,103822,131529,50580,"5480","2930","35920","3670"
"726","WY",2022,39.1,581381,491697,4097,11118,3847,849,21513,48260,62803,71812,34361,5705,6288,66943,70042,302447,11409,895,292300,86953,119070,137767,107988,129603,52900,"5420","3260","37330","3640"
"727","WY",2023,39.3,584057,492128,4038,14337,5057,118,19710,48669,62799,77762,31467,8068,5579,64309,72415,294568,9522,1000,298700,86613,122182,133200,112097,129965,53400,"5150","3620","38070","3820"
"728","WY",2024,40.2,587618,489502,4599,10218,5818,822,23840,52819,65030,82918,35122,5635,8475,58071,75532,307647,10546,998,339500,88827,119433,136999,117373,124986,55330,"5470","3820","39300","3530"
"729","allUS",2011,NA,NA,NA,NA,NA,NA,NA,NA,NA,NA,NA,NA,NA,NA,NA,NA,NA,NA,NA,NA,NA,NA,NA,NA,NA,47790,"3050","2950","34200","3620"
"730","allUS",2012,NA,NA,NA,NA,NA,NA,NA,NA,NA,NA,NA,NA,NA,NA,NA,NA,NA,NA,NA,NA,NA,NA,NA,NA,NA,47020,"3270","2850","33230","4000"
"731","allUS",2013,NA,NA,NA,NA,NA,NA,NA,NA,NA,NA,NA,NA,NA,NA,NA,NA,NA,NA,NA,NA,NA,NA,NA,NA,NA,45310,"3420","2710","31630","4250"
"732","allUS",2014,NA,NA,NA,NA,NA,NA,NA,NA,NA,NA,NA,NA,NA,NA,NA,NA,NA,NA,NA,NA,NA,NA,NA,NA,NA,45710,"3720","2730","31520","4490"
"733","allUS",2015,NA,NA,NA,NA,NA,NA,NA,NA,NA,NA,NA,NA,NA,NA,NA,NA,NA,NA,NA,NA,NA,NA,NA,NA,NA,46000,"4070","2800","31330","4660"
"734","allUS",2016,NA,NA,NA,NA,NA,NA,NA,NA,NA,NA,NA,NA,NA,NA,NA,NA,NA,NA,NA,NA,NA,NA,NA,NA,NA,46950,"4340","2930","31590","4920"
"735","allUS",2017,NA,NA,NA,NA,NA,NA,NA,NA,NA,NA,NA,NA,NA,NA,NA,NA,NA,NA,NA,NA,NA,NA,NA,NA,NA,48800,"4520","3100","32940","5130"
"736","allUS",2018,NA,NA,NA,NA,NA,NA,NA,NA,NA,NA,NA,NA,NA,NA,NA,NA,NA,NA,NA,NA,NA,NA,NA,NA,NA,50090,"4700","3220","33680","5390"
"737","allUS",2019,NA,NA,NA,NA,NA,NA,NA,NA,NA,NA,NA,NA,NA,NA,NA,NA,NA,NA,NA,NA,NA,NA,NA,NA,NA,51580,"4850","3390","34790","5510"
"738","allUS",2020,NA,NA,NA,NA,NA,NA,NA,NA,NA,NA,NA,NA,NA,NA,NA,NA,NA,NA,NA,NA,NA,NA,NA,NA,NA,52500,"4960","2970","36170","5580"
"739","allUS",2021,NA,NA,NA,NA,NA,NA,NA,NA,NA,NA,NA,NA,NA,NA,NA,NA,NA,NA,NA,NA,NA,NA,NA,NA,NA,55480,"5210","3060","38830","5640"
"740","allUS",2022,NA,NA,NA,NA,NA,NA,NA,NA,NA,NA,NA,NA,NA,NA,NA,NA,NA,NA,NA,NA,NA,NA,NA,NA,NA,59580,"5470","3480","41830","5640"
"741","allUS",2023,NA,NA,NA,NA,NA,NA,NA,NA,NA,NA,NA,NA,NA,NA,NA,NA,NA,NA,NA,NA,NA,NA,NA,NA,NA,60690,"5640","3950","42670","5620"
"742","allUS",2024,NA,NA,NA,NA,NA,NA,NA,NA,NA,NA,NA,NA,NA,NA,NA,NA,NA,NA,NA,NA,NA,NA,NA,NA,NA,61660,"5680","4180","42980","5560"
