"","NAME","variable","estimate","moe","year","state"
"1","Alabama","median_age",39.6,0.2,2024,"AL"
"2","Alabama","total_pop",5157699,NA,2024,"AL"
"3","Alabama","white",3301529,10356,2024,"AL"
"4","Alabama","black",1302107,9734,2024,"AL"
"5","Alabama","native",25582,4563,2024,"AL"
"6","Alabama","asian",79589,4065,2024,"AL"
"7","Alabama","pacific",5771,3218,2024,"AL"
"8","Alabama","other",128575,11429,2024,"AL"
"9","Alabama","multiracial",314546,13388,2024,"AL"
"10","Alabama","hispanic",306966,3236,2024,"AL"
"11","Alabama","college",637543,13975,2024,"AL"
"12","Alabama","masters",304002,10051,2024,"AL"
"13","Alabama","professional",64010,4558,2024,"AL"
"14","Alabama","doctorate",51280,4061,2024,"AL"
"15","Alabama","poverty",760634,23122,2024,"AL"
"16","Alabama","median_income",66659,780,2024,"AL"
"17","Alabama","labor_force",2447875,17498,2024,"AL"
"18","Alabama","unemployed",103581,7618,2024,"AL"
"19","Alabama","median_rent",1077,16,2024,"AL"
"20","Alabama","median_home_value",233300,2461,2024,"AL"
"21","Alaska","median_age",36.3,0.3,2024,"AK"
"22","Alaska","total_pop",740133,NA,2024,"AK"
"23","Alaska","white",434520,3307,2024,"AK"
"24","Alaska","black",18548,3228,2024,"AK"
"25","Alaska","native",104023,4432,2024,"AK"
"26","Alaska","asian",44077,2908,2024,"AK"
"27","Alaska","pacific",12648,1143,2024,"AK"
"28","Alaska","other",15526,2957,2024,"AK"
"29","Alaska","multiracial",110791,6445,2024,"AK"
"30","Alaska","hispanic",57229,NA,2024,"AK"
"31","Alaska","college",97736,4479,2024,"AK"
"32","Alaska","masters",44758,3439,2024,"AK"
"33","Alaska","professional",13467,2322,2024,"AK"
"34","Alaska","doctorate",7132,1546,2024,"AK"
"35","Alaska","poverty",73398,6760,2024,"AK"
"36","Alaska","median_income",95665,3278,2024,"AK"
"37","Alaska","labor_force",363709,5489,2024,"AK"
"38","Alaska","unemployed",21681,2361,2024,"AK"
"39","Alaska","median_rent",1444,48,2024,"AK"
"40","Alaska","median_home_value",376500,7020,2024,"AK"
"41","Arizona","median_age",39.4,0.1,2024,"AZ"
"42","Arizona","total_pop",7582384,NA,2024,"AZ"
"43","Arizona","white",4345673,23871,2024,"AZ"
"44","Arizona","black",360868,13306,2024,"AZ"
"45","Arizona","native",304625,9603,2024,"AZ"
"46","Arizona","asian",302736,8583,2024,"AZ"
"47","Arizona","pacific",13619,2949,2024,"AZ"
"48","Arizona","other",707919,28713,2024,"AZ"
"49","Arizona","multiracial",1546944,36000,2024,"AZ"
"50","Arizona","hispanic",2435661,NA,2024,"AZ"
"51","Arizona","college",1101882,18598,2024,"AZ"
"52","Arizona","masters",522445,14508,2024,"AZ"
"53","Arizona","professional",120062,6641,2024,"AZ"
"54","Arizona","doctorate",86023,5220,2024,"AZ"
"55","Arizona","poverty",866882,31738,2024,"AZ"
"56","Arizona","median_income",81486,684,2024,"AZ"
"57","Arizona","labor_force",3778884,20892,2024,"AZ"
"58","Arizona","unemployed",172459,8291,2024,"AZ"
"59","Arizona","median_rent",1672,19,2024,"AZ"
"60","Arizona","median_home_value",426000,2728,2024,"AZ"
"61","Arkansas","median_age",39.1,0.3,2024,"AR"
"62","Arkansas","total_pop",3088354,NA,2024,"AR"
"63","Arkansas","white",2105944,10689,2024,"AR"
"64","Arkansas","black",437805,7124,2024,"AR"
"65","Arkansas","native",16956,2806,2024,"AR"
"66","Arkansas","asian",55184,4070,2024,"AR"
"67","Arkansas","pacific",11756,1631,2024,"AR"
"68","Arkansas","other",96607,7960,2024,"AR"
"69","Arkansas","multiracial",364102,15116,2024,"AR"
"70","Arkansas","hispanic",294671,1214,2024,"AR"
"71","Arkansas","college",359274,10586,2024,"AR"
"72","Arkansas","masters",155632,6635,2024,"AR"
"73","Arkansas","professional",31331,3379,2024,"AR"
"74","Arkansas","doctorate",22866,2515,2024,"AR"
"75","Arkansas","poverty",466459,18623,2024,"AR"
"76","Arkansas","median_income",62106,831,2024,"AR"
"77","Arkansas","labor_force",1454780,13302,2024,"AR"
"78","Arkansas","unemployed",55540,4282,2024,"AR"
"79","Arkansas","median_rent",982,13,2024,"AR"
"80","Arkansas","median_home_value",215600,3253,2024,"AR"
"81","California","median_age",38.4,0.1,2024,"CA"
"82","California","total_pop",39431263,NA,2024,"CA"
"83","California","white",15013785,47086,2024,"CA"
"84","California","black",2110721,20296,2024,"CA"
"85","California","native",560852,26959,2024,"CA"
"86","California","asian",6349574,22280,2024,"CA"
"87","California","pacific",155816,7228,2024,"CA"
"88","California","other",7433192,77195,2024,"CA"
"89","California","multiracial",7807323,86112,2024,"CA"
"90","California","hispanic",16069214,NA,2024,"CA"
"91","California","college",6355683,45943,2024,"CA"
"92","California","masters",2806213,28804,2024,"CA"
"93","California","professional",719803,14932,2024,"CA"
"94","California","doctorate",554953,15039,2024,"CA"
"95","California","poverty",4567967,68831,2024,"CA"
"96","California","median_income",100149,381,2024,"CA"
"97","California","labor_force",20454381,49277,2024,"CA"
"98","California","unemployed",1213681,19996,2024,"CA"
"99","California","median_rent",2104,9,2024,"CA"
"100","California","median_home_value",759500,3644,2024,"CA"
"101","Colorado","median_age",38,0.1,2024,"CO"
"102","Colorado","total_pop",5957494,NA,2024,"CO"
"103","Colorado","white",4132111,18101,2024,"CO"
"104","Colorado","black",253267,9187,2024,"CO"
"105","Colorado","native",69907,5861,2024,"CO"
"106","Colorado","asian",207526,6467,2024,"CO"
"107","Colorado","pacific",9900,1725,2024,"CO"
"108","Colorado","other",376693,19396,2024,"CO"
"109","Colorado","multiracial",908090,22700,2024,"CO"
"110","Colorado","hispanic",1382948,NA,2024,"CO"
"111","Colorado","college",1220986,18463,2024,"CO"
"112","Colorado","masters",578824,12369,2024,"CO"
"113","Colorado","professional",111224,6197,2024,"CO"
"114","Colorado","doctorate",97524,5744,2024,"CO"
"115","Colorado","poverty",560040,25707,2024,"CO"
"116","Colorado","median_income",97113,1081,2024,"CO"
"117","Colorado","labor_force",3324268,14425,2024,"CO"
"118","Colorado","unemployed",142180,6525,2024,"CO"
"119","Colorado","median_rent",1822,15,2024,"CO"
"120","Colorado","median_home_value",574600,3773,2024,"CO"
"121","Connecticut","median_age",41.2,0.2,2024,"CT"
"122","Connecticut","total_pop",3675069,NA,2024,"CT"
"123","Connecticut","white",2340945,13156,2024,"CT"
"124","Connecticut","black",395358,10102,2024,"CT"
"125","Connecticut","native",15051,2949,2024,"CT"
"126","Connecticut","asian",176534,4959,2024,"CT"
"127","Connecticut","pacific",1185,735,2024,"CT"
"128","Connecticut","other",293928,16780,2024,"CT"
"129","Connecticut","multiracial",452068,20815,2024,"CT"
"130","Connecticut","hispanic",706806,NA,2024,"CT"
"131","Connecticut","college",606446,13546,2024,"CT"
"132","Connecticut","masters",364532,9106,2024,"CT"
"133","Connecticut","professional",85309,5059,2024,"CT"
"134","Connecticut","doctorate",52971,4240,2024,"CT"
"135","Connecticut","poverty",364217,19612,2024,"CT"
"136","Connecticut","median_income",96049,1824,2024,"CT"
"137","Connecticut","labor_force",2002571,14033,2024,"CT"
"138","Connecticut","unemployed",99093,6930,2024,"CT"
"139","Connecticut","median_rent",1550,24,2024,"CT"
"140","Connecticut","median_home_value",396900,3745,2024,"CT"
"141","Delaware","median_age",42.1,0.3,2024,"DE"
"142","Delaware","total_pop",1051917,NA,2024,"DE"
"143","Delaware","white",611856,5923,2024,"DE"
"144","Delaware","black",231835,6725,2024,"DE"
"145","Delaware","native",4202,1582,2024,"DE"
"146","Delaware","asian",50819,1557,2024,"DE"
"147","Delaware","pacific",1008,1412,2024,"DE"
"148","Delaware","other",56704,7839,2024,"DE"
"149","Delaware","multiracial",95493,8072,2024,"DE"
"150","Delaware","hispanic",122813,NA,2024,"DE"
"151","Delaware","college",149179,6877,2024,"DE"
"152","Delaware","masters",88622,5059,2024,"DE"
"153","Delaware","professional",14640,2068,2024,"DE"
"154","Delaware","doctorate",16312,2187,2024,"DE"
"155","Delaware","poverty",98553,11530,2024,"DE"
"156","Delaware","median_income",87534,2747,2024,"DE"
"157","Delaware","labor_force",535706,7415,2024,"DE"
"158","Delaware","unemployed",27357,3544,2024,"DE"
"159","Delaware","median_rent",1530,47,2024,"DE"
"160","Delaware","median_home_value",371600,4972,2024,"DE"
"161","District of Columbia","median_age",34.9,0.1,2024,"DC"
"162","District of Columbia","total_pop",702250,NA,2024,"DC"
"163","District of Columbia","white",263797,4194,2024,"DC"
"164","District of Columbia","black",290136,4162,2024,"DC"
"165","District of Columbia","native",4452,2608,2024,"DC"
"166","District of Columbia","asian",34796,1772,2024,"DC"
"167","District of Columbia","pacific",126,95,2024,"DC"
"168","District of Columbia","other",39969,7608,2024,"DC"
"169","District of Columbia","multiracial",68974,7588,2024,"DC"
"170","District of Columbia","hispanic",88430,NA,2024,"DC"
"171","District of Columbia","college",136032,6670,2024,"DC"
"172","District of Columbia","masters",117157,5508,2024,"DC"
"173","District of Columbia","professional",49264,4464,2024,"DC"
"174","District of Columbia","doctorate",25770,3126,2024,"DC"
"175","District of Columbia","poverty",116544,11376,2024,"DC"
"176","District of Columbia","median_income",109707,4149,2024,"DC"
"177","District of Columbia","labor_force",412234,6251,2024,"DC"
"178","District of Columbia","unemployed",23218,3841,2024,"DC"
"179","District of Columbia","median_rent",1931,43,2024,"DC"
"180","District of Columbia","median_home_value",733400,25632,2024,"DC"
"181","Florida","median_age",42.7,0.1,2024,"FL"
"182","Florida","total_pop",23372215,NA,2024,"FL"
"183","Florida","white",12663611,39192,2024,"FL"
"184","Florida","black",3451885,27175,2024,"FL"
"185","Florida","native",100235,11078,2024,"FL"
"186","Florida","asian",722622,11288,2024,"FL"
"187","Florida","pacific",20138,5765,2024,"FL"
"188","Florida","other",1610549,43686,2024,"FL"
"189","Florida","multiracial",4803175,51100,2024,"FL"
"190","Florida","hispanic",6706088,847,2024,"FL"
"191","Florida","college",3758332,33166,2024,"FL"
"192","Florida","masters",1606690,24693,2024,"FL"
"193","Florida","professional",448269,11169,2024,"FL"
"194","Florida","doctorate",269560,9596,2024,"FL"
"195","Florida","poverty",2758614,58688,2024,"FL"
"196","Florida","median_income",77735,564,2024,"FL"
"197","Florida","labor_force",11737686,37286,2024,"FL"
"198","Florida","unemployed",534706,19299,2024,"FL"
"199","Florida","median_rent",1812,9,2024,"FL"
"200","Florida","median_home_value",396900,1617,2024,"FL"
"201","Georgia","median_age",38,0.2,2024,"GA"
"202","Georgia","total_pop",11180878,NA,2024,"GA"
"203","Georgia","white",5571578,19884,2024,"GA"
"204","Georgia","black",3421874,19188,2024,"GA"
"205","Georgia","native",56022,8775,2024,"GA"
"206","Georgia","asian",547463,7984,2024,"GA"
"207","Georgia","pacific",8908,3054,2024,"GA"
"208","Georgia","other",598698,23533,2024,"GA"
"209","Georgia","multiracial",976335,29338,2024,"GA"
"210","Georgia","hispanic",1299200,3639,2024,"GA"
"211","Georgia","college",1634708,23478,2024,"GA"
"212","Georgia","masters",802012,15853,2024,"GA"
"213","Georgia","professional",186835,8643,2024,"GA"
"214","Georgia","doctorate",131947,8046,2024,"GA"
"215","Georgia","poverty",1373284,36640,2024,"GA"
"216","Georgia","median_income",79991,633,2024,"GA"
"217","Georgia","labor_force",5732629,23327,2024,"GA"
"218","Georgia","unemployed",269070,13718,2024,"GA"
"219","Georgia","median_rent",1506,18,2024,"GA"
"220","Georgia","median_home_value",343300,2287,2024,"GA"
"221","Hawaii","median_age",41.5,0.3,2024,"HI"
"222","Hawaii","total_pop",1446146,NA,2024,"HI"
"223","Hawaii","white",317359,3859,2024,"HI"
"224","Hawaii","black",25487,2450,2024,"HI"
"225","Hawaii","native",5041,1390,2024,"HI"
"226","Hawaii","asian",524385,11879,2024,"HI"
"227","Hawaii","pacific",137894,6161,2024,"HI"
"228","Hawaii","other",25573,4551,2024,"HI"
"229","Hawaii","multiracial",410407,13597,2024,"HI"
"230","Hawaii","hispanic",147896,NA,2024,"HI"
"231","Hawaii","college",247446,8319,2024,"HI"
"232","Hawaii","masters",96888,4943,2024,"HI"
"233","Hawaii","professional",30067,2761,2024,"HI"
"234","Hawaii","doctorate",17134,1823,2024,"HI"
"235","Hawaii","poverty",140840,9649,2024,"HI"
"236","Hawaii","median_income",100745,1760,2024,"HI"
"237","Hawaii","labor_force",710160,6928,2024,"HI"
"238","Hawaii","unemployed",23984,2953,2024,"HI"
"239","Hawaii","median_rent",1942,36,2024,"HI"
"240","Hawaii","median_home_value",875900,14013,2024,"HI"
"241","Idaho","median_age",37.8,0.2,2024,"ID"
"242","Idaho","total_pop",2001619,NA,2024,"ID"
"243","Idaho","white",1619182,8134,2024,"ID"
"244","Idaho","black",15547,2041,2024,"ID"
"245","Idaho","native",22537,3148,2024,"ID"
"246","Idaho","asian",30172,2383,2024,"ID"
"247","Idaho","pacific",3095,841,2024,"ID"
"248","Idaho","other",97790,9129,2024,"ID"
"249","Idaho","multiracial",213296,10275,2024,"ID"
"250","Idaho","hispanic",286185,NA,2024,"ID"
"251","Idaho","college",291509,7835,2024,"ID"
"252","Idaho","masters",105292,5264,2024,"ID"
"253","Idaho","professional",24716,2275,2024,"ID"
"254","Idaho","doctorate",19522,2386,2024,"ID"
"255","Idaho","poverty",204268,13558,2024,"ID"
"256","Idaho","median_income",81166,1340,2024,"ID"
"257","Idaho","labor_force",1002640,9124,2024,"ID"
"258","Idaho","unemployed",37396,3846,2024,"ID"
"259","Idaho","median_rent",1384,29,2024,"ID"
"260","Idaho","median_home_value",446400,5301,2024,"ID"
"261","Illinois","median_age",39.4,0.1,2024,"IL"
"262","Illinois","total_pop",12710158,NA,2024,"IL"
"263","Illinois","white",7650197,19850,2024,"IL"
"264","Illinois","black",1679701,17623,2024,"IL"
"265","Illinois","native",105434,12396,2024,"IL"
"266","Illinois","asian",812604,8766,2024,"IL"
"267","Illinois","pacific",4453,1367,2024,"IL"
"268","Illinois","other",1100865,33448,2024,"IL"
"269","Illinois","multiracial",1356904,32232,2024,"IL"
"270","Illinois","hispanic",2462768,1937,2024,"IL"
"271","Illinois","college",2063361,21121,2024,"IL"
"272","Illinois","masters",1030836,19433,2024,"IL"
"273","Illinois","professional",212667,8371,2024,"IL"
"274","Illinois","doctorate",164841,7522,2024,"IL"
"275","Illinois","poverty",1438470,31443,2024,"IL"
"276","Illinois","median_income",83211,898,2024,"IL"
"277","Illinois","labor_force",6762041,22201,2024,"IL"
"278","Illinois","unemployed",346721,14538,2024,"IL"
"279","Illinois","median_rent",1322,12,2024,"IL"
"280","Illinois","median_home_value",280700,1768,2024,"IL"
"281","Indiana","median_age",38.3,0.1,2024,"IN"
"282","Indiana","total_pop",6924275,NA,2024,"IN"
"283","Indiana","white",5263322,11496,2024,"IN"
"284","Indiana","black",631469,13285,2024,"IN"
"285","Indiana","native",35823,5621,2024,"IN"
"286","Indiana","asian",187569,5078,2024,"IN"
"287","Indiana","pacific",4982,1792,2024,"IN"
"288","Indiana","other",245332,15156,2024,"IN"
"289","Indiana","multiracial",555778,20336,2024,"IN"
"290","Indiana","hispanic",626616,1280,2024,"IN"
"291","Indiana","college",911752,18819,2024,"IN"
"292","Indiana","masters",385586,12530,2024,"IN"
"293","Indiana","professional",75475,4751,2024,"IN"
"294","Indiana","doctorate",63614,4697,2024,"IN"
"295","Indiana","poverty",823667,25971,2024,"IN"
"296","Indiana","median_income",71959,630,2024,"IN"
"297","Indiana","labor_force",3551668,16375,2024,"IN"
"298","Indiana","unemployed",145489,6697,2024,"IN"
"299","Indiana","median_rent",1104,11,2024,"IN"
"300","Indiana","median_home_value",243500,1916,2024,"IN"
"301","Iowa","median_age",39,0.2,2024,"IA"
"302","Iowa","total_pop",3241488,NA,2024,"IA"
"303","Iowa","white",2696030,7605,2024,"IA"
"304","Iowa","black",134568,5772,2024,"IA"
"305","Iowa","native",11988,2178,2024,"IA"
"306","Iowa","asian",83909,3100,2024,"IA"
"307","Iowa","pacific",6115,2542,2024,"IA"
"308","Iowa","other",80480,7229,2024,"IA"
"309","Iowa","multiracial",228398,9353,2024,"IA"
"310","Iowa","hispanic",253224,952,2024,"IA"
"311","Iowa","college",463288,10306,2024,"IA"
"312","Iowa","masters",168924,7475,2024,"IA"
"313","Iowa","professional",35250,3381,2024,"IA"
"314","Iowa","doctorate",35211,3402,2024,"IA"
"315","Iowa","poverty",356404,12911,2024,"IA"
"316","Iowa","median_income",75501,1016,2024,"IA"
"317","Iowa","labor_force",1729153,10283,2024,"IA"
"318","Iowa","unemployed",55020,3768,2024,"IA"
"319","Iowa","median_rent",981,15,2024,"IA"
"320","Iowa","median_home_value",227300,2299,2024,"IA"
"321","Kansas","median_age",38,0.2,2024,"KS"
"322","Kansas","total_pop",2970606,NA,2024,"KS"
"323","Kansas","white",2229436,10347,2024,"KS"
"324","Kansas","black",158710,5893,2024,"KS"
"325","Kansas","native",24129,3687,2024,"KS"
"326","Kansas","asian",89924,2930,2024,"KS"
"327","Kansas","pacific",4186,2081,2024,"KS"
"328","Kansas","other",117272,9422,2024,"KS"
"329","Kansas","multiracial",346949,14080,2024,"KS"
"330","Kansas","hispanic",422762,1188,2024,"KS"
"331","Kansas","college",445103,9788,2024,"KS"
"332","Kansas","masters",202588,6883,2024,"KS"
"333","Kansas","professional",37700,3222,2024,"KS"
"334","Kansas","doctorate",30724,2548,2024,"KS"
"335","Kansas","poverty",313235,15633,2024,"KS"
"336","Kansas","median_income",75514,996,2024,"KS"
"337","Kansas","labor_force",1554434,11015,2024,"KS"
"338","Kansas","unemployed",57070,4180,2024,"KS"
"339","Kansas","median_rent",1079,18,2024,"KS"
"340","Kansas","median_home_value",238700,2937,2024,"KS"
"341","Kentucky","median_age",39.3,0.2,2024,"KY"
"342","Kentucky","total_pop",4588372,NA,2024,"KY"
"343","Kentucky","white",3736188,9191,2024,"KY"
"344","Kentucky","black",326331,9411,2024,"KY"
"345","Kentucky","native",12438,3188,2024,"KY"
"346","Kentucky","asian",86161,3573,2024,"KY"
"347","Kentucky","pacific",1672,748,2024,"KY"
"348","Kentucky","other",80862,7699,2024,"KY"
"349","Kentucky","multiracial",344720,14122,2024,"KY"
"350","Kentucky","hispanic",252640,1981,2024,"KY"
"351","Kentucky","college",508117,10438,2024,"KY"
"352","Kentucky","masters",266868,9105,2024,"KY"
"353","Kentucky","professional",67417,4075,2024,"KY"
"354","Kentucky","doctorate",36767,3270,2024,"KY"
"355","Kentucky","poverty",694171,23771,2024,"KY"
"356","Kentucky","median_income",64526,1165,2024,"KY"
"357","Kentucky","labor_force",2209971,15584,2024,"KY"
"358","Kentucky","unemployed",107639,6561,2024,"KY"
"359","Kentucky","median_rent",998,19,2024,"KY"
"360","Kentucky","median_home_value",226000,2611,2024,"KY"
"361","Louisiana","median_age",38.7,0.2,2024,"LA"
"362","Louisiana","total_pop",4597740,NA,2024,"LA"
"363","Louisiana","white",2594108,8583,2024,"LA"
"364","Louisiana","black",1398231,12676,2024,"LA"
"365","Louisiana","native",30184,4159,2024,"LA"
"366","Louisiana","asian",83831,3755,2024,"LA"
"367","Louisiana","pacific",2005,1548,2024,"LA"
"368","Louisiana","other",116569,10241,2024,"LA"
"369","Louisiana","multiracial",372812,16283,2024,"LA"
"370","Louisiana","hispanic",357628,3158,2024,"LA"
"371","Louisiana","college",539030,13260,2024,"LA"
"372","Louisiana","masters",224002,9783,2024,"LA"
"373","Louisiana","professional",65589,4896,2024,"LA"
"374","Louisiana","doctorate",38890,3840,2024,"LA"
"375","Louisiana","poverty",835267,28512,2024,"LA"
"376","Louisiana","median_income",60986,803,2024,"LA"
"377","Louisiana","labor_force",2176191,16601,2024,"LA"
"378","Louisiana","unemployed",112107,7309,2024,"LA"
"379","Louisiana","median_rent",1064,15,2024,"LA"
"380","Louisiana","median_home_value",223200,2575,2024,"LA"
"381","Maine","median_age",44.9,0.2,2024,"ME"
"382","Maine","total_pop",1405012,NA,2024,"ME"
"383","Maine","white",1260038,4803,2024,"ME"
"384","Maine","black",29245,2870,2024,"ME"
"385","Maine","native",6153,1070,2024,"ME"
"386","Maine","asian",18794,1616,2024,"ME"
"387","Maine","pacific",299,246,2024,"ME"
"388","Maine","other",10286,2051,2024,"ME"
"389","Maine","multiracial",80197,5921,2024,"ME"
"390","Maine","hispanic",32869,373,2024,"ME"
"391","Maine","college",236042,7896,2024,"ME"
"392","Maine","masters",108341,5780,2024,"ME"
"393","Maine","professional",24870,2613,2024,"ME"
"394","Maine","doctorate",20359,2325,2024,"ME"
"395","Maine","poverty",144428,7531,2024,"ME"
"396","Maine","median_income",76442,1354,2024,"ME"
"397","Maine","labor_force",733781,7776,2024,"ME"
"398","Maine","unemployed",19982,2445,2024,"ME"
"399","Maine","median_rent",1210,30,2024,"ME"
"400","Maine","median_home_value",341900,4987,2024,"ME"
"401","Maryland","median_age",39.8,0.2,2024,"MD"
"402","Maryland","total_pop",6263220,NA,2024,"MD"
"403","Maryland","white",2937410,14420,2024,"MD"
"404","Maryland","black",1825122,13223,2024,"MD"
"405","Maryland","native",29485,6586,2024,"MD"
"406","Maryland","asian",434405,6594,2024,"MD"
"407","Maryland","pacific",3589,1689,2024,"MD"
"408","Maryland","other",460043,22148,2024,"MD"
"409","Maryland","multiracial",573166,25303,2024,"MD"
"410","Maryland","hispanic",830948,NA,2024,"MD"
"411","Maryland","college",1010731,15899,2024,"MD"
"412","Maryland","masters",662921,14457,2024,"MD"
"413","Maryland","professional",138856,7553,2024,"MD"
"414","Maryland","doctorate",137771,7562,2024,"MD"
"415","Maryland","poverty",555770,25230,2024,"MD"
"416","Maryland","median_income",102905,1404,2024,"MD"
"417","Maryland","labor_force",3397200,17034,2024,"MD"
"418","Maryland","unemployed",147630,7449,2024,"MD"
"419","Maryland","median_rent",1721,14,2024,"MD"
"420","Maryland","median_home_value",436300,3089,2024,"MD"
"421","Massachusetts","median_age",40.1,0.2,2024,"MA"
"422","Massachusetts","total_pop",7136171,NA,2024,"MA"
"423","Massachusetts","white",4761129,19095,2024,"MA"
"424","Massachusetts","black",489490,13494,2024,"MA"
"425","Massachusetts","native",17332,4054,2024,"MA"
"426","Massachusetts","asian",551579,6516,2024,"MA"
"427","Massachusetts","pacific",1265,458,2024,"MA"
"428","Massachusetts","other",449063,19035,2024,"MA"
"429","Massachusetts","multiracial",866313,28231,2024,"MA"
"430","Massachusetts","hispanic",998795,743,2024,"MA"
"431","Massachusetts","college",1305232,16779,2024,"MA"
"432","Massachusetts","masters",797313,13601,2024,"MA"
"433","Massachusetts","professional",171120,7655,2024,"MA"
"434","Massachusetts","doctorate",175905,7462,2024,"MA"
"435","Massachusetts","poverty",671003,22818,2024,"MA"
"436","Massachusetts","median_income",104828,1650,2024,"MA"
"437","Massachusetts","labor_force",3994387,18870,2024,"MA"
"438","Massachusetts","unemployed",162597,7656,2024,"MA"
"439","Massachusetts","median_rent",1848,24,2024,"MA"
"440","Massachusetts","median_home_value",607400,3979,2024,"MA"
"441","Michigan","median_age",40.4,0.2,2024,"MI"
"442","Michigan","total_pop",10140459,NA,2024,"MI"
"443","Michigan","white",7406982,11828,2024,"MI"
"444","Michigan","black",1319957,12850,2024,"MI"
"445","Michigan","native",53570,5655,2024,"MI"
"446","Michigan","asian",379956,8216,2024,"MI"
"447","Michigan","pacific",4620,2190,2024,"MI"
"448","Michigan","other",198661,11231,2024,"MI"
"449","Michigan","multiracial",776713,18184,2024,"MI"
"450","Michigan","hispanic",621831,706,2024,"MI"
"451","Michigan","college",1436450,21906,2024,"MI"
"452","Michigan","masters",684375,12503,2024,"MI"
"453","Michigan","professional",142540,6203,2024,"MI"
"454","Michigan","doctorate",103580,5893,2024,"MI"
"455","Michigan","poverty",1334859,27543,2024,"MI"
"456","Michigan","median_income",72389,567,2024,"MI"
"457","Michigan","labor_force",5109095,19229,2024,"MI"
"458","Michigan","unemployed",229894,8072,2024,"MI"
"459","Michigan","median_rent",1168,11,2024,"MI"
"460","Michigan","median_home_value",254200,1616,2024,"MI"
"461","Minnesota","median_age",39.2,0.1,2024,"MN"
"462","Minnesota","total_pop",5793151,NA,2024,"MN"
"463","Minnesota","white",4398985,7897,2024,"MN"
"464","Minnesota","black",438523,9615,2024,"MN"
"465","Minnesota","native",55851,3755,2024,"MN"
"466","Minnesota","asian",304164,5085,2024,"MN"
"467","Minnesota","pacific",3578,1239,2024,"MN"
"468","Minnesota","other",167125,10492,2024,"MN"
"469","Minnesota","multiracial",424925,14797,2024,"MN"
"470","Minnesota","hispanic",388435,803,2024,"MN"
"471","Minnesota","college",1036960,15462,2024,"MN"
"472","Minnesota","masters",393387,9749,2024,"MN"
"473","Minnesota","professional",95661,4830,2024,"MN"
"474","Minnesota","doctorate",68184,4339,2024,"MN"
"475","Minnesota","poverty",529398,20956,2024,"MN"
"476","Minnesota","median_income",87117,961,2024,"MN"
"477","Minnesota","labor_force",3174343,11965,2024,"MN"
"478","Minnesota","unemployed",118033,6959,2024,"MN"
"479","Minnesota","median_rent",1291,17,2024,"MN"
"480","Minnesota","median_home_value",344600,1807,2024,"MN"
"481","Mississippi","median_age",39.3,0.3,2024,"MS"
"482","Mississippi","total_pop",2943045,NA,2024,"MS"
"483","Mississippi","white",1635264,4798,2024,"MS"
"484","Mississippi","black",1055971,8896,2024,"MS"
"485","Mississippi","native",14801,1985,2024,"MS"
"486","Mississippi","asian",36241,3379,2024,"MS"
"487","Mississippi","pacific",505,362,2024,"MS"
"488","Mississippi","other",59068,6233,2024,"MS"
"489","Mississippi","multiracial",141195,9187,2024,"MS"
"490","Mississippi","hispanic",118529,3253,2024,"MS"
"491","Mississippi","college",323161,10450,2024,"MS"
"492","Mississippi","masters",149384,6611,2024,"MS"
"493","Mississippi","professional",33649,3867,2024,"MS"
"494","Mississippi","doctorate",29725,2998,2024,"MS"
"495","Mississippi","poverty",507719,23283,2024,"MS"
"496","Mississippi","median_income",59127,1560,2024,"MS"
"497","Mississippi","labor_force",1377664,14556,2024,"MS"
"498","Mississippi","unemployed",63438,4427,2024,"MS"
"499","Mississippi","median_rent",990,15,2024,"MS"
"500","Mississippi","median_home_value",186500,3787,2024,"MS"
"501","Missouri","median_age",39.4,0.2,2024,"MO"
"502","Missouri","total_pop",6245466,NA,2024,"MO"
"503","Missouri","white",4845736,10199,2024,"MO"
"504","Missouri","black",653876,11333,2024,"MO"
"505","Missouri","native",21364,2515,2024,"MO"
"506","Missouri","asian",141648,3705,2024,"MO"
"507","Missouri","pacific",9070,3034,2024,"MO"
"508","Missouri","other",117967,10252,2024,"MO"
"509","Missouri","multiracial",455805,15331,2024,"MO"
"510","Missouri","hispanic",346700,1616,2024,"MO"
"511","Missouri","college",866234,15549,2024,"MO"
"512","Missouri","masters",414880,11184,2024,"MO"
"513","Missouri","professional",84355,5537,2024,"MO"
"514","Missouri","doctorate",74907,4281,2024,"MO"
"515","Missouri","poverty",745363,25704,2024,"MO"
"516","Missouri","median_income",71589,703,2024,"MO"
"517","Missouri","labor_force",3185720,18195,2024,"MO"
"518","Missouri","unemployed",103542,6014,2024,"MO"
"519","Missouri","median_rent",1067,14,2024,"MO"
"520","Missouri","median_home_value",254400,2059,2024,"MO"
"521","Montana","median_age",41.3,0.3,2024,"MT"
"522","Montana","total_pop",1137233,NA,2024,"MT"
"523","Montana","white",962408,4650,2024,"MT"
"524","Montana","black",3515,1011,2024,"MT"
"525","Montana","native",61550,3304,2024,"MT"
"526","Montana","asian",9405,1387,2024,"MT"
"527","Montana","pacific",1248,874,2024,"MT"
"528","Montana","other",11549,2490,2024,"MT"
"529","Montana","multiracial",87558,5226,2024,"MT"
"530","Montana","hispanic",55506,236,2024,"MT"
"531","Montana","college",195240,7328,2024,"MT"
"532","Montana","masters",68347,3800,2024,"MT"
"533","Montana","professional",17037,2192,2024,"MT"
"534","Montana","doctorate",11420,1789,2024,"MT"
"535","Montana","poverty",113684,7954,2024,"MT"
"536","Montana","median_income",75340,1635,2024,"MT"
"537","Montana","labor_force",589412,6460,2024,"MT"
"538","Montana","unemployed",17462,2259,2024,"MT"
"539","Montana","median_rent",1177,42,2024,"MT"
"540","Montana","median_home_value",425400,10246,2024,"MT"
"541","Nebraska","median_age",37.4,0.2,2024,"NE"
"542","Nebraska","total_pop",2005466,NA,2024,"NE"
"543","Nebraska","white",1536801,6185,2024,"NE"
"544","Nebraska","black",96111,5267,2024,"NE"
"545","Nebraska","native",25488,4245,2024,"NE"
"546","Nebraska","asian",55380,2766,2024,"NE"
"547","Nebraska","pacific",1663,793,2024,"NE"
"548","Nebraska","other",92000,7955,2024,"NE"
"549","Nebraska","multiracial",198023,9861,2024,"NE"
"550","Nebraska","hispanic",271524,398,2024,"NE"
"551","Nebraska","college",296206,8127,2024,"NE"
"552","Nebraska","masters",124747,5438,2024,"NE"
"553","Nebraska","professional",26411,2325,2024,"NE"
"554","Nebraska","doctorate",21780,2309,2024,"NE"
"555","Nebraska","poverty",212793,11375,2024,"NE"
"556","Nebraska","median_income",76376,1384,2024,"NE"
"557","Nebraska","labor_force",1081853,8502,2024,"NE"
"558","Nebraska","unemployed",36785,3301,2024,"NE"
"559","Nebraska","median_rent",1102,17,2024,"NE"
"560","Nebraska","median_home_value",263100,3117,2024,"NE"
"561","Nevada","median_age",39.5,0.2,2024,"NV"
"562","Nevada","total_pop",3267467,NA,2024,"NV"
"563","Nevada","white",1568971,13263,2024,"NV"
"564","Nevada","black",310896,9776,2024,"NV"
"565","Nevada","native",45777,6816,2024,"NV"
"566","Nevada","asian",308815,7881,2024,"NV"
"567","Nevada","pacific",27025,2029,2024,"NV"
"568","Nevada","other",439413,20110,2024,"NV"
"569","Nevada","multiracial",566570,22337,2024,"NV"
"570","Nevada","hispanic",999427,NA,2024,"NV"
"571","Nevada","college",427382,11116,2024,"NV"
"572","Nevada","masters",157385,7932,2024,"NV"
"573","Nevada","professional",49411,4051,2024,"NV"
"574","Nevada","doctorate",27030,3262,2024,"NV"
"575","Nevada","poverty",374033,23623,2024,"NV"
"576","Nevada","median_income",81134,1112,2024,"NV"
"577","Nevada","labor_force",1705372,12150,2024,"NV"
"578","Nevada","unemployed",107149,8306,2024,"NV"
"579","Nevada","median_rent",1709,16,2024,"NV"
"580","Nevada","median_home_value",455500,3836,2024,"NV"
"581","New Hampshire","median_age",43.6,0.2,2024,"NH"
"582","New Hampshire","total_pop",1409032,NA,2024,"NH"
"583","New Hampshire","white",1233738,5039,2024,"NH"
"584","New Hampshire","black",21273,2751,2024,"NH"
"585","New Hampshire","native",2802,1072,2024,"NH"
"586","New Hampshire","asian",37847,2296,2024,"NH"
"587","New Hampshire","pacific",337,266,2024,"NH"
"588","New Hampshire","other",22629,4745,2024,"NH"
"589","New Hampshire","multiracial",90406,7014,2024,"NH"
"590","New Hampshire","hispanic",70912,NA,2024,"NH"
"591","New Hampshire","college",258359,7459,2024,"NH"
"592","New Hampshire","masters",130535,5467,2024,"NH"
"593","New Hampshire","professional",23401,2351,2024,"NH"
"594","New Hampshire","doctorate",18680,2564,2024,"NH"
"595","New Hampshire","poverty",98596,7844,2024,"NH"
"596","New Hampshire","median_income",99782,2489,2024,"NH"
"597","New Hampshire","labor_force",791352,8566,2024,"NH"
"598","New Hampshire","unemployed",21972,2752,2024,"NH"
"599","New Hampshire","median_rent",1558,46,2024,"NH"
"600","New Hampshire","median_home_value",458800,6138,2024,"NH"
"601","New Jersey","median_age",40.1,0.1,2024,"NJ"
"602","New Jersey","total_pop",9500851,NA,2024,"NJ"
"603","New Jersey","white",4972387,20813,2024,"NJ"
"604","New Jersey","black",1225718,15955,2024,"NJ"
"605","New Jersey","native",67634,10437,2024,"NJ"
"606","New Jersey","asian",1013268,7818,2024,"NJ"
"607","New Jersey","pacific",3366,1196,2024,"NJ"
"608","New Jersey","other",1072103,27031,2024,"NJ"
"609","New Jersey","multiracial",1146375,27288,2024,"NJ"
"610","New Jersey","hispanic",2229464,NA,2024,"NJ"
"611","New Jersey","college",1756497,22807,2024,"NJ"
"612","New Jersey","masters",895372,14924,2024,"NJ"
"613","New Jersey","professional",183885,7747,2024,"NJ"
"614","New Jersey","doctorate",129778,5571,2024,"NJ"
"615","New Jersey","poverty",859029,29158,2024,"NJ"
"616","New Jersey","median_income",104294,997,2024,"NJ"
"617","New Jersey","labor_force",5145349,17224,2024,"NJ"
"618","New Jersey","unemployed",278179,11925,2024,"NJ"
"619","New Jersey","median_rent",1800,15,2024,"NJ"
"620","New Jersey","median_home_value",496000,2982,2024,"NJ"
"621","New Mexico","median_age",39.9,0.3,2024,"NM"
"622","New Mexico","total_pop",2130256,NA,2024,"NM"
"623","New Mexico","white",987403,14908,2024,"NM"
"624","New Mexico","black",50050,4711,2024,"NM"
"625","New Mexico","native",205793,6228,2024,"NM"
"626","New Mexico","asian",42644,2995,2024,"NM"
"627","New Mexico","pacific",1809,947,2024,"NM"
"628","New Mexico","other",292071,18861,2024,"NM"
"629","New Mexico","multiracial",550486,16454,2024,"NM"
"630","New Mexico","hispanic",1046253,NA,2024,"NM"
"631","New Mexico","college",264524,8660,2024,"NM"
"632","New Mexico","masters",144596,5985,2024,"NM"
"633","New Mexico","professional",28311,2749,2024,"NM"
"634","New Mexico","doctorate",34712,3412,2024,"NM"
"635","New Mexico","poverty",343235,18877,2024,"NM"
"636","New Mexico","median_income",67816,1867,2024,"NM"
"637","New Mexico","labor_force",1007957,11825,2024,"NM"
"638","New Mexico","unemployed",53097,4161,2024,"NM"
"639","New Mexico","median_rent",1117,25,2024,"NM"
"640","New Mexico","median_home_value",279900,4338,2024,"NM"
"641","New York","median_age",40.1,0.2,2024,"NY"
"642","New York","total_pop",19867248,NA,2024,"NY"
"643","New York","white",10793935,26496,2024,"NY"
"644","New York","black",2828127,26005,2024,"NY"
"645","New York","native",118866,12254,2024,"NY"
"646","New York","asian",1893851,11136,2024,"NY"
"647","New York","pacific",8246,2710,2024,"NY"
"648","New York","other",2231063,37986,2024,"NY"
"649","New York","multiracial",1993160,40149,2024,"NY"
"650","New York","hispanic",4019288,304,2024,"NY"
"651","New York","college",3224981,30299,2024,"NY"
"652","New York","masters",1875385,22279,2024,"NY"
"653","New York","professional",454144,12861,2024,"NY"
"654","New York","doctorate",264555,10829,2024,"NY"
"655","New York","poverty",2704799,50713,2024,"NY"
"656","New York","median_income",85820,653,2024,"NY"
"657","New York","labor_force",10284583,30811,2024,"NY"
"658","New York","unemployed",547371,15213,2024,"NY"
"659","New York","median_rent",1634,11,2024,"NY"
"660","New York","median_home_value",449800,3718,2024,"NY"
"661","North Carolina","median_age",39.4,0.2,2024,"NC"
"662","North Carolina","total_pop",11046024,NA,2024,"NC"
"663","North Carolina","white",6720153,16100,2024,"NC"
"664","North Carolina","black",2189327,17715,2024,"NC"
"665","North Carolina","native",129569,8190,2024,"NC"
"666","North Carolina","asian",400663,6053,2024,"NC"
"667","North Carolina","pacific",8442,2221,2024,"NC"
"668","North Carolina","other",617585,25445,2024,"NC"
"669","North Carolina","multiracial",980285,28934,2024,"NC"
"670","North Carolina","hispanic",1324570,413,2024,"NC"
"671","North Carolina","college",1729048,25169,2024,"NC"
"672","North Carolina","masters",814143,17078,2024,"NC"
"673","North Carolina","professional",156731,6380,2024,"NC"
"674","North Carolina","doctorate",140002,6889,2024,"NC"
"675","North Carolina","poverty",1349479,29119,2024,"NC"
"676","North Carolina","median_income",73958,863,2024,"NC"
"677","North Carolina","labor_force",5592551,24378,2024,"NC"
"678","North Carolina","unemployed",223064,9686,2024,"NC"
"679","North Carolina","median_rent",1338,14,2024,"NC"
"680","North Carolina","median_home_value",333000,1908,2024,"NC"
"681","North Dakota","median_age",36.7,0.4,2024,"ND"
"682","North Dakota","total_pop",796568,NA,2024,"ND"
"683","North Dakota","white",653171,4241,2024,"ND"
"684","North Dakota","black",29903,2984,2024,"ND"
"685","North Dakota","native",33953,3026,2024,"ND"
"686","North Dakota","asian",15416,1864,2024,"ND"
"687","North Dakota","pacific",721,729,2024,"ND"
"688","North Dakota","other",10368,3100,2024,"ND"
"689","North Dakota","multiracial",53036,4998,2024,"ND"
"690","North Dakota","hispanic",39853,1189,2024,"ND"
"691","North Dakota","college",124671,5180,2024,"ND"
"692","North Dakota","masters",37611,3993,2024,"ND"
"693","North Dakota","professional",10774,2146,2024,"ND"
"694","North Dakota","doctorate",7301,1444,2024,"ND"
"695","North Dakota","poverty",85442,6937,2024,"ND"
"696","North Dakota","median_income",77871,2755,2024,"ND"
"697","North Dakota","labor_force",427335,6266,2024,"ND"
"698","North Dakota","unemployed",8163,1685,2024,"ND"
"699","North Dakota","median_rent",980,30,2024,"ND"
"700","North Dakota","median_home_value",266100,5332,2024,"ND"
"701","Ohio","median_age",39.8,0.1,2024,"OH"
"702","Ohio","total_pop",11883304,NA,2024,"OH"
"703","Ohio","white",9029891,11495,2024,"OH"
"704","Ohio","black",1444642,16617,2024,"OH"
"705","Ohio","native",25508,4157,2024,"OH"
"706","Ohio","asian",328217,6392,2024,"OH"
"707","Ohio","pacific",6015,2241,2024,"OH"
"708","Ohio","other",221958,12364,2024,"OH"
"709","Ohio","multiracial",827073,24327,2024,"OH"
"710","Ohio","hispanic",606933,1142,2024,"OH"
"711","Ohio","college",1638320,19528,2024,"OH"
"712","Ohio","masters",760646,15866,2024,"OH"
"713","Ohio","professional",147932,7058,2024,"OH"
"714","Ohio","doctorate",123145,5607,2024,"OH"
"715","Ohio","poverty",1467983,33353,2024,"OH"
"716","Ohio","median_income",72212,538,2024,"OH"
"717","Ohio","labor_force",6098736,24673,2024,"OH"
"718","Ohio","unemployed",243410,10314,2024,"OH"
"719","Ohio","median_rent",1090,9,2024,"OH"
"720","Ohio","median_home_value",239800,1395,2024,"OH"
"721","Oklahoma","median_age",37.4,0.1,2024,"OK"
"722","Oklahoma","total_pop",4095393,NA,2024,"OK"
"723","Oklahoma","white",2626931,10031,2024,"OK"
"724","Oklahoma","black",269583,8042,2024,"OK"
"725","Oklahoma","native",290584,6788,2024,"OK"
"726","Oklahoma","asian",104476,3656,2024,"OK"
"727","Oklahoma","pacific",10432,2049,2024,"OK"
"728","Oklahoma","other",174962,10199,2024,"OK"
"729","Oklahoma","multiracial",618425,14272,2024,"OK"
"730","Oklahoma","hispanic",551226,NA,2024,"OK"
"731","Oklahoma","college",513525,9753,2024,"OK"
"732","Oklahoma","masters",206392,6650,2024,"OK"
"733","Oklahoma","professional",48560,3642,2024,"OK"
"734","Oklahoma","doctorate",31133,2740,2024,"OK"
"735","Oklahoma","poverty",592663,16809,2024,"OK"
"736","Oklahoma","median_income",66148,663,2024,"OK"
"737","Oklahoma","labor_force",1976114,11557,2024,"OK"
"738","Oklahoma","unemployed",92553,5288,2024,"OK"
"739","Oklahoma","median_rent",1044,10,2024,"OK"
"740","Oklahoma","median_home_value",222100,2147,2024,"OK"
"741","Oregon","median_age",40.8,0.2,2024,"OR"
"742","Oregon","total_pop",4272371,NA,2024,"OR"
"743","Oregon","white",3139528,14273,2024,"OR"
"744","Oregon","black",82776,5095,2024,"OR"
"745","Oregon","native",48996,5824,2024,"OR"
"746","Oregon","asian",211228,5840,2024,"OR"
"747","Oregon","pacific",15767,1725,2024,"OR"
"748","Oregon","other",252157,14521,2024,"OR"
"749","Oregon","multiracial",521919,18279,2024,"OR"
"750","Oregon","hispanic",662740,NA,2024,"OR"
"751","Oregon","college",707302,13698,2024,"OR"
"752","Oregon","masters",324833,10086,2024,"OR"
"753","Oregon","professional",77310,4084,2024,"OR"
"754","Oregon","doctorate",58000,4252,2024,"OR"
"755","Oregon","poverty",493796,19583,2024,"OR"
"756","Oregon","median_income",85220,1399,2024,"OR"
"757","Oregon","labor_force",2231984,14279,2024,"OR"
"758","Oregon","unemployed",108341,5422,2024,"OR"
"759","Oregon","median_rent",1597,17,2024,"OR"
"760","Oregon","median_home_value",497500,3618,2024,"OR"
"761","Pennsylvania","median_age",41.2,0.1,2024,"PA"
"762","Pennsylvania","total_pop",13078751,NA,2024,"PA"
"763","Pennsylvania","white",9612302,16659,2024,"PA"
"764","Pennsylvania","black",1378148,17434,2024,"PA"
"765","Pennsylvania","native",35928,8610,2024,"PA"
"766","Pennsylvania","asian",546264,7443,2024,"PA"
"767","Pennsylvania","pacific",3448,1847,2024,"PA"
"768","Pennsylvania","other",505424,21919,2024,"PA"
"769","Pennsylvania","multiracial",997237,24218,2024,"PA"
"770","Pennsylvania","hispanic",1232617,601,2024,"PA"
"771","Pennsylvania","college",1974602,24086,2024,"PA"
"772","Pennsylvania","masters",991155,13973,2024,"PA"
"773","Pennsylvania","professional",217059,7612,2024,"PA"
"774","Pennsylvania","doctorate",186694,8492,2024,"PA"
"775","Pennsylvania","poverty",1464236,33897,2024,"PA"
"776","Pennsylvania","median_income",77545,816,2024,"PA"
"777","Pennsylvania","labor_force",6802567,24725,2024,"PA"
"778","Pennsylvania","unemployed",295588,11890,2024,"PA"
"779","Pennsylvania","median_rent",1252,12,2024,"PA"
"780","Pennsylvania","median_home_value",277600,1517,2024,"PA"
"781","Rhode Island","median_age",41,0.3,2024,"RI"
"782","Rhode Island","total_pop",1112308,NA,2024,"RI"
"783","Rhode Island","white",762360,7874,2024,"RI"
"784","Rhode Island","black",61764,7067,2024,"RI"
"785","Rhode Island","native",6760,3409,2024,"RI"
"786","Rhode Island","asian",41755,2184,2024,"RI"
"787","Rhode Island","pacific",583,472,2024,"RI"
"788","Rhode Island","other",95036,10749,2024,"RI"
"789","Rhode Island","multiracial",144050,12778,2024,"RI"
"790","Rhode Island","hispanic",208976,NA,2024,"RI"
"791","Rhode Island","college",179725,8274,2024,"RI"
"792","Rhode Island","masters",94336,5377,2024,"RI"
"793","Rhode Island","professional",20918,2774,2024,"RI"
"794","Rhode Island","doctorate",15903,2506,2024,"RI"
"795","Rhode Island","poverty",130333,11261,2024,"RI"
"796","Rhode Island","median_income",83504,3548,2024,"RI"
"797","Rhode Island","labor_force",610041,8253,2024,"RI"
"798","Rhode Island","unemployed",30755,3727,2024,"RI"
"799","Rhode Island","median_rent",1418,46,2024,"RI"
"800","Rhode Island","median_home_value",455700,6647,2024,"RI"
"801","South Carolina","median_age",40.7,0.2,2024,"SC"
"802","South Carolina","total_pop",5478831,NA,2024,"SC"
"803","South Carolina","white",3462009,12360,2024,"SC"
"804","South Carolina","black",1294946,13668,2024,"SC"
"805","South Carolina","native",25246,4650,2024,"SC"
"806","South Carolina","asian",109707,5031,2024,"SC"
"807","South Carolina","pacific",3210,1639,2024,"SC"
"808","South Carolina","other",143627,12732,2024,"SC"
"809","South Carolina","multiracial",440086,17393,2024,"SC"
"810","South Carolina","hispanic",434217,1545,2024,"SC"
"811","South Carolina","college",777135,14152,2024,"SC"
"812","South Carolina","masters",371238,10945,2024,"SC"
"813","South Carolina","professional",71156,4369,2024,"SC"
"814","South Carolina","doctorate",55760,4196,2024,"SC"
"815","South Carolina","poverty",707939,25914,2024,"SC"
"816","South Carolina","median_income",72350,959,2024,"SC"
"817","South Carolina","labor_force",2700129,18080,2024,"SC"
"818","South Carolina","unemployed",121600,6837,2024,"SC"
"819","South Carolina","median_rent",1272,28,2024,"SC"
"820","South Carolina","median_home_value",299500,3303,2024,"SC"
"821","South Dakota","median_age",38.7,0.4,2024,"SD"
"822","South Dakota","total_pop",924669,NA,2024,"SD"
"823","South Dakota","white",739067,3841,2024,"SD"
"824","South Dakota","black",18750,3029,2024,"SD"
"825","South Dakota","native",69839,3557,2024,"SD"
"826","South Dakota","asian",15776,2242,2024,"SD"
"827","South Dakota","pacific",152,189,2024,"SD"
"828","South Dakota","other",15527,3661,2024,"SD"
"829","South Dakota","multiracial",65558,5994,2024,"SD"
"830","South Dakota","hispanic",44947,1281,2024,"SD"
"831","South Dakota","college",143172,5124,2024,"SD"
"832","South Dakota","masters",48476,3434,2024,"SD"
"833","South Dakota","professional",10861,1439,2024,"SD"
"834","South Dakota","doctorate",10544,1771,2024,"SD"
"835","South Dakota","poverty",93272,7375,2024,"SD"
"836","South Dakota","median_income",76881,1990,2024,"SD"
"837","South Dakota","labor_force",494515,6040,2024,"SD"
"838","South Dakota","unemployed",13884,2651,2024,"SD"
"839","South Dakota","median_rent",999,31,2024,"SD"
"840","South Dakota","median_home_value",289600,6421,2024,"SD"
"841","Tennessee","median_age",39.1,0.2,2024,"TN"
"842","Tennessee","total_pop",7227750,NA,2024,"TN"
"843","Tennessee","white",5201024,10500,2024,"TN"
"844","Tennessee","black",1083961,13877,2024,"TN"
"845","Tennessee","native",25886,6165,2024,"TN"
"846","Tennessee","asian",145954,5262,2024,"TN"
"847","Tennessee","pacific",3469,1415,2024,"TN"
"848","Tennessee","other",212606,14518,2024,"TN"
"849","Tennessee","multiracial",554850,20905,2024,"TN"
"850","Tennessee","hispanic",566839,2534,2024,"TN"
"851","Tennessee","college",1000016,17339,2024,"TN"
"852","Tennessee","masters",434694,12547,2024,"TN"
"853","Tennessee","professional",102600,5796,2024,"TN"
"854","Tennessee","doctorate",82444,6141,2024,"TN"
"855","Tennessee","poverty",951389,29075,2024,"TN"
"856","Tennessee","median_income",71997,638,2024,"TN"
"857","Tennessee","labor_force",3680703,17129,2024,"TN"
"858","Tennessee","unemployed",155583,7585,2024,"TN"
"859","Tennessee","median_rent",1284,16,2024,"TN"
"860","Tennessee","median_home_value",332600,2448,2024,"TN"
"861","Texas","median_age",35.9,0.1,2024,"TX"
"862","Texas","total_pop",31290831,NA,2024,"TX"
"863","Texas","white",14780203,62155,2024,"TX"
"864","Texas","black",3862943,26579,2024,"TX"
"865","Texas","native",268376,19599,2024,"TX"
"866","Texas","asian",1917758,13730,2024,"TX"
"867","Texas","pacific",26245,4142,2024,"TX"
"868","Texas","other",2931351,61757,2024,"TX"
"869","Texas","multiracial",7503955,80349,2024,"TX"
"870","Texas","hispanic",12602305,NA,2024,"TX"
"871","Texas","college",4546698,37883,2024,"TX"
"872","Texas","masters",1985059,25175,2024,"TX"
"873","Texas","professional",395166,13577,2024,"TX"
"874","Texas","doctorate",308724,10825,2024,"TX"
"875","Texas","poverty",4108899,76334,2024,"TX"
"876","Texas","median_income",79721,564,2024,"TX"
"877","Texas","labor_force",16034699,43049,2024,"TX"
"878","Texas","unemployed",775249,21212,2024,"TX"
"879","Texas","median_rent",1475,8,2024,"TX"
"880","Texas","median_home_value",313200,1780,2024,"TX"
"881","Utah","median_age",32.5,0.1,2024,"UT"
"882","Utah","total_pop",3503613,NA,2024,"UT"
"883","Utah","white",2714710,11098,2024,"UT"
"884","Utah","black",43219,4163,2024,"UT"
"885","Utah","native",36594,4082,2024,"UT"
"886","Utah","asian",95743,4836,2024,"UT"
"887","Utah","pacific",30497,3715,2024,"UT"
"888","Utah","other",202796,13398,2024,"UT"
"889","Utah","multiracial",380054,16629,2024,"UT"
"890","Utah","hispanic",592412,NA,2024,"UT"
"891","Utah","college",548027,12711,2024,"UT"
"892","Utah","masters",217680,8081,2024,"UT"
"893","Utah","professional",39824,3540,2024,"UT"
"894","Utah","doctorate",36750,3025,2024,"UT"
"895","Utah","poverty",286572,15014,2024,"UT"
"896","Utah","median_income",96658,1179,2024,"UT"
"897","Utah","labor_force",1868725,10935,2024,"UT"
"898","Utah","unemployed",70585,5325,2024,"UT"
"899","Utah","median_rent",1593,27,2024,"UT"
"900","Utah","median_home_value",545200,6188,2024,"UT"
"901","Vermont","median_age",43.9,0.3,2024,"VT"
"902","Vermont","total_pop",648493,NA,2024,"VT"
"903","Vermont","white",584330,2155,2024,"VT"
"904","Vermont","black",6276,1244,2024,"VT"
"905","Vermont","native",1168,622,2024,"VT"
"906","Vermont","asian",13343,1569,2024,"VT"
"907","Vermont","pacific",7,13,2024,"VT"
"908","Vermont","other",4277,1348,2024,"VT"
"909","Vermont","multiracial",39092,2738,2024,"VT"
"910","Vermont","hispanic",17401,NA,2024,"VT"
"911","Vermont","college",122734,4753,2024,"VT"
"912","Vermont","masters",64348,4021,2024,"VT"
"913","Vermont","professional",14668,1840,2024,"VT"
"914","Vermont","doctorate",12162,1600,2024,"VT"
"915","Vermont","poverty",56348,5276,2024,"VT"
"916","Vermont","median_income",82730,1846,2024,"VT"
"917","Vermont","labor_force",358176,4384,2024,"VT"
"918","Vermont","unemployed",9554,1469,2024,"VT"
"919","Vermont","median_rent",1319,54,2024,"VT"
"920","Vermont","median_home_value",352800,7277,2024,"VT"
"921","Virginia","median_age",39.4,0.2,2024,"VA"
"922","Virginia","total_pop",8811195,NA,2024,"VA"
"923","Virginia","white",5224503,12959,2024,"VA"
"924","Virginia","black",1605505,14031,2024,"VA"
"925","Virginia","native",36525,5538,2024,"VA"
"926","Virginia","asian",632236,8508,2024,"VA"
"927","Virginia","pacific",6612,1896,2024,"VA"
"928","Virginia","other",407953,20158,2024,"VA"
"929","Virginia","multiracial",897861,22760,2024,"VA"
"930","Virginia","hispanic",1017833,1589,2024,"VA"
"931","Virginia","college",1475874,22255,2024,"VA"
"932","Virginia","masters",875633,17350,2024,"VA"
"933","Virginia","professional",160311,5666,2024,"VA"
"934","Virginia","doctorate",137564,6855,2024,"VA"
"935","Virginia","poverty",835556,26795,2024,"VA"
"936","Virginia","median_income",92090,831,2024,"VA"
"937","Virginia","labor_force",4546485,20566,2024,"VA"
"938","Virginia","unemployed",164596,7411,2024,"VA"
"939","Virginia","median_rent",1646,16,2024,"VA"
"940","Virginia","median_home_value",403500,3411,2024,"VA"
"941","Washington","median_age",38.7,0.2,2024,"WA"
"942","Washington","total_pop",7958180,NA,2024,"WA"
"943","Washington","white",5093664,15304,2024,"WA"
"944","Washington","black",326086,9793,2024,"WA"
"945","Washington","native",98215,7188,2024,"WA"
"946","Washington","asian",852985,9225,2024,"WA"
"947","Washington","pacific",60426,4974,2024,"WA"
"948","Washington","other",447338,20874,2024,"WA"
"949","Washington","multiracial",1079466,25604,2024,"WA"
"950","Washington","hispanic",1194522,NA,2024,"WA"
"951","Washington","college",1372926,19500,2024,"WA"
"952","Washington","masters",683345,15410,2024,"WA"
"953","Washington","professional",140269,6935,2024,"WA"
"954","Washington","doctorate",113323,5239,2024,"WA"
"955","Washington","poverty",776683,22218,2024,"WA"
"956","Washington","median_income",99389,1322,2024,"WA"
"957","Washington","labor_force",4167685,18484,2024,"WA"
"958","Washington","unemployed",203073,8938,2024,"WA"
"959","Washington","median_rent",1824,14,2024,"WA"
"960","Washington","median_home_value",602200,3897,2024,"WA"
"961","West Virginia","median_age",42.9,0.3,2024,"WV"
"962","West Virginia","total_pop",1769979,NA,2024,"WV"
"963","West Virginia","white",1582278,5029,2024,"WV"
"964","West Virginia","black",56949,3313,2024,"WV"
"965","West Virginia","native",3369,1269,2024,"WV"
"966","West Virginia","asian",12501,1790,2024,"WV"
"967","West Virginia","pacific",251,196,2024,"WV"
"968","West Virginia","other",18888,3114,2024,"WV"
"969","West Virginia","multiracial",95743,5021,2024,"WV"
"970","West Virginia","hispanic",41002,1640,2024,"WV"
"971","West Virginia","college",187714,7689,2024,"WV"
"972","West Virginia","masters",88027,4988,2024,"WV"
"973","West Virginia","professional",20357,2873,2024,"WV"
"974","West Virginia","doctorate",13183,1554,2024,"WV"
"975","West Virginia","poverty",286737,12801,2024,"WV"
"976","West Virginia","median_income",60798,1120,2024,"WV"
"977","West Virginia","labor_force",804058,9721,2024,"WV"
"978","West Virginia","unemployed",37264,3403,2024,"WV"
"979","West Virginia","median_rent",883,19,2024,"WV"
"980","West Virginia","median_home_value",170800,2594,2024,"WV"
"981","Wisconsin","median_age",40.7,0.2,2024,"WI"
"982","Wisconsin","total_pop",5960975,NA,2024,"WI"
"983","Wisconsin","white",4741979,10739,2024,"WI"
"984","Wisconsin","black",364289,7482,2024,"WI"
"985","Wisconsin","native",50562,4730,2024,"WI"
"986","Wisconsin","asian",186141,4091,2024,"WI"
"987","Wisconsin","pacific",3185,1100,2024,"WI"
"988","Wisconsin","other",151075,9236,2024,"WI"
"989","Wisconsin","multiracial",463744,14399,2024,"WI"
"990","Wisconsin","hispanic",499904,398,2024,"WI"
"991","Wisconsin","college",943201,13959,2024,"WI"
"992","Wisconsin","masters",362471,9449,2024,"WI"
"993","Wisconsin","professional",74596,4022,2024,"WI"
"994","Wisconsin","doctorate",61628,3771,2024,"WI"
"995","Wisconsin","poverty",601246,19433,2024,"WI"
"996","Wisconsin","median_income",77488,902,2024,"WI"
"997","Wisconsin","labor_force",3187642,13669,2024,"WI"
"998","Wisconsin","unemployed",97244,6144,2024,"WI"
"999","Wisconsin","median_rent",1142,10,2024,"WI"
"1000","Wisconsin","median_home_value",294700,1862,2024,"WI"
"1001","Wyoming","median_age",40.2,0.4,2024,"WY"
"1002","Wyoming","total_pop",587618,NA,2024,"WY"
"1003","Wyoming","white",489502,5246,2024,"WY"
"1004","Wyoming","black",4599,1165,2024,"WY"
"1005","Wyoming","native",10218,1336,2024,"WY"
"1006","Wyoming","asian",5818,1255,2024,"WY"
"1007","Wyoming","pacific",822,553,2024,"WY"
"1008","Wyoming","other",23840,3617,2024,"WY"
"1009","Wyoming","multiracial",52819,5072,2024,"WY"
"1010","Wyoming","hispanic",65030,NA,2024,"WY"
"1011","Wyoming","college",82918,5932,2024,"WY"
"1012","Wyoming","masters",35122,3230,2024,"WY"
"1013","Wyoming","professional",5635,1457,2024,"WY"
"1014","Wyoming","doctorate",8475,1839,2024,"WY"
"1015","Wyoming","poverty",58071,6805,2024,"WY"
"1016","Wyoming","median_income",75532,2468,2024,"WY"
"1017","Wyoming","labor_force",307647,5376,2024,"WY"
"1018","Wyoming","unemployed",10546,2010,2024,"WY"
"1019","Wyoming","median_rent",998,38,2024,"WY"
"1020","Wyoming","median_home_value",339500,8452,2024,"WY"
"1021","Puerto Rico","median_age",45.4,0.2,2024,"PR"
"1022","Puerto Rico","total_pop",3203295,NA,2024,"PR"
"1023","Puerto Rico","white",726630,19463,2024,"PR"
"1024","Puerto Rico","black",175405,13094,2024,"PR"
"1025","Puerto Rico","native",9070,2755,2024,"PR"
"1026","Puerto Rico","asian",5467,1661,2024,"PR"
"1027","Puerto Rico","pacific",360,524,2024,"PR"
"1028","Puerto Rico","other",1062348,24954,2024,"PR"
"1029","Puerto Rico","multiracial",1224015,24416,2024,"PR"
"1030","Puerto Rico","hispanic",3167325,5258,2024,"PR"
"1031","Puerto Rico","college",506436,12736,2024,"PR"
"1032","Puerto Rico","masters",151031,8167,2024,"PR"
"1033","Puerto Rico","professional",31215,3405,2024,"PR"
"1034","Puerto Rico","doctorate",32445,3426,2024,"PR"
"1035","Puerto Rico","poverty",1184965,30230,2024,"PR"
"1036","Puerto Rico","median_income",27213,751,2024,"PR"
"1037","Puerto Rico","labor_force",1325458,15727,2024,"PR"
"1038","Puerto Rico","unemployed",111971,7640,2024,"PR"
"1039","Puerto Rico","median_rent",580,14,2024,"PR"
"1040","Puerto Rico","median_home_value",142100,1869,2024,"PR"
"1041","Alabama","median_age",39.6,0.2,2023,"AL"
"1042","Alabama","total_pop",5108468,NA,2023,"AL"
"1043","Alabama","white",3303941,8837,2023,"AL"
"1044","Alabama","black",1298757,9743,2023,"AL"
"1045","Alabama","native",24491,4132,2023,"AL"
"1046","Alabama","asian",77445,3150,2023,"AL"
"1047","Alabama","pacific",2645,1300,2023,"AL"
"1048","Alabama","other",116209,8593,2023,"AL"
"1049","Alabama","multiracial",284980,13137,2023,"AL"
"1050","Alabama","hispanic",290906,2142,2023,"AL"
"1051","Alabama","college",616025,13028,2023,"AL"
"1052","Alabama","masters",284788,10737,2023,"AL"
"1053","Alabama","professional",64530,4242,2023,"AL"
"1054","Alabama","doctorate",45497,3625,2023,"AL"
"1055","Alabama","poverty",773166,24550,2023,"AL"
"1056","Alabama","median_income",62212,711,2023,"AL"
"1057","Alabama","labor_force",2394000,14439,2023,"AL"
"1058","Alabama","unemployed",96059,6873,2023,"AL"
"1059","Alabama","median_rent",982,14,2023,"AL"
"1060","Alabama","median_home_value",216600,2406,2023,"AL"
"1061","Alaska","median_age",36.5,0.3,2023,"AK"
"1062","Alaska","total_pop",733406,NA,2023,"AK"
"1063","Alaska","white",436860,4325,2023,"AK"
"1064","Alaska","black",21022,2459,2023,"AK"
"1065","Alaska","native",98745,4687,2023,"AK"
"1066","Alaska","asian",43330,2801,2023,"AK"
"1067","Alaska","pacific",10646,1068,2023,"AK"
"1068","Alaska","other",19432,3315,2023,"AK"
"1069","Alaska","multiracial",103371,6701,2023,"AK"
"1070","Alaska","hispanic",54860,94,2023,"AK"
"1071","Alaska","college",99091,5225,2023,"AK"
"1072","Alaska","masters",43218,3680,2023,"AK"
"1073","Alaska","professional",9328,1560,2023,"AK"
"1074","Alaska","doctorate",7570,1547,2023,"AK"
"1075","Alaska","poverty",74353,5930,2023,"AK"
"1076","Alaska","median_income",86631,2575,2023,"AK"
"1077","Alaska","labor_force",362965,5641,2023,"AK"
"1078","Alaska","unemployed",17505,2249,2023,"AK"
"1079","Alaska","median_rent",1373,37,2023,"AK"
"1080","Alaska","median_home_value",347500,5906,2023,"AK"
"1081","Arizona","median_age",39.3,0.2,2023,"AZ"
"1082","Arizona","total_pop",7431344,NA,2023,"AZ"
"1083","Arizona","white",4329503,25480,2023,"AZ"
"1084","Arizona","black",356832,11618,2023,"AZ"
"1085","Arizona","native",294583,9277,2023,"AZ"
"1086","Arizona","asian",269995,6692,2023,"AZ"
"1087","Arizona","pacific",16857,2385,2023,"AZ"
"1088","Arizona","other",682787,27766,2023,"AZ"
"1089","Arizona","multiracial",1480787,30434,2023,"AZ"
"1090","Arizona","hispanic",2346808,NA,2023,"AZ"
"1091","Arizona","college",1051136,16319,2023,"AZ"
"1092","Arizona","masters",481790,11889,2023,"AZ"
"1093","Arizona","professional",110999,7181,2023,"AZ"
"1094","Arizona","doctorate",82191,4666,2023,"AZ"
"1095","Arizona","poverty",905418,32734,2023,"AZ"
"1096","Arizona","median_income",77315,931,2023,"AZ"
"1097","Arizona","labor_force",3648728,19228,2023,"AZ"
"1098","Arizona","unemployed",155185,7917,2023,"AZ"
"1099","Arizona","median_rent",1608,16,2023,"AZ"
"1100","Arizona","median_home_value",411200,3380,2023,"AZ"
"1101","Arkansas","median_age",38.9,0.2,2023,"AR"
"1102","Arkansas","total_pop",3067732,NA,2023,"AR"
"1103","Arkansas","white",2112143,11846,2023,"AR"
"1104","Arkansas","black",440816,6245,2023,"AR"
"1105","Arkansas","native",17613,2708,2023,"AR"
"1106","Arkansas","asian",51703,3106,2023,"AR"
"1107","Arkansas","pacific",14304,1700,2023,"AR"
"1108","Arkansas","other",78762,7182,2023,"AR"
"1109","Arkansas","multiracial",352391,13924,2023,"AR"
"1110","Arkansas","hispanic",279899,1533,2023,"AR"
"1111","Arkansas","college",345836,11129,2023,"AR"
"1112","Arkansas","masters",140363,6753,2023,"AR"
"1113","Arkansas","professional",33947,2925,2023,"AR"
"1114","Arkansas","doctorate",23874,2566,2023,"AR"
"1115","Arkansas","poverty",466624,19172,2023,"AR"
"1116","Arkansas","median_income",58700,1155,2023,"AR"
"1117","Arkansas","labor_force",1435261,12085,2023,"AR"
"1118","Arkansas","unemployed",59710,4983,2023,"AR"
"1119","Arkansas","median_rent",933,11,2023,"AR"
"1120","Arkansas","median_home_value",195700,3625,2023,"AR"
"1121","California","median_age",38.2,0.1,2023,"CA"
"1122","California","total_pop",38965193,NA,2023,"CA"
"1123","California","white",14999252,50330,2023,"CA"
"1124","California","black",2103789,22262,2023,"CA"
"1125","California","native",546952,21699,2023,"CA"
"1126","California","asian",6146851,21851,2023,"CA"
"1127","California","pacific",150781,7340,2023,"CA"
"1128","California","other",7619295,84065,2023,"CA"
"1129","California","multiracial",7398273,85392,2023,"CA"
"1130","California","hispanic",15760437,NA,2023,"CA"
"1131","California","college",6137666,34253,2023,"CA"
"1132","California","masters",2704650,28786,2023,"CA"
"1133","California","professional",737461,18175,2023,"CA"
"1134","California","doctorate",530548,12752,2023,"CA"
"1135","California","poverty",4588687,71646,2023,"CA"
"1136","California","median_income",95521,611,2023,"CA"
"1137","California","labor_force",20137422,44866,2023,"CA"
"1138","California","unemployed",1110856,16317,2023,"CA"
"1139","California","median_rent",1992,8,2023,"CA"
"1140","California","median_home_value",725800,2850,2023,"CA"
"1141","Colorado","median_age",37.9,0.2,2023,"CO"
"1142","Colorado","total_pop",5877610,NA,2023,"CO"
"1143","Colorado","white",4136421,19081,2023,"CO"
"1144","Colorado","black",228788,8887,2023,"CO"
"1145","Colorado","native",70914,8003,2023,"CO"
"1146","Colorado","asian",196755,6553,2023,"CO"
"1147","Colorado","pacific",9888,1826,2023,"CO"
"1148","Colorado","other",369976,20384,2023,"CO"
"1149","Colorado","multiracial",864868,21428,2023,"CO"
"1150","Colorado","hispanic",1336324,NA,2023,"CO"
"1151","Colorado","college",1170106,19044,2023,"CO"
"1152","Colorado","masters",549490,12438,2023,"CO"
"1153","Colorado","professional",114098,6459,2023,"CO"
"1154","Colorado","doctorate",86363,4426,2023,"CO"
"1155","Colorado","poverty",536507,22964,2023,"CO"
"1156","Colorado","median_income",92911,1057,2023,"CO"
"1157","Colorado","labor_force",3276030,14932,2023,"CO"
"1158","Colorado","unemployed",124336,6619,2023,"CO"
"1159","Colorado","median_rent",1771,16,2023,"CO"
"1160","Colorado","median_home_value",550300,4023,2023,"CO"
"1161","Connecticut","median_age",41.5,0.3,2023,"CT"
"1162","Connecticut","total_pop",3617176,NA,2023,"CT"
"1163","Connecticut","white",2333901,13230,2023,"CT"
"1164","Connecticut","black",393031,10043,2023,"CT"
"1165","Connecticut","native",12371,2975,2023,"CT"
"1166","Connecticut","asian",176018,4282,2023,"CT"
"1167","Connecticut","pacific",4221,3347,2023,"CT"
"1168","Connecticut","other",305312,15769,2023,"CT"
"1169","Connecticut","multiracial",392322,15437,2023,"CT"
"1170","Connecticut","hispanic",673249,NA,2023,"CT"
"1171","Connecticut","college",591246,11765,2023,"CT"
"1172","Connecticut","masters",369161,10812,2023,"CT"
"1173","Connecticut","professional",83258,4416,2023,"CT"
"1174","Connecticut","doctorate",54650,3413,2023,"CT"
"1175","Connecticut","poverty",362024,17748,2023,"CT"
"1176","Connecticut","median_income",91665,1473,2023,"CT"
"1177","Connecticut","labor_force",1974868,10240,2023,"CT"
"1178","Connecticut","unemployed",90743,6965,2023,"CT"
"1179","Connecticut","median_rent",1463,17,2023,"CT"
"1180","Connecticut","median_home_value",367800,2990,2023,"CT"
"1181","Delaware","median_age",42,0.3,2023,"DE"
"1182","Delaware","total_pop",1031890,NA,2023,"DE"
"1183","Delaware","white",612368,3909,2023,"DE"
"1184","Delaware","black",232161,5947,2023,"DE"
"1185","Delaware","native",5247,2901,2023,"DE"
"1186","Delaware","asian",44464,1767,2023,"DE"
"1187","Delaware","pacific",287,343,2023,"DE"
"1188","Delaware","other",53050,6286,2023,"DE"
"1189","Delaware","multiracial",84313,8417,2023,"DE"
"1190","Delaware","hispanic",114623,NA,2023,"DE"
"1191","Delaware","college",153565,7503,2023,"DE"
"1192","Delaware","masters",83158,4936,2023,"DE"
"1193","Delaware","professional",14998,1767,2023,"DE"
"1194","Delaware","doctorate",14981,1961,2023,"DE"
"1195","Delaware","poverty",106027,10289,2023,"DE"
"1196","Delaware","median_income",81361,1668,2023,"DE"
"1197","Delaware","labor_force",522421,7100,2023,"DE"
"1198","Delaware","unemployed",18092,2656,2023,"DE"
"1199","Delaware","median_rent",1358,38,2023,"DE"
"1200","Delaware","median_home_value",359700,5589,2023,"DE"
"1201","District of Columbia","median_age",34.9,0.1,2023,"DC"
"1202","District of Columbia","total_pop",678972,NA,2023,"DC"
"1203","District of Columbia","white",263399,2506,2023,"DC"
"1204","District of Columbia","black",277432,6534,2023,"DC"
"1205","District of Columbia","native",1636,594,2023,"DC"
"1206","District of Columbia","asian",28224,1330,2023,"DC"
"1207","District of Columbia","pacific",724,553,2023,"DC"
"1208","District of Columbia","other",34844,6458,2023,"DC"
"1209","District of Columbia","multiracial",72713,7025,2023,"DC"
"1210","District of Columbia","hispanic",81458,NA,2023,"DC"
"1211","District of Columbia","college",129951,6402,2023,"DC"
"1212","District of Columbia","masters",113293,5486,2023,"DC"
"1213","District of Columbia","professional",50404,3574,2023,"DC"
"1214","District of Columbia","doctorate",24809,2868,2023,"DC"
"1215","District of Columbia","poverty",91068,10115,2023,"DC"
"1216","District of Columbia","median_income",108210,6847,2023,"DC"
"1217","District of Columbia","labor_force",406660,6670,2023,"DC"
"1218","District of Columbia","unemployed",21386,3245,2023,"DC"
"1219","District of Columbia","median_rent",1904,48,2023,"DC"
"1220","District of Columbia","median_home_value",715500,20516,2023,"DC"
"1221","Florida","median_age",42.8,0.2,2023,"FL"
"1222","Florida","total_pop",22610726,NA,2023,"FL"
"1223","Florida","white",12542834,40148,2023,"FL"
"1224","Florida","black",3362187,27078,2023,"FL"
"1225","Florida","native",98013,11979,2023,"FL"
"1226","Florida","asian",679873,8597,2023,"FL"
"1227","Florida","pacific",15841,2939,2023,"FL"
"1228","Florida","other",1543159,40439,2023,"FL"
"1229","Florida","multiracial",4368819,46148,2023,"FL"
"1230","Florida","hispanic",6196762,538,2023,"FL"
"1231","Florida","college",3550180,34887,2023,"FL"
"1232","Florida","masters",1515795,28232,2023,"FL"
"1233","Florida","professional",420362,15022,2023,"FL"
"1234","Florida","doctorate",247557,9190,2023,"FL"
"1235","Florida","poverty",2729519,62129,2023,"FL"
"1236","Florida","median_income",73311,577,2023,"FL"
"1237","Florida","labor_force",11191144,40194,2023,"FL"
"1238","Florida","unemployed",459949,16198,2023,"FL"
"1239","Florida","median_rent",1719,10,2023,"FL"
"1240","Florida","median_home_value",381000,1579,2023,"FL"
"1241","Georgia","median_age",37.9,0.2,2023,"GA"
"1242","Georgia","total_pop",11029227,NA,2023,"GA"
"1243","Georgia","white",5548872,18401,2023,"GA"
"1244","Georgia","black",3396552,19762,2023,"GA"
"1245","Georgia","native",51935,7710,2023,"GA"
"1246","Georgia","asian",499904,6794,2023,"GA"
"1247","Georgia","pacific",10048,3785,2023,"GA"
"1248","Georgia","other",552723,22413,2023,"GA"
"1249","Georgia","multiracial",969193,29569,2023,"GA"
"1250","Georgia","hispanic",1222577,2347,2023,"GA"
"1251","Georgia","college",1585916,23748,2023,"GA"
"1252","Georgia","masters",749619,15350,2023,"GA"
"1253","Georgia","professional",182576,7578,2023,"GA"
"1254","Georgia","doctorate",119684,6216,2023,"GA"
"1255","Georgia","poverty",1461317,38018,2023,"GA"
"1256","Georgia","median_income",74632,833,2023,"GA"
"1257","Georgia","labor_force",5593945,26464,2023,"GA"
"1258","Georgia","unemployed",247391,10099,2023,"GA"
"1259","Georgia","median_rent",1400,14,2023,"GA"
"1260","Georgia","median_home_value",323000,1915,2023,"GA"
"1261","Hawaii","median_age",41.4,0.2,2023,"HI"
"1262","Hawaii","total_pop",1435138,NA,2023,"HI"
"1263","Hawaii","white",314534,3137,2023,"HI"
"1264","Hawaii","black",24101,2105,2023,"HI"
"1265","Hawaii","native",2733,934,2023,"HI"
"1266","Hawaii","asian",526684,9107,2023,"HI"
"1267","Hawaii","pacific",135541,5484,2023,"HI"
"1268","Hawaii","other",26638,4203,2023,"HI"
"1269","Hawaii","multiracial",404907,10846,2023,"HI"
"1270","Hawaii","hispanic",145111,NA,2023,"HI"
"1271","Hawaii","college",237228,7120,2023,"HI"
"1272","Hawaii","masters",93842,4743,2023,"HI"
"1273","Hawaii","professional",31833,2462,2023,"HI"
"1274","Hawaii","doctorate",16306,1929,2023,"HI"
"1275","Hawaii","poverty",141925,10218,2023,"HI"
"1276","Hawaii","median_income",95322,2478,2023,"HI"
"1277","Hawaii","labor_force",692259,7600,2023,"HI"
"1278","Hawaii","unemployed",24424,2529,2023,"HI"
"1279","Hawaii","median_rent",1940,41,2023,"HI"
"1280","Hawaii","median_home_value",846400,11562,2023,"HI"
"1281","Idaho","median_age",37.8,0.2,2023,"ID"
"1282","Idaho","total_pop",1964726,NA,2023,"ID"
"1283","Idaho","white",1605148,11003,2023,"ID"
"1284","Idaho","black",16671,2010,2023,"ID"
"1285","Idaho","native",21606,2747,2023,"ID"
"1286","Idaho","asian",26917,2292,2023,"ID"
"1287","Idaho","pacific",3751,1314,2023,"ID"
"1288","Idaho","other",99141,9849,2023,"ID"
"1289","Idaho","multiracial",191492,11920,2023,"ID"
"1290","Idaho","hispanic",271657,NA,2023,"ID"
"1291","Idaho","college",281799,7593,2023,"ID"
"1292","Idaho","masters",96952,4315,2023,"ID"
"1293","Idaho","professional",20652,2318,2023,"ID"
"1294","Idaho","doctorate",20284,2393,2023,"ID"
"1295","Idaho","poverty",193635,12891,2023,"ID"
"1296","Idaho","median_income",74942,1126,2023,"ID"
"1297","Idaho","labor_force",971173,8502,2023,"ID"
"1298","Idaho","unemployed",34894,2942,2023,"ID"
"1299","Idaho","median_rent",1256,28,2023,"ID"
"1300","Idaho","median_home_value",428600,5445,2023,"ID"
"1301","Illinois","median_age",39.5,0.1,2023,"IL"
"1302","Illinois","total_pop",12549689,NA,2023,"IL"
"1303","Illinois","white",7617749,23481,2023,"IL"
"1304","Illinois","black",1671959,18752,2023,"IL"
"1305","Illinois","native",87339,9989,2023,"IL"
"1306","Illinois","asian",756661,8435,2023,"IL"
"1307","Illinois","pacific",5852,1599,2023,"IL"
"1308","Illinois","other",1019976,31499,2023,"IL"
"1309","Illinois","multiracial",1390153,32786,2023,"IL"
"1310","Illinois","hispanic",2378186,1783,2023,"IL"
"1311","Illinois","college",1983481,20624,2023,"IL"
"1312","Illinois","masters",990218,16579,2023,"IL"
"1313","Illinois","professional",221049,9840,2023,"IL"
"1314","Illinois","doctorate",139626,7582,2023,"IL"
"1315","Illinois","poverty",1426517,30335,2023,"IL"
"1316","Illinois","median_income",80306,635,2023,"IL"
"1317","Illinois","labor_force",6642661,22778,2023,"IL"
"1318","Illinois","unemployed",313531,11768,2023,"IL"
"1319","Illinois","median_rent",1238,12,2023,"IL"
"1320","Illinois","median_home_value",263300,1622,2023,"IL"
"1321","Indiana","median_age",38.3,0.2,2023,"IN"
"1322","Indiana","total_pop",6862199,NA,2023,"IN"
"1323","Indiana","white",5260706,11411,2023,"IN"
"1324","Indiana","black",615423,10528,2023,"IN"
"1325","Indiana","native",23479,5211,2023,"IN"
"1326","Indiana","asian",182549,5346,2023,"IN"
"1327","Indiana","pacific",4145,2000,2023,"IN"
"1328","Indiana","other",249738,13040,2023,"IN"
"1329","Indiana","multiracial",526159,18018,2023,"IN"
"1330","Indiana","hispanic",597785,1191,2023,"IN"
"1331","Indiana","college",882311,12093,2023,"IN"
"1332","Indiana","masters",376078,10461,2023,"IN"
"1333","Indiana","professional",73025,4671,2023,"IN"
"1334","Indiana","doctorate",62984,4178,2023,"IN"
"1335","Indiana","poverty",821401,24875,2023,"IN"
"1336","Indiana","median_income",69477,808,2023,"IN"
"1337","Indiana","labor_force",3515202,17935,2023,"IN"
"1338","Indiana","unemployed",127972,7054,2023,"IN"
"1339","Indiana","median_rent",1044,12,2023,"IN"
"1340","Indiana","median_home_value",225900,1902,2023,"IN"
"1341","Iowa","median_age",39.1,0.2,2023,"IA"
"1342","Iowa","total_pop",3207004,NA,2023,"IA"
"1343","Iowa","white",2701313,7324,2023,"IA"
"1344","Iowa","black",128881,6381,2023,"IA"
"1345","Iowa","native",12715,2537,2023,"IA"
"1346","Iowa","asian",75806,3860,2023,"IA"
"1347","Iowa","pacific",4425,1839,2023,"IA"
"1348","Iowa","other",74956,7341,2023,"IA"
"1349","Iowa","multiracial",208908,13070,2023,"IA"
"1350","Iowa","hispanic",234148,1153,2023,"IA"
"1351","Iowa","college",452714,10331,2023,"IA"
"1352","Iowa","masters",160651,6201,2023,"IA"
"1353","Iowa","professional",35657,2784,2023,"IA"
"1354","Iowa","doctorate",34478,2784,2023,"IA"
"1355","Iowa","poverty",351224,14199,2023,"IA"
"1356","Iowa","median_income",71433,1135,2023,"IA"
"1357","Iowa","labor_force",1701453,11418,2023,"IA"
"1358","Iowa","unemployed",47173,4022,2023,"IA"
"1359","Iowa","median_rent",949,12,2023,"IA"
"1360","Iowa","median_home_value",213300,2351,2023,"IA"
"1361","Kansas","median_age",37.9,0.2,2023,"KS"
"1362","Kansas","total_pop",2940547,NA,2023,"KS"
"1363","Kansas","white",2231934,8227,2023,"KS"
"1364","Kansas","black",157042,5282,2023,"KS"
"1365","Kansas","native",24017,2812,2023,"KS"
"1366","Kansas","asian",77248,3206,2023,"KS"
"1367","Kansas","pacific",3902,2135,2023,"KS"
"1368","Kansas","other",116640,8489,2023,"KS"
"1369","Kansas","multiracial",329764,10948,2023,"KS"
"1370","Kansas","hispanic",401676,586,2023,"KS"
"1371","Kansas","college",438965,9289,2023,"KS"
"1372","Kansas","masters",198335,6048,2023,"KS"
"1373","Kansas","professional",37539,3475,2023,"KS"
"1374","Kansas","doctorate",25874,2363,2023,"KS"
"1375","Kansas","poverty",319652,14831,2023,"KS"
"1376","Kansas","median_income",70333,1182,2023,"KS"
"1377","Kansas","labor_force",1527460,11005,2023,"KS"
"1378","Kansas","unemployed",49867,4258,2023,"KS"
"1379","Kansas","median_rent",1036,13,2023,"KS"
"1380","Kansas","median_home_value",219800,3121,2023,"KS"
"1381","Kentucky","median_age",39.2,0.2,2023,"KY"
"1382","Kentucky","total_pop",4526154,NA,2023,"KY"
"1383","Kentucky","white",3735842,7785,2023,"KY"
"1384","Kentucky","black",337882,9220,2023,"KY"
"1385","Kentucky","native",11798,2823,2023,"KY"
"1386","Kentucky","asian",64323,3607,2023,"KY"
"1387","Kentucky","pacific",2569,899,2023,"KY"
"1388","Kentucky","other",75335,7546,2023,"KY"
"1389","Kentucky","multiracial",298405,12243,2023,"KY"
"1390","Kentucky","hispanic",219536,1951,2023,"KY"
"1391","Kentucky","college",506856,13123,2023,"KY"
"1392","Kentucky","masters",256223,8969,2023,"KY"
"1393","Kentucky","professional",67687,4464,2023,"KY"
"1394","Kentucky","doctorate",34499,2937,2023,"KY"
"1395","Kentucky","poverty",720642,20801,2023,"KY"
"1396","Kentucky","median_income",61118,653,2023,"KY"
"1397","Kentucky","labor_force",2174801,12440,2023,"KY"
"1398","Kentucky","unemployed",89447,6222,2023,"KY"
"1399","Kentucky","median_rent",929,12,2023,"KY"
"1400","Kentucky","median_home_value",211800,2250,2023,"KY"
"1401","Louisiana","median_age",38.7,0.2,2023,"LA"
"1402","Louisiana","total_pop",4573749,NA,2023,"LA"
"1403","Louisiana","white",2594078,7554,2023,"LA"
"1404","Louisiana","black",1385155,12064,2023,"LA"
"1405","Louisiana","native",37468,6174,2023,"LA"
"1406","Louisiana","asian",80143,3528,2023,"LA"
"1407","Louisiana","pacific",4520,2565,2023,"LA"
"1408","Louisiana","other",111980,11792,2023,"LA"
"1409","Louisiana","multiracial",360405,13959,2023,"LA"
"1410","Louisiana","hispanic",327004,1919,2023,"LA"
"1411","Louisiana","college",525591,13916,2023,"LA"
"1412","Louisiana","masters",209154,8544,2023,"LA"
"1413","Louisiana","professional",61069,4227,2023,"LA"
"1414","Louisiana","doctorate",41704,3307,2023,"LA"
"1415","Louisiana","poverty",840146,27162,2023,"LA"
"1416","Louisiana","median_income",58229,1143,2023,"LA"
"1417","Louisiana","labor_force",2135043,16911,2023,"LA"
"1418","Louisiana","unemployed",104094,6195,2023,"LA"
"1419","Louisiana","median_rent",1020,15,2023,"LA"
"1420","Louisiana","median_home_value",215600,3099,2023,"LA"
"1421","Maine","median_age",44.9,0.2,2023,"ME"
"1422","Maine","total_pop",1395722,NA,2023,"ME"
"1423","Maine","white",1257490,5338,2023,"ME"
"1424","Maine","black",24800,2084,2023,"ME"
"1425","Maine","native",6064,1328,2023,"ME"
"1426","Maine","asian",15878,1479,2023,"ME"
"1427","Maine","pacific",732,432,2023,"ME"
"1428","Maine","other",8555,1858,2023,"ME"
"1429","Maine","multiracial",82203,6445,2023,"ME"
"1430","Maine","hispanic",31184,346,2023,"ME"
"1431","Maine","college",241654,7358,2023,"ME"
"1432","Maine","masters",101942,5191,2023,"ME"
"1433","Maine","professional",24218,2317,2023,"ME"
"1434","Maine","doctorate",16729,2175,2023,"ME"
"1435","Maine","poverty",140460,8588,2023,"ME"
"1436","Maine","median_income",73733,1699,2023,"ME"
"1437","Maine","labor_force",731851,7638,2023,"ME"
"1438","Maine","unemployed",23191,2521,2023,"ME"
"1439","Maine","median_rent",1189,33,2023,"ME"
"1440","Maine","median_home_value",310700,6249,2023,"ME"
"1441","Maryland","median_age",39.8,0.2,2023,"MD"
"1442","Maryland","total_pop",6180253,NA,2023,"MD"
"1443","Maryland","white",2957430,13614,2023,"MD"
"1444","Maryland","black",1803634,13468,2023,"MD"
"1445","Maryland","native",33544,6760,2023,"MD"
"1446","Maryland","asian",409222,5101,2023,"MD"
"1447","Maryland","pacific",3096,1888,2023,"MD"
"1448","Maryland","other",439781,22087,2023,"MD"
"1449","Maryland","multiracial",533546,20100,2023,"MD"
"1450","Maryland","hispanic",781336,305,2023,"MD"
"1451","Maryland","college",964064,17726,2023,"MD"
"1452","Maryland","masters",647621,14703,2023,"MD"
"1453","Maryland","professional",135906,6445,2023,"MD"
"1454","Maryland","doctorate",132409,5749,2023,"MD"
"1455","Maryland","poverty",574160,20592,2023,"MD"
"1456","Maryland","median_income",98678,1292,2023,"MD"
"1457","Maryland","labor_force",3326225,18548,2023,"MD"
"1458","Maryland","unemployed",132197,7327,2023,"MD"
"1459","Maryland","median_rent",1651,20,2023,"MD"
"1460","Maryland","median_home_value",413600,3126,2023,"MD"
"1461","Massachusetts","median_age",40.3,0.1,2023,"MA"
"1462","Massachusetts","total_pop",7001399,NA,2023,"MA"
"1463","Massachusetts","white",4750967,19956,2023,"MA"
"1464","Massachusetts","black",492587,12025,2023,"MA"
"1465","Massachusetts","native",19758,4429,2023,"MA"
"1466","Massachusetts","asian",515613,7502,2023,"MA"
"1467","Massachusetts","pacific",3155,1242,2023,"MA"
"1468","Massachusetts","other",446541,23117,2023,"MA"
"1469","Massachusetts","multiracial",772778,30343,2023,"MA"
"1470","Massachusetts","hispanic",944383,NA,2023,"MA"
"1471","Massachusetts","college",1261847,17516,2023,"MA"
"1472","Massachusetts","masters",788243,14073,2023,"MA"
"1473","Massachusetts","professional",157762,6856,2023,"MA"
"1474","Massachusetts","doctorate",169357,6912,2023,"MA"
"1475","Massachusetts","poverty",706730,24578,2023,"MA"
"1476","Massachusetts","median_income",99858,1355,2023,"MA"
"1477","Massachusetts","labor_force",3908554,19234,2023,"MA"
"1478","Massachusetts","unemployed",154107,7252,2023,"MA"
"1479","Massachusetts","median_rent",1757,18,2023,"MA"
"1480","Massachusetts","median_home_value",570800,3746,2023,"MA"
"1481","Michigan","median_age",40.5,0.2,2023,"MI"
"1482","Michigan","total_pop",10037261,NA,2023,"MI"
"1483","Michigan","white",7405801,11547,2023,"MI"
"1484","Michigan","black",1320610,12942,2023,"MI"
"1485","Michigan","native",50606,5181,2023,"MI"
"1486","Michigan","asian",340367,5714,2023,"MI"
"1487","Michigan","pacific",3064,1446,2023,"MI"
"1488","Michigan","other",194353,10594,2023,"MI"
"1489","Michigan","multiracial",722460,17671,2023,"MI"
"1490","Michigan","hispanic",598476,951,2023,"MI"
"1491","Michigan","college",1395186,19413,2023,"MI"
"1492","Michigan","masters",666196,12010,2023,"MI"
"1493","Michigan","professional",131314,5504,2023,"MI"
"1494","Michigan","doctorate",97166,4819,2023,"MI"
"1495","Michigan","poverty",1326740,27989,2023,"MI"
"1496","Michigan","median_income",69183,694,2023,"MI"
"1497","Michigan","labor_force",5048334,18522,2023,"MI"
"1498","Michigan","unemployed",225337,8515,2023,"MI"
"1499","Michigan","median_rent",1101,9,2023,"MI"
"1500","Michigan","median_home_value",236100,1315,2023,"MI"
"1501","Minnesota","median_age",39.1,0.1,2023,"MN"
"1502","Minnesota","total_pop",5737915,NA,2023,"MN"
"1503","Minnesota","white",4399202,9045,2023,"MN"
"1504","Minnesota","black",412927,9081,2023,"MN"
"1505","Minnesota","native",53531,4026,2023,"MN"
"1506","Minnesota","asian",298422,5568,2023,"MN"
"1507","Minnesota","pacific",3677,1797,2023,"MN"
"1508","Minnesota","other",161982,10725,2023,"MN"
"1509","Minnesota","multiracial",408174,13667,2023,"MN"
"1510","Minnesota","hispanic",366967,1045,2023,"MN"
"1511","Minnesota","college",1022673,12926,2023,"MN"
"1512","Minnesota","masters",388506,8424,2023,"MN"
"1513","Minnesota","professional",94854,4443,2023,"MN"
"1514","Minnesota","doctorate",70173,4791,2023,"MN"
"1515","Minnesota","poverty",520602,17281,2023,"MN"
"1516","Minnesota","median_income",85086,768,2023,"MN"
"1517","Minnesota","labor_force",3143975,12566,2023,"MN"
"1518","Minnesota","unemployed",95655,5255,2023,"MN"
"1519","Minnesota","median_rent",1264,19,2023,"MN"
"1520","Minnesota","median_home_value",328600,2055,2023,"MN"
"1521","Mississippi","median_age",39.3,0.3,2023,"MS"
"1522","Mississippi","total_pop",2939690,NA,2023,"MS"
"1523","Mississippi","white",1635244,5066,2023,"MS"
"1524","Mississippi","black",1047345,11173,2023,"MS"
"1525","Mississippi","native",15229,2897,2023,"MS"
"1526","Mississippi","asian",27849,2808,2023,"MS"
"1527","Mississippi","pacific",1434,1209,2023,"MS"
"1528","Mississippi","other",59734,6643,2023,"MS"
"1529","Mississippi","multiracial",152855,10596,2023,"MS"
"1530","Mississippi","hispanic",109884,3441,2023,"MS"
"1531","Mississippi","college",307215,7924,2023,"MS"
"1532","Mississippi","masters",142556,7254,2023,"MS"
"1533","Mississippi","professional",31355,2893,2023,"MS"
"1534","Mississippi","doctorate",24546,2506,2023,"MS"
"1535","Mississippi","poverty",512184,21949,2023,"MS"
"1536","Mississippi","median_income",54203,1260,2023,"MS"
"1537","Mississippi","labor_force",1343059,14987,2023,"MS"
"1538","Mississippi","unemployed",64637,4518,2023,"MS"
"1539","Mississippi","median_rent",898,16,2023,"MS"
"1540","Mississippi","median_home_value",169800,2842,2023,"MS"
"1541","Missouri","median_age",39.3,0.2,2023,"MO"
"1542","Missouri","total_pop",6196156,NA,2023,"MO"
"1543","Missouri","white",4818167,10956,2023,"MO"
"1544","Missouri","black",668809,8967,2023,"MO"
"1545","Missouri","native",19497,2544,2023,"MO"
"1546","Missouri","asian",128330,3940,2023,"MO"
"1547","Missouri","pacific",10004,1836,2023,"MO"
"1548","Missouri","other",108692,8392,2023,"MO"
"1549","Missouri","multiracial",442657,17234,2023,"MO"
"1550","Missouri","hispanic",325288,1504,2023,"MO"
"1551","Missouri","college",860267,13238,2023,"MO"
"1552","Missouri","masters",398623,10489,2023,"MO"
"1553","Missouri","professional",90881,5175,2023,"MO"
"1554","Missouri","doctorate",64213,4298,2023,"MO"
"1555","Missouri","poverty",720210,24684,2023,"MO"
"1556","Missouri","median_income",68545,900,2023,"MO"
"1557","Missouri","labor_force",3180243,18553,2023,"MO"
"1558","Missouri","unemployed",108893,6726,2023,"MO"
"1559","Missouri","median_rent",1019,12,2023,"MO"
"1560","Missouri","median_home_value",233600,2397,2023,"MO"
"1561","Montana","median_age",40.6,0.4,2023,"MT"
"1562","Montana","total_pop",1132812,NA,2023,"MT"
"1563","Montana","white",958655,4026,2023,"MT"
"1564","Montana","black",4767,1024,2023,"MT"
"1565","Montana","native",63693,2583,2023,"MT"
"1566","Montana","asian",9266,1102,2023,"MT"
"1567","Montana","pacific",327,259,2023,"MT"
"1568","Montana","other",14547,2887,2023,"MT"
"1569","Montana","multiracial",81557,5005,2023,"MT"
"1570","Montana","hispanic",52520,380,2023,"MT"
"1571","Montana","college",180347,7315,2023,"MT"
"1572","Montana","masters",65181,3823,2023,"MT"
"1573","Montana","professional",17822,2212,2023,"MT"
"1574","Montana","doctorate",12185,1605,2023,"MT"
"1575","Montana","poverty",129804,7386,2023,"MT"
"1576","Montana","median_income",70804,1475,2023,"MT"
"1577","Montana","labor_force",578080,6597,2023,"MT"
"1578","Montana","unemployed",15708,2157,2023,"MT"
"1579","Montana","median_rent",1083,30,2023,"MT"
"1580","Montana","median_home_value",392300,7547,2023,"MT"
"1581","Nebraska","median_age",37.4,0.3,2023,"NE"
"1582","Nebraska","total_pop",1978379,NA,2023,"NE"
"1583","Nebraska","white",1536324,7036,2023,"NE"
"1584","Nebraska","black",90106,5476,2023,"NE"
"1585","Nebraska","native",21484,3244,2023,"NE"
"1586","Nebraska","asian",48781,3328,2023,"NE"
"1587","Nebraska","pacific",430,364,2023,"NE"
"1588","Nebraska","other",102439,8233,2023,"NE"
"1589","Nebraska","multiracial",178815,8842,2023,"NE"
"1590","Nebraska","hispanic",255448,241,2023,"NE"
"1591","Nebraska","college",298782,8515,2023,"NE"
"1592","Nebraska","masters",113876,4928,2023,"NE"
"1593","Nebraska","professional",29264,2573,2023,"NE"
"1594","Nebraska","doctorate",19358,2409,2023,"NE"
"1595","Nebraska","poverty",202078,12736,2023,"NE"
"1596","Nebraska","median_income",74590,1340,2023,"NE"
"1597","Nebraska","labor_force",1069514,6878,2023,"NE"
"1598","Nebraska","unemployed",28376,3227,2023,"NE"
"1599","Nebraska","median_rent",1042,19,2023,"NE"
"1600","Nebraska","median_home_value",245200,2789,2023,"NE"
"1601","Nevada","median_age",39.4,0.2,2023,"NV"
"1602","Nevada","total_pop",3194176,NA,2023,"NV"
"1603","Nevada","white",1591101,16235,2023,"NV"
"1604","Nevada","black",298675,9864,2023,"NV"
"1605","Nevada","native",43557,5308,2023,"NV"
"1606","Nevada","asian",292264,7402,2023,"NV"
"1607","Nevada","pacific",24453,3309,2023,"NV"
"1608","Nevada","other",419003,18069,2023,"NV"
"1609","Nevada","multiracial",525123,19831,2023,"NV"
"1610","Nevada","hispanic",956400,NA,2023,"NV"
"1611","Nevada","college",421005,11662,2023,"NV"
"1612","Nevada","masters",158640,7889,2023,"NV"
"1613","Nevada","professional",40980,3237,2023,"NV"
"1614","Nevada","doctorate",26526,3105,2023,"NV"
"1615","Nevada","poverty",377506,20633,2023,"NV"
"1616","Nevada","median_income",76364,1451,2023,"NV"
"1617","Nevada","labor_force",1631003,11930,2023,"NV"
"1618","Nevada","unemployed",74416,4864,2023,"NV"
"1619","Nevada","median_rent",1622,19,2023,"NV"
"1620","Nevada","median_home_value",441100,3838,2023,"NV"
"1621","New Hampshire","median_age",43.4,0.3,2023,"NH"
"1622","New Hampshire","total_pop",1402054,NA,2023,"NH"
"1623","New Hampshire","white",1227179,6050,2023,"NH"
"1624","New Hampshire","black",21445,3444,2023,"NH"
"1625","New Hampshire","native",2123,795,2023,"NH"
"1626","New Hampshire","asian",36003,3111,2023,"NH"
"1627","New Hampshire","pacific",231,292,2023,"NH"
"1628","New Hampshire","other",17190,3798,2023,"NH"
"1629","New Hampshire","multiracial",97883,6933,2023,"NH"
"1630","New Hampshire","hispanic",65450,568,2023,"NH"
"1631","New Hampshire","college",253142,8411,2023,"NH"
"1632","New Hampshire","masters",123644,6274,2023,"NH"
"1633","New Hampshire","professional",24410,2656,2023,"NH"
"1634","New Hampshire","doctorate",18905,2269,2023,"NH"
"1635","New Hampshire","poverty",97935,8712,2023,"NH"
"1636","New Hampshire","median_income",96838,2243,2023,"NH"
"1637","New Hampshire","labor_force",786023,6261,2023,"NH"
"1638","New Hampshire","unemployed",20151,2459,2023,"NH"
"1639","New Hampshire","median_rent",1517,41,2023,"NH"
"1640","New Hampshire","median_home_value",415400,5851,2023,"NH"
"1641","New Jersey","median_age",40.4,0.2,2023,"NJ"
"1642","New Jersey","total_pop",9290841,NA,2023,"NJ"
"1643","New Jersey","white",4967669,19240,2023,"NJ"
"1644","New Jersey","black",1175323,12509,2023,"NJ"
"1645","New Jersey","native",77807,12541,2023,"NJ"
"1646","New Jersey","asian",948862,7456,2023,"NJ"
"1647","New Jersey","pacific",2409,1007,2023,"NJ"
"1648","New Jersey","other",975536,28883,2023,"NJ"
"1649","New Jersey","multiracial",1143235,30522,2023,"NJ"
"1650","New Jersey","hispanic",2105350,NA,2023,"NJ"
"1651","New Jersey","college",1712683,21285,2023,"NJ"
"1652","New Jersey","masters",835978,15436,2023,"NJ"
"1653","New Jersey","professional",183006,8370,2023,"NJ"
"1654","New Jersey","doctorate",118618,5946,2023,"NJ"
"1655","New Jersey","poverty",886772,27839,2023,"NJ"
"1656","New Jersey","median_income",99781,1061,2023,"NJ"
"1657","New Jersey","labor_force",5023152,19143,2023,"NJ"
"1658","New Jersey","unemployed",237647,9767,2023,"NJ"
"1659","New Jersey","median_rent",1667,13,2023,"NJ"
"1660","New Jersey","median_home_value",461000,2830,2023,"NJ"
"1661","New Mexico","median_age",39.9,0.3,2023,"NM"
"1662","New Mexico","total_pop",2114371,NA,2023,"NM"
"1663","New Mexico","white",1004672,13633,2023,"NM"
"1664","New Mexico","black",42385,3510,2023,"NM"
"1665","New Mexico","native",197425,6106,2023,"NM"
"1666","New Mexico","asian",38718,3436,2023,"NM"
"1667","New Mexico","pacific",3406,1284,2023,"NM"
"1668","New Mexico","other",275715,16723,2023,"NM"
"1669","New Mexico","multiracial",552050,16858,2023,"NM"
"1670","New Mexico","hispanic",1027460,NA,2023,"NM"
"1671","New Mexico","college",257431,8386,2023,"NM"
"1672","New Mexico","masters",141795,6359,2023,"NM"
"1673","New Mexico","professional",28465,2524,2023,"NM"
"1674","New Mexico","doctorate",37870,3225,2023,"NM"
"1675","New Mexico","poverty",368669,18140,2023,"NM"
"1676","New Mexico","median_income",62268,1281,2023,"NM"
"1677","New Mexico","labor_force",995436,11585,2023,"NM"
"1678","New Mexico","unemployed",47766,4340,2023,"NM"
"1679","New Mexico","median_rent",1084,19,2023,"NM"
"1680","New Mexico","median_home_value",256300,5161,2023,"NM"
"1681","New York","median_age",40.2,0.2,2023,"NY"
"1682","New York","total_pop",19571216,NA,2023,"NY"
"1683","New York","white",10781005,27005,2023,"NY"
"1684","New York","black",2801538,26493,2023,"NY"
"1685","New York","native",131671,12254,2023,"NY"
"1686","New York","asian",1785642,16504,2023,"NY"
"1687","New York","pacific",8566,2095,2023,"NY"
"1688","New York","other",2011783,41504,2023,"NY"
"1689","New York","multiracial",2051011,44190,2023,"NY"
"1690","New York","hispanic",3872146,570,2023,"NY"
"1691","New York","college",3136170,28722,2023,"NY"
"1692","New York","masters",1815030,24520,2023,"NY"
"1693","New York","professional",442796,12819,2023,"NY"
"1694","New York","doctorate",248911,8295,2023,"NY"
"1695","New York","poverty",2702955,50606,2023,"NY"
"1696","New York","median_income",82095,500,2023,"NY"
"1697","New York","labor_force",10107326,32696,2023,"NY"
"1698","New York","unemployed",506633,15935,2023,"NY"
"1699","New York","median_rent",1561,12,2023,"NY"
"1700","New York","median_home_value",420200,4220,2023,"NY"
"1701","North Carolina","median_age",39.4,0.2,2023,"NC"
"1702","North Carolina","total_pop",10835491,NA,2023,"NC"
"1703","North Carolina","white",6649865,15788,2023,"NC"
"1704","North Carolina","black",2183004,16509,2023,"NC"
"1705","North Carolina","native",112791,5793,2023,"NC"
"1706","North Carolina","asian",361232,5008,2023,"NC"
"1707","North Carolina","pacific",5332,1715,2023,"NC"
"1708","North Carolina","other",619020,24233,2023,"NC"
"1709","North Carolina","multiracial",904247,27315,2023,"NC"
"1710","North Carolina","hispanic",1236873,485,2023,"NC"
"1711","North Carolina","college",1718641,19739,2023,"NC"
"1712","North Carolina","masters",752751,16318,2023,"NC"
"1713","North Carolina","professional",156768,6956,2023,"NC"
"1714","North Carolina","doctorate",126761,6415,2023,"NC"
"1715","North Carolina","poverty",1349302,38975,2023,"NC"
"1716","North Carolina","median_income",70804,547,2023,"NC"
"1717","North Carolina","labor_force",5449906,23652,2023,"NC"
"1718","North Carolina","unemployed",219760,9059,2023,"NC"
"1719","North Carolina","median_rent",1245,13,2023,"NC"
"1720","North Carolina","median_home_value",308600,2699,2023,"NC"
"1721","North Dakota","median_age",36.3,0.3,2023,"ND"
"1722","North Dakota","total_pop",783926,NA,2023,"ND"
"1723","North Dakota","white",647059,3249,2023,"ND"
"1724","North Dakota","black",24479,2631,2023,"ND"
"1725","North Dakota","native",34505,2570,2023,"ND"
"1726","North Dakota","asian",11814,1261,2023,"ND"
"1727","North Dakota","pacific",1664,1334,2023,"ND"
"1728","North Dakota","other",12173,2995,2023,"ND"
"1729","North Dakota","multiracial",52232,5023,2023,"ND"
"1730","North Dakota","hispanic",38229,749,2023,"ND"
"1731","North Dakota","college",121205,6019,2023,"ND"
"1732","North Dakota","masters",38274,3711,2023,"ND"
"1733","North Dakota","professional",7181,1301,2023,"ND"
"1734","North Dakota","doctorate",7814,1179,2023,"ND"
"1735","North Dakota","poverty",73841,5342,2023,"ND"
"1736","North Dakota","median_income",76525,1844,2023,"ND"
"1737","North Dakota","labor_force",422155,5799,2023,"ND"
"1738","North Dakota","unemployed",12089,2464,2023,"ND"
"1739","North Dakota","median_rent",916,25,2023,"ND"
"1740","North Dakota","median_home_value",246700,6045,2023,"ND"
"1741","Ohio","median_age",39.9,0.2,2023,"OH"
"1742","Ohio","total_pop",11785935,NA,2023,"OH"
"1743","Ohio","white",9029727,13404,2023,"OH"
"1744","Ohio","black",1407391,16024,2023,"OH"
"1745","Ohio","native",21255,4124,2023,"OH"
"1746","Ohio","asian",302758,5173,2023,"OH"
"1747","Ohio","pacific",5172,2423,2023,"OH"
"1748","Ohio","other",217018,14052,2023,"OH"
"1749","Ohio","multiracial",802614,22157,2023,"OH"
"1750","Ohio","hispanic",566230,1580,2023,"OH"
"1751","Ohio","college",1578402,17917,2023,"OH"
"1752","Ohio","masters",762453,15018,2023,"OH"
"1753","Ohio","professional",159121,7151,2023,"OH"
"1754","Ohio","doctorate",118069,5152,2023,"OH"
"1755","Ohio","poverty",1527904,36156,2023,"OH"
"1756","Ohio","median_income",67769,731,2023,"OH"
"1757","Ohio","labor_force",6027500,21825,2023,"OH"
"1758","Ohio","unemployed",243399,10300,2023,"OH"
"1759","Ohio","median_rent",1014,10,2023,"OH"
"1760","Ohio","median_home_value",220200,1285,2023,"OH"
"1761","Oklahoma","median_age",37.1,0.2,2023,"OK"
"1762","Oklahoma","total_pop",4053824,NA,2023,"OK"
"1763","Oklahoma","white",2620590,9133,2023,"OK"
"1764","Oklahoma","black",274031,7290,2023,"OK"
"1765","Oklahoma","native",292095,6133,2023,"OK"
"1766","Oklahoma","asian",94802,3093,2023,"OK"
"1767","Oklahoma","pacific",9095,3284,2023,"OK"
"1768","Oklahoma","other",155111,9522,2023,"OK"
"1769","Oklahoma","multiracial",608100,16258,2023,"OK"
"1770","Oklahoma","hispanic",523291,NA,2023,"OK"
"1771","Oklahoma","college",498843,10174,2023,"OK"
"1772","Oklahoma","masters",191800,6012,2023,"OK"
"1773","Oklahoma","professional",47643,3772,2023,"OK"
"1774","Oklahoma","doctorate",32524,2718,2023,"OK"
"1775","Oklahoma","poverty",626185,15929,2023,"OK"
"1776","Oklahoma","median_income",62138,480,2023,"OK"
"1777","Oklahoma","labor_force",1936559,11093,2023,"OK"
"1778","Oklahoma","unemployed",88813,4636,2023,"OK"
"1779","Oklahoma","median_rent",1020,11,2023,"OK"
"1780","Oklahoma","median_home_value",208600,2137,2023,"OK"
"1781","Oregon","median_age",40.7,0.2,2023,"OR"
"1782","Oregon","total_pop",4233358,NA,2023,"OR"
"1783","Oregon","white",3127198,12119,2023,"OR"
"1784","Oregon","black",87406,4365,2023,"OR"
"1785","Oregon","native",45368,4588,2023,"OR"
"1786","Oregon","asian",194391,5761,2023,"OR"
"1787","Oregon","pacific",15476,1632,2023,"OR"
"1788","Oregon","other",215724,12537,2023,"OR"
"1789","Oregon","multiracial",547795,15398,2023,"OR"
"1790","Oregon","hispanic",631563,NA,2023,"OR"
"1791","Oregon","college",715933,13182,2023,"OR"
"1792","Oregon","masters",301246,8403,2023,"OR"
"1793","Oregon","professional",67607,4038,2023,"OR"
"1794","Oregon","doctorate",63852,4196,2023,"OR"
"1795","Oregon","poverty",506544,17185,2023,"OR"
"1796","Oregon","median_income",80160,1045,2023,"OR"
"1797","Oregon","labor_force",2190250,15357,2023,"OR"
"1798","Oregon","unemployed",90337,5409,2023,"OR"
"1799","Oregon","median_rent",1481,17,2023,"OR"
"1800","Oregon","median_home_value",484800,3384,2023,"OR"
"1801","Pennsylvania","median_age",41.1,0.1,2023,"PA"
"1802","Pennsylvania","total_pop",12961683,NA,2023,"PA"
"1803","Pennsylvania","white",9594136,18205,2023,"PA"
"1804","Pennsylvania","black",1368208,15761,2023,"PA"
"1805","Pennsylvania","native",30714,5216,2023,"PA"
"1806","Pennsylvania","asian",499380,5894,2023,"PA"
"1807","Pennsylvania","pacific",4170,1697,2023,"PA"
"1808","Pennsylvania","other",510560,23235,2023,"PA"
"1809","Pennsylvania","multiracial",954515,23765,2023,"PA"
"1810","Pennsylvania","hispanic",1151760,918,2023,"PA"
"1811","Pennsylvania","college",1921489,22965,2023,"PA"
"1812","Pennsylvania","masters",938026,16020,2023,"PA"
"1813","Pennsylvania","professional",210802,7719,2023,"PA"
"1814","Pennsylvania","doctorate",171026,6084,2023,"PA"
"1815","Pennsylvania","poverty",1500959,35821,2023,"PA"
"1816","Pennsylvania","median_income",73824,511,2023,"PA"
"1817","Pennsylvania","labor_force",6683272,23669,2023,"PA"
"1818","Pennsylvania","unemployed",283261,10567,2023,"PA"
"1819","Pennsylvania","median_rent",1197,11,2023,"PA"
"1820","Pennsylvania","median_home_value",259900,1736,2023,"PA"
"1821","Rhode Island","median_age",40.8,0.3,2023,"RI"
"1822","Rhode Island","total_pop",1095962,NA,2023,"RI"
"1823","Rhode Island","white",763493,6377,2023,"RI"
"1824","Rhode Island","black",59714,5922,2023,"RI"
"1825","Rhode Island","native",8628,3403,2023,"RI"
"1826","Rhode Island","asian",37419,2764,2023,"RI"
"1827","Rhode Island","pacific",307,340,2023,"RI"
"1828","Rhode Island","other",78512,9754,2023,"RI"
"1829","Rhode Island","multiracial",147889,11276,2023,"RI"
"1830","Rhode Island","hispanic",197405,NA,2023,"RI"
"1831","Rhode Island","college",182054,6496,2023,"RI"
"1832","Rhode Island","masters",88869,5631,2023,"RI"
"1833","Rhode Island","professional",19063,2185,2023,"RI"
"1834","Rhode Island","doctorate",17113,2436,2023,"RI"
"1835","Rhode Island","poverty",114412,10758,2023,"RI"
"1836","Rhode Island","median_income",84972,2566,2023,"RI"
"1837","Rhode Island","labor_force",587754,7262,2023,"RI"
"1838","Rhode Island","unemployed",28012,3607,2023,"RI"
"1839","Rhode Island","median_rent",1365,34,2023,"RI"
"1840","Rhode Island","median_home_value",411800,7985,2023,"RI"
"1841","South Carolina","median_age",40.5,0.1,2023,"SC"
"1842","South Carolina","total_pop",5373555,NA,2023,"SC"
"1843","South Carolina","white",3415285,13327,2023,"SC"
"1844","South Carolina","black",1311022,12443,2023,"SC"
"1845","South Carolina","native",22700,4411,2023,"SC"
"1846","South Carolina","asian",94551,3945,2023,"SC"
"1847","South Carolina","pacific",5988,3499,2023,"SC"
"1848","South Carolina","other",149361,10711,2023,"SC"
"1849","South Carolina","multiracial",374648,17623,2023,"SC"
"1850","South Carolina","hispanic",399963,967,2023,"SC"
"1851","South Carolina","college",765869,15777,2023,"SC"
"1852","South Carolina","masters",348125,11393,2023,"SC"
"1853","South Carolina","professional",69137,4777,2023,"SC"
"1854","South Carolina","doctorate",49717,4107,2023,"SC"
"1855","South Carolina","poverty",726799,24733,2023,"SC"
"1856","South Carolina","median_income",67804,1049,2023,"SC"
"1857","South Carolina","labor_force",2629504,19195,2023,"SC"
"1858","South Carolina","unemployed",112785,6026,2023,"SC"
"1859","South Carolina","median_rent",1170,16,2023,"SC"
"1860","South Carolina","median_home_value",272900,2295,2023,"SC"
"1861","South Dakota","median_age",38.5,0.3,2023,"SD"
"1862","South Dakota","total_pop",919318,NA,2023,"SD"
"1863","South Dakota","white",739679,3768,2023,"SD"
"1864","South Dakota","black",22730,2254,2023,"SD"
"1865","South Dakota","native",70936,2936,2023,"SD"
"1866","South Dakota","asian",13999,1648,2023,"SD"
"1867","South Dakota","pacific",299,319,2023,"SD"
"1868","South Dakota","other",15338,3000,2023,"SD"
"1869","South Dakota","multiracial",56337,5199,2023,"SD"
"1870","South Dakota","hispanic",46519,92,2023,"SD"
"1871","South Dakota","college",141083,4708,2023,"SD"
"1872","South Dakota","masters",40915,3173,2023,"SD"
"1873","South Dakota","professional",13109,2002,2023,"SD"
"1874","South Dakota","doctorate",9860,2093,2023,"SD"
"1875","South Dakota","poverty",104684,8555,2023,"SD"
"1876","South Dakota","median_income",71810,2132,2023,"SD"
"1877","South Dakota","labor_force",485323,5982,2023,"SD"
"1878","South Dakota","unemployed",12742,2062,2023,"SD"
"1879","South Dakota","median_rent",921,23,2023,"SD"
"1880","South Dakota","median_home_value",268200,4459,2023,"SD"
"1881","Tennessee","median_age",39.1,0.2,2023,"TN"
"1882","Tennessee","total_pop",7126489,NA,2023,"TN"
"1883","Tennessee","white",5149760,10091,2023,"TN"
"1884","Tennessee","black",1089441,11611,2023,"TN"
"1885","Tennessee","native",24046,6814,2023,"TN"
"1886","Tennessee","asian",130735,4391,2023,"TN"
"1887","Tennessee","pacific",4253,2111,2023,"TN"
"1888","Tennessee","other",198904,14646,2023,"TN"
"1889","Tennessee","multiracial",529350,17841,2023,"TN"
"1890","Tennessee","hispanic",533644,2758,2023,"TN"
"1891","Tennessee","college",952495,15550,2023,"TN"
"1892","Tennessee","masters",431782,12262,2023,"TN"
"1893","Tennessee","professional",99210,5309,2023,"TN"
"1894","Tennessee","doctorate",79125,5898,2023,"TN"
"1895","Tennessee","poverty",978460,30784,2023,"TN"
"1896","Tennessee","median_income",67631,865,2023,"TN"
"1897","Tennessee","labor_force",3584501,15896,2023,"TN"
"1898","Tennessee","unemployed",142081,7609,2023,"TN"
"1899","Tennessee","median_rent",1214,15,2023,"TN"
"1900","Tennessee","median_home_value",307300,3458,2023,"TN"
"1901","Texas","median_age",35.9,0.1,2023,"TX"
"1902","Texas","total_pop",30503301,NA,2023,"TX"
"1903","Texas","white",14557719,59040,2023,"TX"
"1904","Texas","black",3761423,23949,2023,"TX"
"1905","Texas","native",267945,17789,2023,"TX"
"1906","Texas","asian",1733933,13121,2023,"TX"
"1907","Texas","pacific",43245,10809,2023,"TX"
"1908","Texas","other",3030208,69902,2023,"TX"
"1909","Texas","multiracial",7108828,76335,2023,"TX"
"1910","Texas","hispanic",12135688,NA,2023,"TX"
"1911","Texas","college",4324866,37787,2023,"TX"
"1912","Texas","masters",1864054,22403,2023,"TX"
"1913","Texas","professional",386035,12088,2023,"TX"
"1914","Texas","doctorate",283451,9616,2023,"TX"
"1915","Texas","poverty",4086851,75298,2023,"TX"
"1916","Texas","median_income",75780,472,2023,"TX"
"1917","Texas","labor_force",15612815,39437,2023,"TX"
"1918","Texas","unemployed",686054,17912,2023,"TX"
"1919","Texas","median_rent",1413,7,2023,"TX"
"1920","Texas","median_home_value",296900,1483,2023,"TX"
"1921","Utah","median_age",32.3,0.2,2023,"UT"
"1922","Utah","total_pop",3417734,NA,2023,"UT"
"1923","Utah","white",2685747,11888,2023,"UT"
"1924","Utah","black",38380,4337,2023,"UT"
"1925","Utah","native",36787,4837,2023,"UT"
"1926","Utah","asian",84729,4531,2023,"UT"
"1927","Utah","pacific",33925,3475,2023,"UT"
"1928","Utah","other",212123,12685,2023,"UT"
"1929","Utah","multiracial",326043,16123,2023,"UT"
"1930","Utah","hispanic",546948,NA,2023,"UT"
"1931","Utah","college",513565,10884,2023,"UT"
"1932","Utah","masters",211283,7827,2023,"UT"
"1933","Utah","professional",41545,3263,2023,"UT"
"1934","Utah","doctorate",33983,3212,2023,"UT"
"1935","Utah","poverty",304249,15931,2023,"UT"
"1936","Utah","median_income",93421,1383,2023,"UT"
"1937","Utah","labor_force",1818709,9937,2023,"UT"
"1938","Utah","unemployed",60649,4182,2023,"UT"
"1939","Utah","median_rent",1551,25,2023,"UT"
"1940","Utah","median_home_value",517700,5786,2023,"UT"
"1941","Vermont","median_age",43.7,0.3,2023,"VT"
"1942","Vermont","total_pop",647464,NA,2023,"VT"
"1943","Vermont","white",582287,3159,2023,"VT"
"1944","Vermont","black",7843,1171,2023,"VT"
"1945","Vermont","native",1493,613,2023,"VT"
"1946","Vermont","asian",11202,1554,2023,"VT"
"1947","Vermont","pacific",229,213,2023,"VT"
"1948","Vermont","other",6904,1937,2023,"VT"
"1949","Vermont","multiracial",37506,3434,2023,"VT"
"1950","Vermont","hispanic",16128,256,2023,"VT"
"1951","Vermont","college",118611,4794,2023,"VT"
"1952","Vermont","masters",65535,3302,2023,"VT"
"1953","Vermont","professional",12197,1560,2023,"VT"
"1954","Vermont","doctorate",9464,1237,2023,"VT"
"1955","Vermont","poverty",60413,4904,2023,"VT"
"1956","Vermont","median_income",81211,2608,2023,"VT"
"1957","Vermont","labor_force",355022,5205,2023,"VT"
"1958","Vermont","unemployed",9270,1523,2023,"VT"
"1959","Vermont","median_rent",1202,34,2023,"VT"
"1960","Vermont","median_home_value",332000,6023,2023,"VT"
"1961","Virginia","median_age",39.3,0.1,2023,"VA"
"1962","Virginia","total_pop",8715698,NA,2023,"VA"
"1963","Virginia","white",5214732,13080,2023,"VA"
"1964","Virginia","black",1604133,12446,2023,"VA"
"1965","Virginia","native",32770,5147,2023,"VA"
"1966","Virginia","asian",603772,7636,2023,"VA"
"1967","Virginia","pacific",7513,3903,2023,"VA"
"1968","Virginia","other",400443,19782,2023,"VA"
"1969","Virginia","multiracial",852335,21182,2023,"VA"
"1970","Virginia","hispanic",970049,1595,2023,"VA"
"1971","Virginia","college",1446760,19453,2023,"VA"
"1972","Virginia","masters",817525,14473,2023,"VA"
"1973","Virginia","professional",168678,7126,2023,"VA"
"1974","Virginia","doctorate",128399,5390,2023,"VA"
"1975","Virginia","poverty",864394,26897,2023,"VA"
"1976","Virginia","median_income",89931,970,2023,"VA"
"1977","Virginia","labor_force",4482631,19096,2023,"VA"
"1978","Virginia","unemployed",164631,7975,2023,"VA"
"1979","Virginia","median_rent",1567,17,2023,"VA"
"1980","Virginia","median_home_value",382900,2468,2023,"VA"
"1981","Washington","median_age",38.6,0.1,2023,"WA"
"1982","Washington","total_pop",7812880,NA,2023,"WA"
"1983","Washington","white",5092864,17519,2023,"WA"
"1984","Washington","black",315904,8141,2023,"WA"
"1985","Washington","native",95073,6527,2023,"WA"
"1986","Washington","asian",780684,8820,2023,"WA"
"1987","Washington","pacific",57334,3419,2023,"WA"
"1988","Washington","other",446776,17829,2023,"WA"
"1989","Washington","multiracial",1024245,22405,2023,"WA"
"1990","Washington","hispanic",1141979,NA,2023,"WA"
"1991","Washington","college",1340967,16874,2023,"WA"
"1992","Washington","masters",651033,12789,2023,"WA"
"1993","Washington","professional",131590,7698,2023,"WA"
"1994","Washington","doctorate",105748,5108,2023,"WA"
"1995","Washington","poverty",794426,26113,2023,"WA"
"1996","Washington","median_income",94605,1221,2023,"WA"
"1997","Washington","labor_force",4069534,19642,2023,"WA"
"1998","Washington","unemployed",182384,8438,2023,"WA"
"1999","Washington","median_rent",1731,15,2023,"WA"
"2000","Washington","median_home_value",576000,3882,2023,"WA"
"2001","West Virginia","median_age",42.8,0.3,2023,"WV"
"2002","West Virginia","total_pop",1770071,NA,2023,"WV"
"2003","West Virginia","white",1594084,4282,2023,"WV"
"2004","West Virginia","black",57341,4214,2023,"WV"
"2005","West Virginia","native",1778,962,2023,"WV"
"2006","West Virginia","asian",12654,1112,2023,"WV"
"2007","West Virginia","pacific",193,177,2023,"WV"
"2008","West Virginia","other",16064,3060,2023,"WV"
"2009","West Virginia","multiracial",87957,5534,2023,"WV"
"2010","West Virginia","hispanic",37837,1572,2023,"WV"
"2011","West Virginia","college",182741,7344,2023,"WV"
"2012","West Virginia","masters",86518,4580,2023,"WV"
"2013","West Virginia","professional",16940,2096,2023,"WV"
"2014","West Virginia","doctorate",15880,2026,2023,"WV"
"2015","West Virginia","poverty",285780,11676,2023,"WV"
"2016","West Virginia","median_income",55948,1052,2023,"WV"
"2017","West Virginia","labor_force",793158,8525,2023,"WV"
"2018","West Virginia","unemployed",35853,3123,2023,"WV"
"2019","West Virginia","median_rent",850,16,2023,"WV"
"2020","West Virginia","median_home_value",163700,2682,2023,"WV"
"2021","Wisconsin","median_age",40.5,0.1,2023,"WI"
"2022","Wisconsin","total_pop",5910955,NA,2023,"WI"
"2023","Wisconsin","white",4723595,10409,2023,"WI"
"2024","Wisconsin","black",350052,7341,2023,"WI"
"2025","Wisconsin","native",48468,3797,2023,"WI"
"2026","Wisconsin","asian",179101,3858,2023,"WI"
"2027","Wisconsin","pacific",2173,1103,2023,"WI"
"2028","Wisconsin","other",158628,12067,2023,"WI"
"2029","Wisconsin","multiracial",448938,14888,2023,"WI"
"2030","Wisconsin","hispanic",478074,547,2023,"WI"
"2031","Wisconsin","college",914463,12408,2023,"WI"
"2032","Wisconsin","masters",346266,8863,2023,"WI"
"2033","Wisconsin","professional",69705,3514,2023,"WI"
"2034","Wisconsin","doctorate",58965,3956,2023,"WI"
"2035","Wisconsin","poverty",616874,19150,2023,"WI"
"2036","Wisconsin","median_income",74631,774,2023,"WI"
"2037","Wisconsin","labor_force",3143490,12451,2023,"WI"
"2038","Wisconsin","unemployed",86959,5100,2023,"WI"
"2039","Wisconsin","median_rent",1071,10,2023,"WI"
"2040","Wisconsin","median_home_value",272500,1737,2023,"WI"
"2041","Wyoming","median_age",39.3,0.4,2023,"WY"
"2042","Wyoming","total_pop",584057,NA,2023,"WY"
"2043","Wyoming","white",492128,3847,2023,"WY"
"2044","Wyoming","black",4038,1192,2023,"WY"
"2045","Wyoming","native",14337,2890,2023,"WY"
"2046","Wyoming","asian",5057,1136,2023,"WY"
"2047","Wyoming","pacific",118,145,2023,"WY"
"2048","Wyoming","other",19710,3519,2023,"WY"
"2049","Wyoming","multiracial",48669,4766,2023,"WY"
"2050","Wyoming","hispanic",62799,NA,2023,"WY"
"2051","Wyoming","college",77762,5005,2023,"WY"
"2052","Wyoming","masters",31467,3158,2023,"WY"
"2053","Wyoming","professional",8068,1820,2023,"WY"
"2054","Wyoming","doctorate",5579,1332,2023,"WY"
"2055","Wyoming","poverty",64309,6371,2023,"WY"
"2056","Wyoming","median_income",72415,2357,2023,"WY"
"2057","Wyoming","labor_force",294568,4958,2023,"WY"
"2058","Wyoming","unemployed",9522,1825,2023,"WY"
"2059","Wyoming","median_rent",1000,42,2023,"WY"
"2060","Wyoming","median_home_value",298700,8550,2023,"WY"
"2061","Puerto Rico","median_age",45,0.2,2023,"PR"
"2062","Puerto Rico","total_pop",3205691,NA,2023,"PR"
"2063","Puerto Rico","white",762297,19398,2023,"PR"
"2064","Puerto Rico","black",169924,11323,2023,"PR"
"2065","Puerto Rico","native",7282,2511,2023,"PR"
"2066","Puerto Rico","asian",4480,1583,2023,"PR"
"2067","Puerto Rico","pacific",426,498,2023,"PR"
"2068","Puerto Rico","other",1024568,23676,2023,"PR"
"2069","Puerto Rico","multiracial",1236714,23099,2023,"PR"
"2070","Puerto Rico","hispanic",3173687,4046,2023,"PR"
"2071","Puerto Rico","college",524456,14043,2023,"PR"
"2072","Puerto Rico","masters",149538,6865,2023,"PR"
"2073","Puerto Rico","professional",32380,3574,2023,"PR"
"2074","Puerto Rico","doctorate",34745,3815,2023,"PR"
"2075","Puerto Rico","poverty",1257607,26856,2023,"PR"
"2076","Puerto Rico","median_income",25621,602,2023,"PR"
"2077","Puerto Rico","labor_force",1305263,14505,2023,"PR"
"2078","Puerto Rico","unemployed",119634,8331,2023,"PR"
"2079","Puerto Rico","median_rent",557,15,2023,"PR"
"2080","Puerto Rico","median_home_value",131500,1738,2023,"PR"
"2081","Alabama","median_age",39.6,0.2,2022,"AL"
"2082","Alabama","total_pop",5074296,NA,2022,"AL"
"2083","Alabama","white",3302528,6577,2022,"AL"
"2084","Alabama","black",1302035,9860,2022,"AL"
"2085","Alabama","native",24400,3225,2022,"AL"
"2086","Alabama","asian",78893,4109,2022,"AL"
"2087","Alabama","pacific",4977,2997,2022,"AL"
"2088","Alabama","other",102129,8859,2022,"AL"
"2089","Alabama","multiracial",259334,12318,2022,"AL"
"2090","Alabama","hispanic",246477,1821,2022,"AL"
"2091","Alabama","college",609316,12278,2022,"AL"
"2092","Alabama","masters",286677,8815,2022,"AL"
"2093","Alabama","professional",61890,4203,2022,"AL"
"2094","Alabama","doctorate",42908,3418,2022,"AL"
"2095","Alabama","poverty",800395,23225,2022,"AL"
"2096","Alabama","median_income",59674,727,2022,"AL"
"2097","Alabama","labor_force",2381733,17290,2022,"AL"
"2098","Alabama","unemployed",103239,6348,2022,"AL"
"2099","Alabama","median_rent",913,14,2022,"AL"
"2100","Alabama","median_home_value",200900,2774,2022,"AL"
"2101","Alaska","median_age",35.9,0.3,2022,"AK"
"2102","Alaska","total_pop",733583,NA,2022,"AK"
"2103","Alaska","white",437533,3054,2022,"AK"
"2104","Alaska","black",22202,3776,2022,"AK"
"2105","Alaska","native",95268,4155,2022,"AK"
"2106","Alaska","asian",46184,2926,2022,"AK"
"2107","Alaska","pacific",14724,1961,2022,"AK"
"2108","Alaska","other",13365,2724,2022,"AK"
"2109","Alaska","multiracial",104307,7547,2022,"AK"
"2110","Alaska","hispanic",56491,NA,2022,"AK"
"2111","Alaska","college",94168,4883,2022,"AK"
"2112","Alaska","masters",39551,3585,2022,"AK"
"2113","Alaska","professional",9379,1656,2022,"AK"
"2114","Alaska","doctorate",6548,1327,2022,"AK"
"2115","Alaska","poverty",78608,6403,2022,"AK"
"2116","Alaska","median_income",88121,2804,2022,"AK"
"2117","Alaska","labor_force",361685,6374,2022,"AK"
"2118","Alaska","unemployed",16484,1943,2022,"AK"
"2119","Alaska","median_rent",1329,31,2022,"AK"
"2120","Alaska","median_home_value",336900,6274,2022,"AK"
"2121","Arizona","median_age",38.8,0.1,2022,"AZ"
"2122","Arizona","total_pop",7359197,NA,2022,"AZ"
"2123","Arizona","white",4254015,22252,2022,"AZ"
"2124","Arizona","black",340760,10305,2022,"AZ"
"2125","Arizona","native",301909,11687,2022,"AZ"
"2126","Arizona","asian",266441,5799,2022,"AZ"
"2127","Arizona","pacific",15099,1958,2022,"AZ"
"2128","Arizona","other",751130,28436,2022,"AZ"
"2129","Arizona","multiracial",1429843,34373,2022,"AZ"
"2130","Arizona","hispanic",2388520,NA,2022,"AZ"
"2131","Arizona","college",1032052,17474,2022,"AZ"
"2132","Arizona","masters",463372,11333,2022,"AZ"
"2133","Arizona","professional",97473,4961,2022,"AZ"
"2134","Arizona","doctorate",73242,4304,2022,"AZ"
"2135","Arizona","poverty",897852,29780,2022,"AZ"
"2136","Arizona","median_income",74568,932,2022,"AZ"
"2137","Arizona","labor_force",3595613,18520,2022,"AZ"
"2138","Arizona","unemployed",153937,8730,2022,"AZ"
"2139","Arizona","median_rent",1450,17,2022,"AZ"
"2140","Arizona","median_home_value",402800,3573,2022,"AZ"
"2141","Arkansas","median_age",38.9,0.3,2022,"AR"
"2142","Arkansas","total_pop",3045637,NA,2022,"AR"
"2143","Arkansas","white",2103849,13480,2022,"AR"
"2144","Arkansas","black",437331,6959,2022,"AR"
"2145","Arkansas","native",22250,4120,2022,"AR"
"2146","Arkansas","asian",48921,2881,2022,"AR"
"2147","Arkansas","pacific",14229,2232,2022,"AR"
"2148","Arkansas","other",91519,9063,2022,"AR"
"2149","Arkansas","multiracial",327538,18629,2022,"AR"
"2150","Arkansas","hispanic",255416,2056,2022,"AR"
"2151","Arkansas","college",323961,9190,2022,"AR"
"2152","Arkansas","masters",144054,7115,2022,"AR"
"2153","Arkansas","professional",30805,2695,2022,"AR"
"2154","Arkansas","doctorate",23987,3001,2022,"AR"
"2155","Arkansas","poverty",496311,21321,2022,"AR"
"2156","Arkansas","median_income",55432,994,2022,"AR"
"2157","Arkansas","labor_force",1397919,12515,2022,"AR"
"2158","Arkansas","unemployed",62359,4667,2022,"AR"
"2159","Arkansas","median_rent",846,11,2022,"AR"
"2160","Arkansas","median_home_value",179800,3010,2022,"AR"
"2161","California","median_age",37.9,0.1,2022,"CA"
"2162","California","total_pop",39029342,NA,2022,"CA"
"2163","California","white",15175598,45032,2022,"CA"
"2164","California","black",2121422,20705,2022,"CA"
"2165","California","native",504589,22673,2022,"CA"
"2166","California","asian",6054038,22889,2022,"CA"
"2167","California","pacific",159920,7320,2022,"CA"
"2168","California","other",7597084,79525,2022,"CA"
"2169","California","multiracial",7416691,74887,2022,"CA"
"2170","California","hispanic",15732184,NA,2022,"CA"
"2171","California","college",6056169,46367,2022,"CA"
"2172","California","masters",2643964,27576,2022,"CA"
"2173","California","professional",718109,14830,2022,"CA"
"2174","California","doctorate",517699,12371,2022,"CA"
"2175","California","poverty",4670324,66972,2022,"CA"
"2176","California","median_income",91551,471,2022,"CA"
"2177","California","labor_force",20003799,45199,2022,"CA"
"2178","California","unemployed",1060822,21032,2022,"CA"
"2179","California","median_rent",1870,8,2022,"CA"
"2180","California","median_home_value",715900,2271,2022,"CA"
"2181","Colorado","median_age",37.7,0.2,2022,"CO"
"2182","Colorado","total_pop",5839926,NA,2022,"CO"
"2183","Colorado","white",4106707,18254,2022,"CO"
"2184","Colorado","black",235519,7436,2022,"CO"
"2185","Colorado","native",71351,10561,2022,"CO"
"2186","Colorado","asian",190181,4841,2022,"CO"
"2187","Colorado","pacific",6916,1251,2022,"CO"
"2188","Colorado","other",374838,19447,2022,"CO"
"2189","Colorado","multiracial",854414,21957,2022,"CO"
"2190","Colorado","hispanic",1314962,NA,2022,"CO"
"2191","Colorado","college",1177891,16028,2022,"CO"
"2192","Colorado","masters",508701,12954,2022,"CO"
"2193","Colorado","professional",105518,5084,2022,"CO"
"2194","Colorado","doctorate",83022,3672,2022,"CO"
"2195","Colorado","poverty",540517,20050,2022,"CO"
"2196","Colorado","median_income",89302,1281,2022,"CO"
"2197","Colorado","labor_force",3244388,15867,2022,"CO"
"2198","Colorado","unemployed",113244,5730,2022,"CO"
"2199","Colorado","median_rent",1646,16,2022,"CO"
"2200","Colorado","median_home_value",531100,4869,2022,"CO"
"2201","Connecticut","median_age",40.9,0.2,2022,"CT"
"2202","Connecticut","total_pop",3626205,NA,2022,"CT"
"2203","Connecticut","white",2357855,12238,2022,"CT"
"2204","Connecticut","black",380229,8806,2022,"CT"
"2205","Connecticut","native",10269,2192,2022,"CT"
"2206","Connecticut","asian",175069,3868,2022,"CT"
"2207","Connecticut","pacific",1214,827,2022,"CT"
"2208","Connecticut","other",287206,14784,2022,"CT"
"2209","Connecticut","multiracial",414363,18596,2022,"CT"
"2210","Connecticut","hispanic",658978,NA,2022,"CT"
"2211","Connecticut","college",584999,10885,2022,"CT"
"2212","Connecticut","masters",345966,10677,2022,"CT"
"2213","Connecticut","professional",85582,4658,2022,"CT"
"2214","Connecticut","doctorate",49857,3842,2022,"CT"
"2215","Connecticut","poverty",345695,15651,2022,"CT"
"2216","Connecticut","median_income",88429,1688,2022,"CT"
"2217","Connecticut","labor_force",1954099,13018,2022,"CT"
"2218","Connecticut","unemployed",92597,6614,2022,"CT"
"2219","Connecticut","median_rent",1360,21,2022,"CT"
"2220","Connecticut","median_home_value",347200,3892,2022,"CT"
"2221","Delaware","median_age",41.5,0.3,2022,"DE"
"2222","Delaware","total_pop",1018396,NA,2022,"DE"
"2223","Delaware","white",610378,4037,2022,"DE"
"2224","Delaware","black",224761,4691,2022,"DE"
"2225","Delaware","native",3670,1380,2022,"DE"
"2226","Delaware","asian",41501,1735,2022,"DE"
"2227","Delaware","pacific",86,140,2022,"DE"
"2228","Delaware","other",40100,5080,2022,"DE"
"2229","Delaware","multiracial",97900,6031,2022,"DE"
"2230","Delaware","hispanic",105300,NA,2022,"DE"
"2231","Delaware","college",151894,6552,2022,"DE"
"2232","Delaware","masters",81198,5024,2022,"DE"
"2233","Delaware","professional",16336,2064,2022,"DE"
"2234","Delaware","doctorate",14956,2050,2022,"DE"
"2235","Delaware","poverty",93285,8805,2022,"DE"
"2236","Delaware","median_income",82174,2002,2022,"DE"
"2237","Delaware","labor_force",520993,6939,2022,"DE"
"2238","Delaware","unemployed",22272,3012,2022,"DE"
"2239","Delaware","median_rent",1274,35,2022,"DE"
"2240","Delaware","median_home_value",337200,4487,2022,"DE"
"2241","District of Columbia","median_age",34.9,0.1,2022,"DC"
"2242","District of Columbia","total_pop",671803,NA,2022,"DC"
"2243","District of Columbia","white",257963,3475,2022,"DC"
"2244","District of Columbia","black",282578,3557,2022,"DC"
"2245","District of Columbia","native",3130,1171,2022,"DC"
"2246","District of Columbia","asian",27961,1505,2022,"DC"
"2247","District of Columbia","pacific",836,472,2022,"DC"
"2248","District of Columbia","other",30768,4960,2022,"DC"
"2249","District of Columbia","multiracial",68567,5344,2022,"DC"
"2250","District of Columbia","hispanic",78911,NA,2022,"DC"
"2251","District of Columbia","college",126678,5934,2022,"DC"
"2252","District of Columbia","masters",115091,5506,2022,"DC"
"2253","District of Columbia","professional",47094,3859,2022,"DC"
"2254","District of Columbia","doctorate",24411,2406,2022,"DC"
"2255","District of Columbia","poverty",85676,10339,2022,"DC"
"2256","District of Columbia","median_income",101027,2737,2022,"DC"
"2257","District of Columbia","labor_force",395081,6939,2022,"DC"
"2258","District of Columbia","unemployed",20199,2713,2022,"DC"
"2259","District of Columbia","median_rent",1843,37,2022,"DC"
"2260","District of Columbia","median_home_value",711100,21101,2022,"DC"
"2261","Florida","median_age",42.7,0.1,2022,"FL"
"2262","Florida","total_pop",22244823,NA,2022,"FL"
"2263","Florida","white",12445576,37941,2022,"FL"
"2264","Florida","black",3345420,23249,2022,"FL"
"2265","Florida","native",90848,11186,2022,"FL"
"2266","Florida","asian",640512,10664,2022,"FL"
"2267","Florida","pacific",12446,2353,2022,"FL"
"2268","Florida","other",1457611,38859,2022,"FL"
"2269","Florida","multiracial",4252410,53578,2022,"FL"
"2270","Florida","hispanic",6025039,NA,2022,"FL"
"2271","Florida","college",3445343,30030,2022,"FL"
"2272","Florida","masters",1430806,24868,2022,"FL"
"2273","Florida","professional",410107,13340,2022,"FL"
"2274","Florida","doctorate",232162,9311,2022,"FL"
"2275","Florida","poverty",2762679,47630,2022,"FL"
"2276","Florida","median_income",69303,616,2022,"FL"
"2277","Florida","labor_force",10924091,38003,2022,"FL"
"2278","Florida","unemployed",434875,14986,2022,"FL"
"2279","Florida","median_rent",1525,12,2022,"FL"
"2280","Florida","median_home_value",354100,1592,2022,"FL"
"2281","Georgia","median_age",37.6,0.1,2022,"GA"
"2282","Georgia","total_pop",10912876,NA,2022,"GA"
"2283","Georgia","white",5594859,14916,2022,"GA"
"2284","Georgia","black",3384201,20860,2022,"GA"
"2285","Georgia","native",55227,7918,2022,"GA"
"2286","Georgia","asian",485027,6822,2022,"GA"
"2287","Georgia","pacific",8466,2810,2022,"GA"
"2288","Georgia","other",476365,17212,2022,"GA"
"2289","Georgia","multiracial",908731,28830,2022,"GA"
"2290","Georgia","hispanic",1132604,1773,2022,"GA"
"2291","Georgia","college",1519625,22167,2022,"GA"
"2292","Georgia","masters",733360,16282,2022,"GA"
"2293","Georgia","professional",173021,8220,2022,"GA"
"2294","Georgia","doctorate",118108,6722,2022,"GA"
"2295","Georgia","poverty",1348344,37893,2022,"GA"
"2296","Georgia","median_income",72837,640,2022,"GA"
"2297","Georgia","labor_force",5502894,23833,2022,"GA"
"2298","Georgia","unemployed",229718,10624,2022,"GA"
"2299","Georgia","median_rent",1269,14,2022,"GA"
"2300","Georgia","median_home_value",297400,1891,2022,"GA"
"2301","Hawaii","median_age",40.8,0.2,2022,"HI"
"2302","Hawaii","total_pop",1440196,NA,2022,"HI"
"2303","Hawaii","white",319118,4791,2022,"HI"
"2304","Hawaii","black",26010,1945,2022,"HI"
"2305","Hawaii","native",4100,1191,2022,"HI"
"2306","Hawaii","asian",506753,9219,2022,"HI"
"2307","Hawaii","pacific",143444,6568,2022,"HI"
"2308","Hawaii","other",27949,4078,2022,"HI"
"2309","Hawaii","multiracial",412822,12644,2022,"HI"
"2310","Hawaii","hispanic",160103,NA,2022,"HI"
"2311","Hawaii","college",226124,6613,2022,"HI"
"2312","Hawaii","masters",90504,4212,2022,"HI"
"2313","Hawaii","professional",29159,2652,2022,"HI"
"2314","Hawaii","doctorate",16917,1715,2022,"HI"
"2315","Hawaii","poverty",142378,10312,2022,"HI"
"2316","Hawaii","median_income",92458,2241,2022,"HI"
"2317","Hawaii","labor_force",699927,6970,2022,"HI"
"2318","Hawaii","unemployed",25395,2421,2022,"HI"
"2319","Hawaii","median_rent",1813,38,2022,"HI"
"2320","Hawaii","median_home_value",820100,11432,2022,"HI"
"2321","Idaho","median_age",37.5,0.2,2022,"ID"
"2322","Idaho","total_pop",1939033,NA,2022,"ID"
"2323","Idaho","white",1588044,7855,2022,"ID"
"2324","Idaho","black",12689,1604,2022,"ID"
"2325","Idaho","native",24880,3493,2022,"ID"
"2326","Idaho","asian",26027,2327,2022,"ID"
"2327","Idaho","pacific",3266,1064,2022,"ID"
"2328","Idaho","other",93955,6740,2022,"ID"
"2329","Idaho","multiracial",190172,9747,2022,"ID"
"2330","Idaho","hispanic",261921,NA,2022,"ID"
"2331","Idaho","college",274409,8549,2022,"ID"
"2332","Idaho","masters",99915,4506,2022,"ID"
"2333","Idaho","professional",22131,2248,2022,"ID"
"2334","Idaho","doctorate",16713,2047,2022,"ID"
"2335","Idaho","poverty",202517,13176,2022,"ID"
"2336","Idaho","median_income",72785,1134,2022,"ID"
"2337","Idaho","labor_force",949350,9690,2022,"ID"
"2338","Idaho","unemployed",28209,3183,2022,"ID"
"2339","Idaho","median_rent",1138,23,2022,"ID"
"2340","Idaho","median_home_value",432500,4757,2022,"ID"
"2341","Illinois","median_age",39.1,0.3,2022,"IL"
"2342","Illinois","total_pop",12582032,NA,2022,"IL"
"2343","Illinois","white",7683527,20370,2022,"IL"
"2344","Illinois","black",1689724,16615,2022,"IL"
"2345","Illinois","native",86968,8526,2022,"IL"
"2346","Illinois","asian",754911,7298,2022,"IL"
"2347","Illinois","pacific",7352,2769,2022,"IL"
"2348","Illinois","other",992124,30127,2022,"IL"
"2349","Illinois","multiracial",1367426,31662,2022,"IL"
"2350","Illinois","hispanic",2299726,1207,2022,"IL"
"2351","Illinois","college",1952990,22146,2022,"IL"
"2352","Illinois","masters",968013,17125,2022,"IL"
"2353","Illinois","professional",213624,9707,2022,"IL"
"2354","Illinois","doctorate",140791,5759,2022,"IL"
"2355","Illinois","poverty",1469643,33705,2022,"IL"
"2356","Illinois","median_income",76708,584,2022,"IL"
"2357","Illinois","labor_force",6608621,24596,2022,"IL"
"2358","Illinois","unemployed",314814,12826,2022,"IL"
"2359","Illinois","median_rent",1170,9,2022,"IL"
"2360","Illinois","median_home_value",251600,1738,2022,"IL"
"2361","Indiana","median_age",38.2,0.2,2022,"IN"
"2362","Indiana","total_pop",6833037,NA,2022,"IN"
"2363","Indiana","white",5297623,9839,2022,"IN"
"2364","Indiana","black",637617,10247,2022,"IN"
"2365","Indiana","native",23265,4935,2022,"IN"
"2366","Indiana","asian",173672,4163,2022,"IN"
"2367","Indiana","pacific",2572,945,2022,"IN"
"2368","Indiana","other",220256,10672,2022,"IN"
"2369","Indiana","multiracial",478032,14944,2022,"IN"
"2370","Indiana","hispanic",534528,1776,2022,"IN"
"2371","Indiana","college",869217,13163,2022,"IN"
"2372","Indiana","masters",357804,9475,2022,"IN"
"2373","Indiana","professional",72718,5141,2022,"IN"
"2374","Indiana","doctorate",57273,3511,2022,"IN"
"2375","Indiana","poverty",834550,28746,2022,"IN"
"2376","Indiana","median_income",66785,659,2022,"IN"
"2377","Indiana","labor_force",3479919,18853,2022,"IN"
"2378","Indiana","unemployed",124513,7117,2022,"IN"
"2379","Indiana","median_rent",972,9,2022,"IN"
"2380","Indiana","median_home_value",208700,1866,2022,"IN"
"2381","Iowa","median_age",38.9,0.2,2022,"IA"
"2382","Iowa","total_pop",3200517,NA,2022,"IA"
"2383","Iowa","white",2702598,6809,2022,"IA"
"2384","Iowa","black",121447,6188,2022,"IA"
"2385","Iowa","native",11718,2361,2022,"IA"
"2386","Iowa","asian",75649,3172,2022,"IA"
"2387","Iowa","pacific",8663,3098,2022,"IA"
"2388","Iowa","other",75079,6161,2022,"IA"
"2389","Iowa","multiracial",205363,10099,2022,"IA"
"2390","Iowa","hispanic",218024,1406,2022,"IA"
"2391","Iowa","college",463740,8923,2022,"IA"
"2392","Iowa","masters",167964,5524,2022,"IA"
"2393","Iowa","professional",38145,3126,2022,"IA"
"2394","Iowa","doctorate",27957,2356,2022,"IA"
"2395","Iowa","poverty",339867,12981,2022,"IA"
"2396","Iowa","median_income",69588,889,2022,"IA"
"2397","Iowa","labor_force",1708988,9025,2022,"IA"
"2398","Iowa","unemployed",50381,4457,2022,"IA"
"2399","Iowa","median_rent",891,11,2022,"IA"
"2400","Iowa","median_home_value",194600,2298,2022,"IA"
"2401","Kansas","median_age",37.6,0.2,2022,"KS"
"2402","Kansas","total_pop",2937150,NA,2022,"KS"
"2403","Kansas","white",2241911,10318,2022,"KS"
"2404","Kansas","black",153771,5730,2022,"KS"
"2405","Kansas","native",26522,5376,2022,"KS"
"2406","Kansas","asian",85951,2384,2022,"KS"
"2407","Kansas","pacific",5050,2394,2022,"KS"
"2408","Kansas","other",129702,9295,2022,"KS"
"2409","Kansas","multiracial",294243,11606,2022,"KS"
"2410","Kansas","hispanic",381746,444,2022,"KS"
"2411","Kansas","college",426910,9464,2022,"KS"
"2412","Kansas","masters",194772,6862,2022,"KS"
"2413","Kansas","professional",40463,3687,2022,"KS"
"2414","Kansas","doctorate",30398,2863,2022,"KS"
"2415","Kansas","poverty",342670,15052,2022,"KS"
"2416","Kansas","median_income",68925,1152,2022,"KS"
"2417","Kansas","labor_force",1511335,10376,2022,"KS"
"2418","Kansas","unemployed",54833,4377,2022,"KS"
"2419","Kansas","median_rent",975,15,2022,"KS"
"2420","Kansas","median_home_value",206600,3283,2022,"KS"
"2421","Kentucky","median_age",39.4,0.2,2022,"KY"
"2422","Kentucky","total_pop",4512310,NA,2022,"KY"
"2423","Kentucky","white",3749247,6337,2022,"KY"
"2424","Kentucky","black",347039,8974,2022,"KY"
"2425","Kentucky","native",7860,1648,2022,"KY"
"2426","Kentucky","asian",62873,3801,2022,"KY"
"2427","Kentucky","pacific",3502,1916,2022,"KY"
"2428","Kentucky","other",69765,5636,2022,"KY"
"2429","Kentucky","multiracial",272024,11459,2022,"KY"
"2430","Kentucky","hispanic",187483,2354,2022,"KY"
"2431","Kentucky","college",508620,11344,2022,"KY"
"2432","Kentucky","masters",253773,9016,2022,"KY"
"2433","Kentucky","professional",61733,3941,2022,"KY"
"2434","Kentucky","doctorate",37210,3255,2022,"KY"
"2435","Kentucky","poverty",722865,23794,2022,"KY"
"2436","Kentucky","median_income",59341,924,2022,"KY"
"2437","Kentucky","labor_force",2154704,13464,2022,"KY"
"2438","Kentucky","unemployed",93466,5729,2022,"KY"
"2439","Kentucky","median_rent",891,11,2022,"KY"
"2440","Kentucky","median_home_value",196300,2572,2022,"KY"
"2441","Louisiana","median_age",38.2,0.2,2022,"LA"
"2442","Louisiana","total_pop",4590241,NA,2022,"LA"
"2443","Louisiana","white",2646226,7891,2022,"LA"
"2444","Louisiana","black",1428423,10468,2022,"LA"
"2445","Louisiana","native",27069,3508,2022,"LA"
"2446","Louisiana","asian",81705,2992,2022,"LA"
"2447","Louisiana","pacific",2400,1549,2022,"LA"
"2448","Louisiana","other",89527,6759,2022,"LA"
"2449","Louisiana","multiracial",314891,12995,2022,"LA"
"2450","Louisiana","hispanic",262213,1014,2022,"LA"
"2451","Louisiana","college",525044,12490,2022,"LA"
"2452","Louisiana","masters",218915,8809,2022,"LA"
"2453","Louisiana","professional",60815,4574,2022,"LA"
"2454","Louisiana","doctorate",35332,2938,2022,"LA"
"2455","Louisiana","poverty",829565,23622,2022,"LA"
"2456","Louisiana","median_income",55416,800,2022,"LA"
"2457","Louisiana","labor_force",2155084,15689,2022,"LA"
"2458","Louisiana","unemployed",116744,7541,2022,"LA"
"2459","Louisiana","median_rent",984,14,2022,"LA"
"2460","Louisiana","median_home_value",209200,2324,2022,"LA"
"2461","Maine","median_age",45.1,0.2,2022,"ME"
"2462","Maine","total_pop",1385340,NA,2022,"ME"
"2463","Maine","white",1258198,4632,2022,"ME"
"2464","Maine","black",22106,2660,2022,"ME"
"2465","Maine","native",7035,1394,2022,"ME"
"2466","Maine","asian",16274,1499,2022,"ME"
"2467","Maine","pacific",221,178,2022,"ME"
"2468","Maine","other",8954,1958,2022,"ME"
"2469","Maine","multiracial",72552,4631,2022,"ME"
"2470","Maine","hispanic",28717,463,2022,"ME"
"2471","Maine","college",229764,7599,2022,"ME"
"2472","Maine","masters",99149,5736,2022,"ME"
"2473","Maine","professional",25435,2373,2022,"ME"
"2474","Maine","doctorate",17210,2203,2022,"ME"
"2475","Maine","poverty",145161,8962,2022,"ME"
"2476","Maine","median_income",69543,1494,2022,"ME"
"2477","Maine","labor_force",719995,7782,2022,"ME"
"2478","Maine","unemployed",23593,2618,2022,"ME"
"2479","Maine","median_rent",1033,27,2022,"ME"
"2480","Maine","median_home_value",290600,4893,2022,"ME"
"2481","Maryland","median_age",39.7,0.2,2022,"MD"
"2482","Maryland","total_pop",6164660,NA,2022,"MD"
"2483","Maryland","white",2983674,13090,2022,"MD"
"2484","Maryland","black",1823687,11781,2022,"MD"
"2485","Maryland","native",26649,5861,2022,"MD"
"2486","Maryland","asian",404207,6449,2022,"MD"
"2487","Maryland","pacific",3088,1376,2022,"MD"
"2488","Maryland","other",420119,17677,2022,"MD"
"2489","Maryland","multiracial",503236,19559,2022,"MD"
"2490","Maryland","hispanic",705842,459,2022,"MD"
"2491","Maryland","college",996167,15644,2022,"MD"
"2492","Maryland","masters",617106,14522,2022,"MD"
"2493","Maryland","professional",136078,6805,2022,"MD"
"2494","Maryland","doctorate",129354,6037,2022,"MD"
"2495","Maryland","poverty",581748,21727,2022,"MD"
"2496","Maryland","median_income",94991,1080,2022,"MD"
"2497","Maryland","labor_force",3299405,16429,2022,"MD"
"2498","Maryland","unemployed",130987,7139,2022,"MD"
"2499","Maryland","median_rent",1550,18,2022,"MD"
"2500","Maryland","median_home_value",398100,3070,2022,"MD"
"2501","Massachusetts","median_age",40.3,0.2,2022,"MA"
"2502","Massachusetts","total_pop",6981974,NA,2022,"MA"
"2503","Massachusetts","white",4800968,14636,2022,"MA"
"2504","Massachusetts","black",495214,11509,2022,"MA"
"2505","Massachusetts","native",19707,4748,2022,"MA"
"2506","Massachusetts","asian",504908,6570,2022,"MA"
"2507","Massachusetts","pacific",1825,1056,2022,"MA"
"2508","Massachusetts","other",414544,17418,2022,"MA"
"2509","Massachusetts","multiracial",744808,20970,2022,"MA"
"2510","Massachusetts","hispanic",911038,490,2022,"MA"
"2511","Massachusetts","college",1252187,15499,2022,"MA"
"2512","Massachusetts","masters",735346,13597,2022,"MA"
"2513","Massachusetts","professional",152320,7128,2022,"MA"
"2514","Massachusetts","doctorate",167856,7323,2022,"MA"
"2515","Massachusetts","poverty",700156,23050,2022,"MA"
"2516","Massachusetts","median_income",94488,1260,2022,"MA"
"2517","Massachusetts","labor_force",3872969,17529,2022,"MA"
"2518","Massachusetts","unemployed",158146,7204,2022,"MA"
"2519","Massachusetts","median_rent",1634,18,2022,"MA"
"2520","Massachusetts","median_home_value",534700,4603,2022,"MA"
"2521","Michigan","median_age",40.3,0.1,2022,"MI"
"2522","Michigan","total_pop",10034118,NA,2022,"MI"
"2523","Michigan","white",7422249,14661,2022,"MI"
"2524","Michigan","black",1325693,12884,2022,"MI"
"2525","Michigan","native",46016,4406,2022,"MI"
"2526","Michigan","asian",337376,5721,2022,"MI"
"2527","Michigan","pacific",2454,843,2022,"MI"
"2528","Michigan","other",187360,10937,2022,"MI"
"2529","Michigan","multiracial",712970,17735,2022,"MI"
"2530","Michigan","hispanic",572405,501,2022,"MI"
"2531","Michigan","college",1361139,17234,2022,"MI"
"2532","Michigan","masters",651795,10467,2022,"MI"
"2533","Michigan","professional",134069,6130,2022,"MI"
"2534","Michigan","doctorate",94849,4847,2022,"MI"
"2535","Michigan","poverty",1315899,31439,2022,"MI"
"2536","Michigan","median_income",66986,675,2022,"MI"
"2537","Michigan","labor_force",5034322,20783,2022,"MI"
"2538","Michigan","unemployed",234094,8424,2022,"MI"
"2539","Michigan","median_rent",1052,11,2022,"MI"
"2540","Michigan","median_home_value",224400,1404,2022,"MI"
"2541","Minnesota","median_age",39,0.2,2022,"MN"
"2542","Minnesota","total_pop",5717184,NA,2022,"MN"
"2543","Minnesota","white",4415751,9723,2022,"MN"
"2544","Minnesota","black",398326,8080,2022,"MN"
"2545","Minnesota","native",54420,3662,2022,"MN"
"2546","Minnesota","asian",295892,6209,2022,"MN"
"2547","Minnesota","pacific",2821,798,2022,"MN"
"2548","Minnesota","other",167186,9616,2022,"MN"
"2549","Minnesota","multiracial",382788,13379,2022,"MN"
"2550","Minnesota","hispanic",333830,1717,2022,"MN"
"2551","Minnesota","college",995083,12886,2022,"MN"
"2552","Minnesota","masters",378864,9397,2022,"MN"
"2553","Minnesota","professional",94114,5166,2022,"MN"
"2554","Minnesota","doctorate",65650,4025,2022,"MN"
"2555","Minnesota","poverty",540079,19753,2022,"MN"
"2556","Minnesota","median_income",82338,749,2022,"MN"
"2557","Minnesota","labor_force",3108458,12886,2022,"MN"
"2558","Minnesota","unemployed",99831,5197,2022,"MN"
"2559","Minnesota","median_rent",1200,13,2022,"MN"
"2560","Minnesota","median_home_value",314600,2081,2022,"MN"
"2561","Mississippi","median_age",38.9,0.2,2022,"MS"
"2562","Mississippi","total_pop",2940057,NA,2022,"MS"
"2563","Mississippi","white",1638190,4842,2022,"MS"
"2564","Mississippi","black",1075313,8137,2022,"MS"
"2565","Mississippi","native",13939,2002,2022,"MS"
"2566","Mississippi","asian",25575,2398,2022,"MS"
"2567","Mississippi","pacific",684,508,2022,"MS"
"2568","Mississippi","other",51083,6078,2022,"MS"
"2569","Mississippi","multiracial",135273,9608,2022,"MS"
"2570","Mississippi","hispanic",97177,2619,2022,"MS"
"2571","Mississippi","college",297480,8427,2022,"MS"
"2572","Mississippi","masters",136302,7057,2022,"MS"
"2573","Mississippi","professional",28384,3038,2022,"MS"
"2574","Mississippi","doctorate",24020,2794,2022,"MS"
"2575","Mississippi","poverty",544104,17010,2022,"MS"
"2576","Mississippi","median_income",52719,895,2022,"MS"
"2577","Mississippi","labor_force",1322376,13388,2022,"MS"
"2578","Mississippi","unemployed",64814,4724,2022,"MS"
"2579","Mississippi","median_rent",873,14,2022,"MS"
"2580","Mississippi","median_home_value",162500,2357,2022,"MS"
"2581","Missouri","median_age",39.1,0.2,2022,"MO"
"2582","Missouri","total_pop",6177957,NA,2022,"MO"
"2583","Missouri","white",4796965,12032,2022,"MO"
"2584","Missouri","black",661117,9147,2022,"MO"
"2585","Missouri","native",16919,1882,2022,"MO"
"2586","Missouri","asian",135056,4144,2022,"MO"
"2587","Missouri","pacific",7691,1622,2022,"MO"
"2588","Missouri","other",110452,8310,2022,"MO"
"2589","Missouri","multiracial",449757,14364,2022,"MO"
"2590","Missouri","hispanic",291763,1150,2022,"MO"
"2591","Missouri","college",835865,14833,2022,"MO"
"2592","Missouri","masters",381114,10624,2022,"MO"
"2593","Missouri","professional",86312,4389,2022,"MO"
"2594","Missouri","doctorate",60726,3832,2022,"MO"
"2595","Missouri","poverty",791030,21823,2022,"MO"
"2596","Missouri","median_income",64811,733,2022,"MO"
"2597","Missouri","labor_force",3103274,16038,2022,"MO"
"2598","Missouri","unemployed",115407,6913,2022,"MO"
"2599","Missouri","median_rent",954,11,2022,"MO"
"2600","Missouri","median_home_value",221200,2019,2022,"MO"
"2601","Montana","median_age",40.2,0.3,2022,"MT"
"2602","Montana","total_pop",1122867,NA,2022,"MT"
"2603","Montana","white",955850,5189,2022,"MT"
"2604","Montana","black",3663,899,2022,"MT"
"2605","Montana","native",60257,2696,2022,"MT"
"2606","Montana","asian",7952,1299,2022,"MT"
"2607","Montana","pacific",1612,1215,2022,"MT"
"2608","Montana","other",16993,5396,2022,"MT"
"2609","Montana","multiracial",76540,4770,2022,"MT"
"2610","Montana","hispanic",49830,190,2022,"MT"
"2611","Montana","college",179708,6173,2022,"MT"
"2612","Montana","masters",65526,3970,2022,"MT"
"2613","Montana","professional",14504,1660,2022,"MT"
"2614","Montana","doctorate",12004,1856,2022,"MT"
"2615","Montana","poverty",133233,8663,2022,"MT"
"2616","Montana","median_income",67631,1496,2022,"MT"
"2617","Montana","labor_force",577037,6901,2022,"MT"
"2618","Montana","unemployed",17433,2212,2022,"MT"
"2619","Montana","median_rent",1005,26,2022,"MT"
"2620","Montana","median_home_value",366400,6114,2022,"MT"
"2621","Nebraska","median_age",37.4,0.2,2022,"NE"
"2622","Nebraska","total_pop",1967923,NA,2022,"NE"
"2623","Nebraska","white",1543454,8219,2022,"NE"
"2624","Nebraska","black",92208,4470,2022,"NE"
"2625","Nebraska","native",19656,2812,2022,"NE"
"2626","Nebraska","asian",49557,2253,2022,"NE"
"2627","Nebraska","pacific",1239,788,2022,"NE"
"2628","Nebraska","other",87534,8231,2022,"NE"
"2629","Nebraska","multiracial",174275,9843,2022,"NE"
"2630","Nebraska","hispanic",241898,273,2022,"NE"
"2631","Nebraska","college",293346,7356,2022,"NE"
"2632","Nebraska","masters",110690,5217,2022,"NE"
"2633","Nebraska","professional",27097,2872,2022,"NE"
"2634","Nebraska","doctorate",19384,2221,2022,"NE"
"2635","Nebraska","poverty",215838,12843,2022,"NE"
"2636","Nebraska","median_income",69597,1168,2022,"NE"
"2637","Nebraska","labor_force",1049579,7713,2022,"NE"
"2638","Nebraska","unemployed",24470,2608,2022,"NE"
"2639","Nebraska","median_rent",983,16,2022,"NE"
"2640","Nebraska","median_home_value",232400,2920,2022,"NE"
"2641","Nevada","median_age",39,0.2,2022,"NV"
"2642","Nevada","total_pop",3177772,NA,2022,"NV"
"2643","Nevada","white",1561784,12521,2022,"NV"
"2644","Nevada","black",297866,8652,2022,"NV"
"2645","Nevada","native",46997,5417,2022,"NV"
"2646","Nevada","asian",290678,7206,2022,"NV"
"2647","Nevada","pacific",21966,2454,2022,"NV"
"2648","Nevada","other",395323,16614,2022,"NV"
"2649","Nevada","multiracial",563158,18882,2022,"NV"
"2650","Nevada","hispanic",961357,NA,2022,"NV"
"2651","Nevada","college",390872,12563,2022,"NV"
"2652","Nevada","masters",144438,6612,2022,"NV"
"2653","Nevada","professional",42724,3850,2022,"NV"
"2654","Nevada","doctorate",23178,2315,2022,"NV"
"2655","Nevada","poverty",390848,19015,2022,"NV"
"2656","Nevada","median_income",72333,1026,2022,"NV"
"2657","Nevada","labor_force",1613389,14767,2022,"NV"
"2658","Nevada","unemployed",88495,5823,2022,"NV"
"2659","Nevada","median_rent",1461,17,2022,"NV"
"2660","Nevada","median_home_value",434700,3727,2022,"NV"
"2661","New Hampshire","median_age",43.3,0.2,2022,"NH"
"2662","New Hampshire","total_pop",1395231,NA,2022,"NH"
"2663","New Hampshire","white",1221437,6212,2022,"NH"
"2664","New Hampshire","black",19004,2602,2022,"NH"
"2665","New Hampshire","native",1697,665,2022,"NH"
"2666","New Hampshire","asian",36649,2770,2022,"NH"
"2667","New Hampshire","pacific",848,787,2022,"NH"
"2668","New Hampshire","other",24916,5103,2022,"NH"
"2669","New Hampshire","multiracial",90680,6952,2022,"NH"
"2670","New Hampshire","hispanic",63479,1068,2022,"NH"
"2671","New Hampshire","college",252073,7855,2022,"NH"
"2672","New Hampshire","masters",131091,5157,2022,"NH"
"2673","New Hampshire","professional",19969,2451,2022,"NH"
"2674","New Hampshire","doctorate",20137,1955,2022,"NH"
"2675","New Hampshire","poverty",98057,6630,2022,"NH"
"2676","New Hampshire","median_income",89992,2310,2022,"NH"
"2677","New Hampshire","labor_force",773372,7730,2022,"NH"
"2678","New Hampshire","unemployed",19642,2239,2022,"NH"
"2679","New Hampshire","median_rent",1396,26,2022,"NH"
"2680","New Hampshire","median_home_value",384700,4378,2022,"NH"
"2681","New Jersey","median_age",40.4,0.1,2022,"NJ"
"2682","New Jersey","total_pop",9261699,NA,2022,"NJ"
"2683","New Jersey","white",5008587,16496,2022,"NJ"
"2684","New Jersey","black",1169436,15126,2022,"NJ"
"2685","New Jersey","native",43680,7107,2022,"NJ"
"2686","New Jersey","asian",934091,7853,2022,"NJ"
"2687","New Jersey","pacific",1988,1200,2022,"NJ"
"2688","New Jersey","other",976636,28263,2022,"NJ"
"2689","New Jersey","multiracial",1127281,30055,2022,"NJ"
"2690","New Jersey","hispanic",2028470,NA,2022,"NJ"
"2691","New Jersey","college",1679895,17944,2022,"NJ"
"2692","New Jersey","masters",834955,16134,2022,"NJ"
"2693","New Jersey","professional",187268,7048,2022,"NJ"
"2694","New Jersey","doctorate",119490,5672,2022,"NJ"
"2695","New Jersey","poverty",882045,33909,2022,"NJ"
"2696","New Jersey","median_income",96346,1114,2022,"NJ"
"2697","New Jersey","labor_force",4957313,21049,2022,"NJ"
"2698","New Jersey","unemployed",249523,9720,2022,"NJ"
"2699","New Jersey","median_rent",1555,14,2022,"NJ"
"2700","New Jersey","median_home_value",428900,2759,2022,"NJ"
"2701","New Mexico","median_age",39.4,0.3,2022,"NM"
"2702","New Mexico","total_pop",2113344,NA,2022,"NM"
"2703","New Mexico","white",979928,14521,2022,"NM"
"2704","New Mexico","black",45057,4314,2022,"NM"
"2705","New Mexico","native",194411,5121,2022,"NM"
"2706","New Mexico","asian",38315,2604,2022,"NM"
"2707","New Mexico","pacific",1974,1289,2022,"NM"
"2708","New Mexico","other",319316,14140,2022,"NM"
"2709","New Mexico","multiracial",534343,17344,2022,"NM"
"2710","New Mexico","hispanic",1059867,NA,2022,"NM"
"2711","New Mexico","college",246178,7957,2022,"NM"
"2712","New Mexico","masters",139286,5982,2022,"NM"
"2713","New Mexico","professional",26893,2781,2022,"NM"
"2714","New Mexico","doctorate",30240,2886,2022,"NM"
"2715","New Mexico","poverty",364725,14925,2022,"NM"
"2716","New Mexico","median_income",59726,1306,2022,"NM"
"2717","New Mexico","labor_force",984151,10373,2022,"NM"
"2718","New Mexico","unemployed",47124,4370,2022,"NM"
"2719","New Mexico","median_rent",955,20,2022,"NM"
"2720","New Mexico","median_home_value",243100,3047,2022,"NM"
"2721","New York","median_age",40,0.2,2022,"NY"
"2722","New York","total_pop",19677151,NA,2022,"NY"
"2723","New York","white",10866983,24850,2022,"NY"
"2724","New York","black",2827785,25910,2022,"NY"
"2725","New York","native",123698,11535,2022,"NY"
"2726","New York","asian",1791490,12814,2022,"NY"
"2727","New York","pacific",8842,2321,2022,"NY"
"2728","New York","other",2073894,39975,2022,"NY"
"2729","New York","multiracial",1984459,39865,2022,"NY"
"2730","New York","hispanic",3867299,942,2022,"NY"
"2731","New York","college",3097409,30892,2022,"NY"
"2732","New York","masters",1774703,26530,2022,"NY"
"2733","New York","professional",429744,14766,2022,"NY"
"2734","New York","doctorate",254705,9886,2022,"NY"
"2735","New York","poverty",2734819,62913,2022,"NY"
"2736","New York","median_income",79557,722,2022,"NY"
"2737","New York","labor_force",10117576,32277,2022,"NY"
"2738","New York","unemployed",517238,13743,2022,"NY"
"2739","New York","median_rent",1499,11,2022,"NY"
"2740","New York","median_home_value",400400,3138,2022,"NY"
"2741","North Carolina","median_age",39.2,0.2,2022,"NC"
"2742","North Carolina","total_pop",10698973,NA,2022,"NC"
"2743","North Carolina","white",6650422,14821,2022,"NC"
"2744","North Carolina","black",2182651,16593,2022,"NC"
"2745","North Carolina","native",117734,6035,2022,"NC"
"2746","North Carolina","asian",345105,6149,2022,"NC"
"2747","North Carolina","pacific",10468,3136,2022,"NC"
"2748","North Carolina","other",542221,18471,2022,"NC"
"2749","North Carolina","multiracial",850372,23175,2022,"NC"
"2750","North Carolina","hispanic",1114799,1716,2022,"NC"
"2751","North Carolina","college",1678483,21415,2022,"NC"
"2752","North Carolina","masters",708100,15517,2022,"NC"
"2753","North Carolina","professional",139874,6428,2022,"NC"
"2754","North Carolina","doctorate",121542,6399,2022,"NC"
"2755","North Carolina","poverty",1329157,34584,2022,"NC"
"2756","North Carolina","median_income",67481,623,2022,"NC"
"2757","North Carolina","labor_force",5335954,25591,2022,"NC"
"2758","North Carolina","unemployed",200647,9369,2022,"NC"
"2759","North Carolina","median_rent",1131,11,2022,"NC"
"2760","North Carolina","median_home_value",280600,2083,2022,"NC"
"2761","North Dakota","median_age",36.2,0.3,2022,"ND"
"2762","North Dakota","total_pop",779261,NA,2022,"ND"
"2763","North Dakota","white",648124,3298,2022,"ND"
"2764","North Dakota","black",25514,2555,2022,"ND"
"2765","North Dakota","native",34458,2590,2022,"ND"
"2766","North Dakota","asian",12314,1363,2022,"ND"
"2767","North Dakota","pacific",2745,2166,2022,"ND"
"2768","North Dakota","other",15286,3346,2022,"ND"
"2769","North Dakota","multiracial",40820,4654,2022,"ND"
"2770","North Dakota","hispanic",34233,782,2022,"ND"
"2771","North Dakota","college",115034,5016,2022,"ND"
"2772","North Dakota","masters",33321,2528,2022,"ND"
"2773","North Dakota","professional",9547,1631,2022,"ND"
"2774","North Dakota","doctorate",5939,1191,2022,"ND"
"2775","North Dakota","poverty",86192,6650,2022,"ND"
"2776","North Dakota","median_income",71970,2072,2022,"ND"
"2777","North Dakota","labor_force",417556,5627,2022,"ND"
"2778","North Dakota","unemployed",8993,1860,2022,"ND"
"2779","North Dakota","median_rent",863,21,2022,"ND"
"2780","North Dakota","median_home_value",243100,5279,2022,"ND"
"2781","Ohio","median_age",39.9,0.1,2022,"OH"
"2782","Ohio","total_pop",11756058,NA,2022,"OH"
"2783","Ohio","white",9059267,13149,2022,"OH"
"2784","Ohio","black",1414910,17463,2022,"OH"
"2785","Ohio","native",20929,3220,2022,"OH"
"2786","Ohio","asian",294792,6269,2022,"OH"
"2787","Ohio","pacific",3799,1550,2022,"OH"
"2788","Ohio","other",195022,11454,2022,"OH"
"2789","Ohio","multiracial",767339,23795,2022,"OH"
"2790","Ohio","hispanic",517232,1641,2022,"OH"
"2791","Ohio","college",1578535,18163,2022,"OH"
"2792","Ohio","masters",760014,14757,2022,"OH"
"2793","Ohio","professional",157444,6430,2022,"OH"
"2794","Ohio","doctorate",104386,5376,2022,"OH"
"2795","Ohio","poverty",1540922,37806,2022,"OH"
"2796","Ohio","median_income",65720,618,2022,"OH"
"2797","Ohio","labor_force",5984422,25690,2022,"OH"
"2798","Ohio","unemployed",222415,9963,2022,"OH"
"2799","Ohio","median_rent",949,8,2022,"OH"
"2800","Ohio","median_home_value",204100,1844,2022,"OH"
"2801","Oklahoma","median_age",37.1,0.2,2022,"OK"
"2802","Oklahoma","total_pop",4019800,NA,2022,"OK"
"2803","Oklahoma","white",2619684,8600,2022,"OK"
"2804","Oklahoma","black",274248,6633,2022,"OK"
"2805","Oklahoma","native",300613,8922,2022,"OK"
"2806","Oklahoma","asian",93783,3416,2022,"OK"
"2807","Oklahoma","pacific",7954,2552,2022,"OK"
"2808","Oklahoma","other",145556,8405,2022,"OK"
"2809","Oklahoma","multiracial",577962,14867,2022,"OK"
"2810","Oklahoma","hispanic",486692,NA,2022,"OK"
"2811","Oklahoma","college",495467,9850,2022,"OK"
"2812","Oklahoma","masters",187067,5774,2022,"OK"
"2813","Oklahoma","professional",44357,2803,2022,"OK"
"2814","Oklahoma","doctorate",32026,2520,2022,"OK"
"2815","Oklahoma","poverty",610254,15486,2022,"OK"
"2816","Oklahoma","median_income",59673,689,2022,"OK"
"2817","Oklahoma","labor_force",1916016,10984,2022,"OK"
"2818","Oklahoma","unemployed",79711,4436,2022,"OK"
"2819","Oklahoma","median_rent",937,8,2022,"OK"
"2820","Oklahoma","median_home_value",191700,2080,2022,"OK"
"2821","Oregon","median_age",40.5,0.2,2022,"OR"
"2822","Oregon","total_pop",4240137,NA,2022,"OR"
"2823","Oregon","white",3160419,11164,2022,"OR"
"2824","Oregon","black",82820,5534,2022,"OR"
"2825","Oregon","native",51735,5260,2022,"OR"
"2826","Oregon","asian",194510,6072,2022,"OR"
"2827","Oregon","pacific",17136,2324,2022,"OR"
"2828","Oregon","other",230694,15318,2022,"OR"
"2829","Oregon","multiracial",502823,17136,2022,"OR"
"2830","Oregon","hispanic",609538,NA,2022,"OR"
"2831","Oregon","college",675825,13376,2022,"OR"
"2832","Oregon","masters",297339,9277,2022,"OR"
"2833","Oregon","professional",77808,4756,2022,"OR"
"2834","Oregon","doctorate",55267,3743,2022,"OR"
"2835","Oregon","poverty",503935,16879,2022,"OR"
"2836","Oregon","median_income",75657,1181,2022,"OR"
"2837","Oregon","labor_force",2188501,14324,2022,"OR"
"2838","Oregon","unemployed",93138,5975,2022,"OR"
"2839","Oregon","median_rent",1370,18,2022,"OR"
"2840","Oregon","median_home_value",475600,3783,2022,"OR"
"2841","Pennsylvania","median_age",40.9,0.2,2022,"PA"
"2842","Pennsylvania","total_pop",12972008,NA,2022,"PA"
"2843","Pennsylvania","white",9655892,18296,2022,"PA"
"2844","Pennsylvania","black",1361224,13451,2022,"PA"
"2845","Pennsylvania","native",34687,10595,2022,"PA"
"2846","Pennsylvania","asian",491661,6562,2022,"PA"
"2847","Pennsylvania","pacific",3206,992,2022,"PA"
"2848","Pennsylvania","other",489122,18960,2022,"PA"
"2849","Pennsylvania","multiracial",936216,24782,2022,"PA"
"2850","Pennsylvania","hispanic",1115997,597,2022,"PA"
"2851","Pennsylvania","college",1899494,21293,2022,"PA"
"2852","Pennsylvania","masters",940588,16149,2022,"PA"
"2853","Pennsylvania","professional",204829,7436,2022,"PA"
"2854","Pennsylvania","doctorate",164782,6989,2022,"PA"
"2855","Pennsylvania","poverty",1483365,39129,2022,"PA"
"2856","Pennsylvania","median_income",71798,557,2022,"PA"
"2857","Pennsylvania","labor_force",6689958,24003,2022,"PA"
"2858","Pennsylvania","unemployed",287716,9633,2022,"PA"
"2859","Pennsylvania","median_rent",1116,9,2022,"PA"
"2860","Pennsylvania","median_home_value",245500,1392,2022,"PA"
"2861","Rhode Island","median_age",40.7,0.4,2022,"RI"
"2862","Rhode Island","total_pop",1093734,NA,2022,"RI"
"2863","Rhode Island","white",770878,7487,2022,"RI"
"2864","Rhode Island","black",60402,6667,2022,"RI"
"2865","Rhode Island","native",4457,2151,2022,"RI"
"2866","Rhode Island","asian",38734,2057,2022,"RI"
"2867","Rhode Island","pacific",140,146,2022,"RI"
"2868","Rhode Island","other",86744,10375,2022,"RI"
"2869","Rhode Island","multiracial",132379,10763,2022,"RI"
"2870","Rhode Island","hispanic",191979,NA,2022,"RI"
"2871","Rhode Island","college",185883,8768,2022,"RI"
"2872","Rhode Island","masters",84304,5953,2022,"RI"
"2873","Rhode Island","professional",22292,2567,2022,"RI"
"2874","Rhode Island","doctorate",15933,2213,2022,"RI"
"2875","Rhode Island","poverty",113878,12002,2022,"RI"
"2876","Rhode Island","median_income",81854,2182,2022,"RI"
"2877","Rhode Island","labor_force",587236,7194,2022,"RI"
"2878","Rhode Island","unemployed",26668,3460,2022,"RI"
"2879","Rhode Island","median_rent",1254,39,2022,"RI"
"2880","Rhode Island","median_home_value",383900,4796,2022,"RI"
"2881","South Carolina","median_age",40.5,0.2,2022,"SC"
"2882","South Carolina","total_pop",5282634,NA,2022,"SC"
"2883","South Carolina","white",3361662,11124,2022,"SC"
"2884","South Carolina","black",1325020,10730,2022,"SC"
"2885","South Carolina","native",20380,5426,2022,"SC"
"2886","South Carolina","asian",90557,3442,2022,"SC"
"2887","South Carolina","pacific",2301,1376,2022,"SC"
"2888","South Carolina","other",145605,10665,2022,"SC"
"2889","South Carolina","multiracial",337109,13418,2022,"SC"
"2890","South Carolina","hispanic",343783,1234,2022,"SC"
"2891","South Carolina","college",725469,15367,2022,"SC"
"2892","South Carolina","masters",345957,9354,2022,"SC"
"2893","South Carolina","professional",68340,4894,2022,"SC"
"2894","South Carolina","doctorate",54737,4082,2022,"SC"
"2895","South Carolina","poverty",717348,22151,2022,"SC"
"2896","South Carolina","median_income",64115,699,2022,"SC"
"2897","South Carolina","labor_force",2565719,15624,2022,"SC"
"2898","South Carolina","unemployed",111672,5719,2022,"SC"
"2899","South Carolina","median_rent",1084,17,2022,"SC"
"2900","South Carolina","median_home_value",254600,2799,2022,"SC"
"2901","South Dakota","median_age",38.5,0.4,2022,"SD"
"2902","South Dakota","total_pop",909824,NA,2022,"SD"
"2903","South Dakota","white",735501,3744,2022,"SD"
"2904","South Dakota","black",18098,2326,2022,"SD"
"2905","South Dakota","native",68481,3133,2022,"SD"
"2906","South Dakota","asian",12931,1543,2022,"SD"
"2907","South Dakota","pacific",796,703,2022,"SD"
"2908","South Dakota","other",16372,2624,2022,"SD"
"2909","South Dakota","multiracial",57645,5480,2022,"SD"
"2910","South Dakota","hispanic",42430,1015,2022,"SD"
"2911","South Dakota","college",131481,5182,2022,"SD"
"2912","South Dakota","masters",41868,3293,2022,"SD"
"2913","South Dakota","professional",9890,1862,2022,"SD"
"2914","South Dakota","doctorate",8078,1197,2022,"SD"
"2915","South Dakota","poverty",109889,7433,2022,"SD"
"2916","South Dakota","median_income",69728,2128,2022,"SD"
"2917","South Dakota","labor_force",474292,4751,2022,"SD"
"2918","South Dakota","unemployed",13309,1977,2022,"SD"
"2919","South Dakota","median_rent",866,21,2022,"SD"
"2920","South Dakota","median_home_value",245000,5101,2022,"SD"
"2921","Tennessee","median_age",39.2,0.1,2022,"TN"
"2922","Tennessee","total_pop",7051339,NA,2022,"TN"
"2923","Tennessee","white",5150306,10675,2022,"TN"
"2924","Tennessee","black",1098360,10114,2022,"TN"
"2925","Tennessee","native",14856,2880,2022,"TN"
"2926","Tennessee","asian",133729,4471,2022,"TN"
"2927","Tennessee","pacific",5882,1856,2022,"TN"
"2928","Tennessee","other",163156,10451,2022,"TN"
"2929","Tennessee","multiracial",485050,16606,2022,"TN"
"2930","Tennessee","hispanic",442629,1896,2022,"TN"
"2931","Tennessee","college",958365,18509,2022,"TN"
"2932","Tennessee","masters",391150,11750,2022,"TN"
"2933","Tennessee","professional",92489,6069,2022,"TN"
"2934","Tennessee","doctorate",71956,4619,2022,"TN"
"2935","Tennessee","poverty",915683,33636,2022,"TN"
"2936","Tennessee","median_income",65254,848,2022,"TN"
"2937","Tennessee","labor_force",3534983,18341,2022,"TN"
"2938","Tennessee","unemployed",121523,6594,2022,"TN"
"2939","Tennessee","median_rent",1096,10,2022,"TN"
"2940","Tennessee","median_home_value",284800,2559,2022,"TN"
"2941","Texas","median_age",35.6,0.1,2022,"TX"
"2942","Texas","total_pop",30029572,NA,2022,"TX"
"2943","Texas","white",14293026,61049,2022,"TX"
"2944","Texas","black",3620288,25761,2022,"TX"
"2945","Texas","native",247149,17444,2022,"TX"
"2946","Texas","asian",1638936,13902,2022,"TX"
"2947","Texas","pacific",35954,5010,2022,"TX"
"2948","Texas","other",3033865,55546,2022,"TX"
"2949","Texas","multiracial",7160354,76611,2022,"TX"
"2950","Texas","hispanic",12070642,628,2022,"TX"
"2951","Texas","college",4242031,42762,2022,"TX"
"2952","Texas","masters",1779032,28306,2022,"TX"
"2953","Texas","professional",366285,14928,2022,"TX"
"2954","Texas","doctorate",264060,9021,2022,"TX"
"2955","Texas","poverty",4113641,72677,2022,"TX"
"2956","Texas","median_income",72284,443,2022,"TX"
"2957","Texas","labor_force",15249347,41670,2022,"TX"
"2958","Texas","unemployed",670914,18636,2022,"TX"
"2959","Texas","median_rent",1290,7,2022,"TX"
"2960","Texas","median_home_value",275400,1356,2022,"TX"
"2961","Utah","median_age",32.1,0.2,2022,"UT"
"2962","Utah","total_pop",3380800,NA,2022,"UT"
"2963","Utah","white",2678510,12416,2022,"UT"
"2964","Utah","black",37613,4529,2022,"UT"
"2965","Utah","native",34434,4230,2022,"UT"
"2966","Utah","asian",84324,3887,2022,"UT"
"2967","Utah","pacific",37340,2063,2022,"UT"
"2968","Utah","other",210508,13409,2022,"UT"
"2969","Utah","multiracial",298071,14989,2022,"UT"
"2970","Utah","hispanic",512086,NA,2022,"UT"
"2971","Utah","college",505215,10875,2022,"UT"
"2972","Utah","masters",194392,7354,2022,"UT"
"2973","Utah","professional",39257,3090,2022,"UT"
"2974","Utah","doctorate",36185,3796,2022,"UT"
"2975","Utah","poverty",273052,14660,2022,"UT"
"2976","Utah","median_income",89168,1807,2022,"UT"
"2977","Utah","labor_force",1783862,10002,2022,"UT"
"2978","Utah","unemployed",48008,3915,2022,"UT"
"2979","Utah","median_rent",1372,21,2022,"UT"
"2980","Utah","median_home_value",499500,4485,2022,"UT"
"2981","Vermont","median_age",43.2,0.3,2022,"VT"
"2982","Vermont","total_pop",647064,NA,2022,"VT"
"2983","Vermont","white",588046,2634,2022,"VT"
"2984","Vermont","black",6320,1130,2022,"VT"
"2985","Vermont","native",1296,479,2022,"VT"
"2986","Vermont","asian",11711,1361,2022,"VT"
"2987","Vermont","pacific",59,18,2022,"VT"
"2988","Vermont","other",4147,1367,2022,"VT"
"2989","Vermont","multiracial",35485,3139,2022,"VT"
"2990","Vermont","hispanic",14770,140,2022,"VT"
"2991","Vermont","college",114633,4896,2022,"VT"
"2992","Vermont","masters",65678,3531,2022,"VT"
"2993","Vermont","professional",15182,2400,2022,"VT"
"2994","Vermont","doctorate",11346,1469,2022,"VT"
"2995","Vermont","poverty",65162,5615,2022,"VT"
"2996","Vermont","median_income",73991,2209,2022,"VT"
"2997","Vermont","labor_force",354414,4736,2022,"VT"
"2998","Vermont","unemployed",10013,1880,2022,"VT"
"2999","Vermont","median_rent",1141,42,2022,"VT"
"3000","Vermont","median_home_value",304700,7556,2022,"VT"
"3001","Virginia","median_age",39,0.2,2022,"VA"
"3002","Virginia","total_pop",8683619,NA,2022,"VA"
"3003","Virginia","white",5226121,14425,2022,"VA"
"3004","Virginia","black",1620131,9382,2022,"VA"
"3005","Virginia","native",26104,4228,2022,"VA"
"3006","Virginia","asian",610671,7719,2022,"VA"
"3007","Virginia","pacific",7799,2339,2022,"VA"
"3008","Virginia","other",392164,19230,2022,"VA"
"3009","Virginia","multiracial",800629,20792,2022,"VA"
"3010","Virginia","hispanic",905750,1222,2022,"VA"
"3011","Virginia","college",1409942,18123,2022,"VA"
"3012","Virginia","masters",818944,14245,2022,"VA"
"3013","Virginia","professional",165133,7769,2022,"VA"
"3014","Virginia","doctorate",128015,6218,2022,"VA"
"3015","Virginia","poverty",891390,26093,2022,"VA"
"3016","Virginia","median_income",85873,763,2022,"VA"
"3017","Virginia","labor_force",4459666,20299,2022,"VA"
"3018","Virginia","unemployed",161105,7719,2022,"VA"
"3019","Virginia","median_rent",1441,16,2022,"VA"
"3020","Virginia","median_home_value",365700,3008,2022,"VA"
"3021","Washington","median_age",38.4,0.2,2022,"WA"
"3022","Washington","total_pop",7785786,NA,2022,"WA"
"3023","Washington","white",5129500,17303,2022,"WA"
"3024","Washington","black",309488,9282,2022,"WA"
"3025","Washington","native",99306,6282,2022,"WA"
"3026","Washington","asian",762339,8698,2022,"WA"
"3027","Washington","pacific",54087,3458,2022,"WA"
"3028","Washington","other",451361,19225,2022,"WA"
"3029","Washington","multiracial",979705,23475,2022,"WA"
"3030","Washington","hispanic",1093313,NA,2022,"WA"
"3031","Washington","college",1302707,17891,2022,"WA"
"3032","Washington","masters",624627,12285,2022,"WA"
"3033","Washington","professional",129492,6463,2022,"WA"
"3034","Washington","doctorate",102857,5231,2022,"WA"
"3035","Washington","poverty",763469,24765,2022,"WA"
"3036","Washington","median_income",91306,841,2022,"WA"
"3037","Washington","labor_force",4029420,17439,2022,"WA"
"3038","Washington","unemployed",163479,8007,2022,"WA"
"3039","Washington","median_rent",1630,14,2022,"WA"
"3040","Washington","median_home_value",569500,4606,2022,"WA"
"3041","West Virginia","median_age",42.9,0.2,2022,"WV"
"3042","West Virginia","total_pop",1775156,NA,2022,"WV"
"3043","West Virginia","white",1603362,4108,2022,"WV"
"3044","West Virginia","black",60797,3576,2022,"WV"
"3045","West Virginia","native",2826,1072,2022,"WV"
"3046","West Virginia","asian",13437,1656,2022,"WV"
"3047","West Virginia","pacific",145,191,2022,"WV"
"3048","West Virginia","other",11068,2514,2022,"WV"
"3049","West Virginia","multiracial",83521,6134,2022,"WV"
"3050","West Virginia","hispanic",34343,1894,2022,"WV"
"3051","West Virginia","college",188793,7491,2022,"WV"
"3052","West Virginia","masters",88210,5363,2022,"WV"
"3053","West Virginia","professional",21126,2628,2022,"WV"
"3054","West Virginia","doctorate",14957,1774,2022,"WV"
"3055","West Virginia","poverty",308825,15631,2022,"WV"
"3056","West Virginia","median_income",54329,1336,2022,"WV"
"3057","West Virginia","labor_force",772226,9362,2022,"WV"
"3058","West Virginia","unemployed",36582,3469,2022,"WV"
"3059","West Virginia","median_rent",795,17,2022,"WV"
"3060","West Virginia","median_home_value",155100,2736,2022,"WV"
"3061","Wisconsin","median_age",40.4,0.2,2022,"WI"
"3062","Wisconsin","total_pop",5892539,NA,2022,"WI"
"3063","Wisconsin","white",4737427,9403,2022,"WI"
"3064","Wisconsin","black",352022,6433,2022,"WI"
"3065","Wisconsin","native",44394,3353,2022,"WI"
"3066","Wisconsin","asian",173310,4219,2022,"WI"
"3067","Wisconsin","pacific",2732,1876,2022,"WI"
"3068","Wisconsin","other",115296,7781,2022,"WI"
"3069","Wisconsin","multiracial",467358,14061,2022,"WI"
"3070","Wisconsin","hispanic",447022,409,2022,"WI"
"3071","Wisconsin","college",885548,11612,2022,"WI"
"3072","Wisconsin","masters",344375,8127,2022,"WI"
"3073","Wisconsin","professional",72109,4231,2022,"WI"
"3074","Wisconsin","doctorate",56389,3634,2022,"WI"
"3075","Wisconsin","poverty",617037,19399,2022,"WI"
"3076","Wisconsin","median_income",70996,644,2022,"WI"
"3077","Wisconsin","labor_force",3123424,13919,2022,"WI"
"3078","Wisconsin","unemployed",86461,5056,2022,"WI"
"3079","Wisconsin","median_rent",992,9,2022,"WI"
"3080","Wisconsin","median_home_value",252800,1940,2022,"WI"
"3081","Wyoming","median_age",39.1,0.5,2022,"WY"
"3082","Wyoming","total_pop",581381,NA,2022,"WY"
"3083","Wyoming","white",491697,3988,2022,"WY"
"3084","Wyoming","black",4097,902,2022,"WY"
"3085","Wyoming","native",11118,1179,2022,"WY"
"3086","Wyoming","asian",3847,1076,2022,"WY"
"3087","Wyoming","pacific",849,738,2022,"WY"
"3088","Wyoming","other",21513,3999,2022,"WY"
"3089","Wyoming","multiracial",48260,4164,2022,"WY"
"3090","Wyoming","hispanic",62803,NA,2022,"WY"
"3091","Wyoming","college",71812,4527,2022,"WY"
"3092","Wyoming","masters",34361,3423,2022,"WY"
"3093","Wyoming","professional",5705,1398,2022,"WY"
"3094","Wyoming","doctorate",6288,1583,2022,"WY"
"3095","Wyoming","poverty",66943,7510,2022,"WY"
"3096","Wyoming","median_income",70042,2867,2022,"WY"
"3097","Wyoming","labor_force",302447,5026,2022,"WY"
"3098","Wyoming","unemployed",11409,1785,2022,"WY"
"3099","Wyoming","median_rent",895,29,2022,"WY"
"3100","Wyoming","median_home_value",292300,7001,2022,"WY"
"3101","Puerto Rico","median_age",44.7,0.1,2022,"PR"
"3102","Puerto Rico","total_pop",3221789,NA,2022,"PR"
"3103","Puerto Rico","white",848732,22042,2022,"PR"
"3104","Puerto Rico","black",188147,11892,2022,"PR"
"3105","Puerto Rico","native",6970,2547,2022,"PR"
"3106","Puerto Rico","asian",5771,1596,2022,"PR"
"3107","Puerto Rico","pacific",93,160,2022,"PR"
"3108","Puerto Rico","other",941489,22527,2022,"PR"
"3109","Puerto Rico","multiracial",1230587,23255,2022,"PR"
"3110","Puerto Rico","hispanic",3190139,4105,2022,"PR"
"3111","Puerto Rico","college",503506,12117,2022,"PR"
"3112","Puerto Rico","masters",148347,8079,2022,"PR"
"3113","Puerto Rico","professional",32681,3617,2022,"PR"
"3114","Puerto Rico","doctorate",33185,3155,2022,"PR"
"3115","Puerto Rico","poverty",1333111,27214,2022,"PR"
"3116","Puerto Rico","median_income",24112,515,2022,"PR"
"3117","Puerto Rico","labor_force",1291895,12811,2022,"PR"
"3118","Puerto Rico","unemployed",127753,7805,2022,"PR"
"3119","Puerto Rico","median_rent",535,11,2022,"PR"
"3120","Puerto Rico","median_home_value",122200,1260,2022,"PR"
"3121","Alabama","median_age",39.8,0.2,2021,"AL"
"3122","Alabama","total_pop",5039877,NA,2021,"AL"
"3123","Alabama","white",3281881,9108,2021,"AL"
"3124","Alabama","black",1305106,11977,2021,"AL"
"3125","Alabama","native",24830,4672,2021,"AL"
"3126","Alabama","asian",68813,3757,2021,"AL"
"3127","Alabama","pacific",1661,874,2021,"AL"
"3128","Alabama","other",106975,9398,2021,"AL"
"3129","Alabama","multiracial",250611,14174,2021,"AL"
"3130","Alabama","hispanic",237434,1931,2021,"AL"
"3131","Alabama","college",572276,12380,2021,"AL"
"3132","Alabama","masters",271514,9382,2021,"AL"
"3133","Alabama","professional",57866,4315,2021,"AL"
"3134","Alabama","doctorate",45110,4326,2021,"AL"
"3135","Alabama","poverty",794326,27043,2021,"AL"
"3136","Alabama","median_income",53913,781,2021,"AL"
"3137","Alabama","labor_force",2314723,14775,2021,"AL"
"3138","Alabama","unemployed",123808,8209,2021,"AL"
"3139","Alabama","median_rent",861,12,2021,"AL"
"3140","Alabama","median_home_value",172800,2083,2021,"AL"
"3141","Alaska","median_age",35.6,0.2,2021,"AK"
"3142","Alaska","total_pop",732673,NA,2021,"AK"
"3143","Alaska","white",435004,3285,2021,"AK"
"3144","Alaska","black",22003,2422,2021,"AK"
"3145","Alaska","native",100397,4471,2021,"AK"
"3146","Alaska","asian",47347,2536,2021,"AK"
"3147","Alaska","pacific",11171,1369,2021,"AK"
"3148","Alaska","other",19118,3239,2021,"AK"
"3149","Alaska","multiracial",97633,6708,2021,"AK"
"3150","Alaska","hispanic",52291,569,2021,"AK"
"3151","Alaska","college",101422,5224,2021,"AK"
"3152","Alaska","masters",39120,2995,2021,"AK"
"3153","Alaska","professional",12444,1969,2021,"AK"
"3154","Alaska","doctorate",6304,1679,2021,"AK"
"3155","Alaska","poverty",75165,6814,2021,"AK"
"3156","Alaska","median_income",77845,2148,2021,"AK"
"3157","Alaska","labor_force",352556,6099,2021,"AK"
"3158","Alaska","unemployed",24603,2254,2021,"AK"
"3159","Alaska","median_rent",1259,49,2021,"AK"
"3160","Alaska","median_home_value",304900,7331,2021,"AK"
"3161","Arizona","median_age",38.6,0.1,2021,"AZ"
"3162","Arizona","total_pop",7276316,NA,2021,"AZ"
"3163","Arizona","white",4241669,22497,2021,"AZ"
"3164","Arizona","black",326638,8433,2021,"AZ"
"3165","Arizona","native",294658,10429,2021,"AZ"
"3166","Arizona","asian",245285,6781,2021,"AZ"
"3167","Arizona","pacific",12432,1670,2021,"AZ"
"3168","Arizona","other",693486,28513,2021,"AZ"
"3169","Arizona","multiracial",1462148,30256,2021,"AZ"
"3170","Arizona","hispanic",2351124,NA,2021,"AZ"
"3171","Arizona","college",985673,15997,2021,"AZ"
"3172","Arizona","masters",455187,12436,2021,"AZ"
"3173","Arizona","professional",97958,5757,2021,"AZ"
"3174","Arizona","doctorate",76263,4941,2021,"AZ"
"3175","Arizona","poverty",908961,26990,2021,"AZ"
"3176","Arizona","median_income",69056,686,2021,"AZ"
"3177","Arizona","labor_force",3518555,16365,2021,"AZ"
"3178","Arizona","unemployed",203756,10185,2021,"AZ"
"3179","Arizona","median_rent",1253,13,2021,"AZ"
"3180","Arizona","median_home_value",336300,2390,2021,"AZ"
"3181","Arkansas","median_age",38.5,0.2,2021,"AR"
"3182","Arkansas","total_pop",3025891,NA,2021,"AR"
"3183","Arkansas","white",2115847,12266,2021,"AR"
"3184","Arkansas","black",447402,6199,2021,"AR"
"3185","Arkansas","native",17058,3104,2021,"AR"
"3186","Arkansas","asian",43928,2914,2021,"AR"
"3187","Arkansas","pacific",11814,2590,2021,"AR"
"3188","Arkansas","other",90588,7281,2021,"AR"
"3189","Arkansas","multiracial",299254,14342,2021,"AR"
"3190","Arkansas","hispanic",247641,1440,2021,"AR"
"3191","Arkansas","college",324137,9487,2021,"AR"
"3192","Arkansas","masters",140186,6520,2021,"AR"
"3193","Arkansas","professional",28936,3570,2021,"AR"
"3194","Arkansas","doctorate",21775,2945,2021,"AR"
"3195","Arkansas","poverty",480153,21721,2021,"AR"
"3196","Arkansas","median_income",52528,1002,2021,"AR"
"3197","Arkansas","labor_force",1400997,12476,2021,"AR"
"3198","Arkansas","unemployed",77486,5574,2021,"AR"
"3199","Arkansas","median_rent",820,12,2021,"AR"
"3200","Arkansas","median_home_value",162300,1975,2021,"AR"
"3201","California","median_age",37.6,0.1,2021,"CA"
"3202","California","total_pop",39237836,NA,2021,"CA"
"3203","California","white",15443776,53506,2021,"CA"
"3204","California","black",2161485,17830,2021,"CA"
"3205","California","native",535468,21779,2021,"CA"
"3206","California","asian",5967495,25961,2021,"CA"
"3207","California","pacific",152125,6294,2021,"CA"
"3208","California","other",7523454,68396,2021,"CA"
"3209","California","multiracial",7454033,77668,2021,"CA"
"3210","California","hispanic",15754608,NA,2021,"CA"
"3211","California","college",5958030,35596,2021,"CA"
"3212","California","masters",2573469,25887,2021,"CA"
"3213","California","professional",695127,15780,2021,"CA"
"3214","California","doctorate",511191,11527,2021,"CA"
"3215","California","poverty",4733036,68101,2021,"CA"
"3216","California","median_income",84907,542,2021,"CA"
"3217","California","labor_force",19805371,43938,2021,"CA"
"3218","California","unemployed",1649320,20087,2021,"CA"
"3219","California","median_rent",1750,7,2021,"CA"
"3220","California","median_home_value",648100,2021,2021,"CA"
"3221","Colorado","median_age",37.6,0.2,2021,"CO"
"3222","Colorado","total_pop",5812069,NA,2021,"CO"
"3223","Colorado","white",4101383,14715,2021,"CO"
"3224","Colorado","black",229367,8541,2021,"CO"
"3225","Colorado","native",60377,6439,2021,"CO"
"3226","Colorado","asian",185093,5489,2021,"CO"
"3227","Colorado","pacific",8668,1923,2021,"CO"
"3228","Colorado","other",361851,18154,2021,"CO"
"3229","Colorado","multiracial",865330,20083,2021,"CO"
"3230","Colorado","hispanic",1293214,NA,2021,"CO"
"3231","Colorado","college",1107309,14787,2021,"CO"
"3232","Colorado","masters",500621,10120,2021,"CO"
"3233","Colorado","professional",105810,4770,2021,"CO"
"3234","Colorado","doctorate",82500,5096,2021,"CO"
"3235","Colorado","poverty",553272,20121,2021,"CO"
"3236","Colorado","median_income",82254,791,2021,"CO"
"3237","Colorado","labor_force",3170677,13453,2021,"CO"
"3238","Colorado","unemployed",168571,7738,2021,"CO"
"3239","Colorado","median_rent",1491,14,2021,"CO"
"3240","Colorado","median_home_value",466200,2390,2021,"CO"
"3241","Connecticut","median_age",41.1,0.2,2021,"CT"
"3242","Connecticut","total_pop",3605597,NA,2021,"CT"
"3243","Connecticut","white",2354580,11692,2021,"CT"
"3244","Connecticut","black",380846,7852,2021,"CT"
"3245","Connecticut","native",12238,3564,2021,"CT"
"3246","Connecticut","asian",172878,3929,2021,"CT"
"3247","Connecticut","pacific",1478,1068,2021,"CT"
"3248","Connecticut","other",264895,13813,2021,"CT"
"3249","Connecticut","multiracial",418682,16195,2021,"CT"
"3250","Connecticut","hispanic",637113,NA,2021,"CT"
"3251","Connecticut","college",587690,11840,2021,"CT"
"3252","Connecticut","masters",348217,10120,2021,"CT"
"3253","Connecticut","professional",83078,4702,2021,"CT"
"3254","Connecticut","doctorate",48686,3589,2021,"CT"
"3255","Connecticut","poverty",354166,16673,2021,"CT"
"3256","Connecticut","median_income",83771,1112,2021,"CT"
"3257","Connecticut","labor_force",1940575,12046,2021,"CT"
"3258","Connecticut","unemployed",129633,6354,2021,"CT"
"3259","Connecticut","median_rent",1277,19,2021,"CT"
"3260","Connecticut","median_home_value",311500,3506,2021,"CT"
"3261","Delaware","median_age",41.6,0.3,2021,"DE"
"3262","Delaware","total_pop",1003384,NA,2021,"DE"
"3263","Delaware","white",609759,4547,2021,"DE"
"3264","Delaware","black",208369,6091,2021,"DE"
"3265","Delaware","native",3385,1366,2021,"DE"
"3266","Delaware","asian",41066,1723,2021,"DE"
"3267","Delaware","pacific",415,426,2021,"DE"
"3268","Delaware","other",45743,4812,2021,"DE"
"3269","Delaware","multiracial",94647,8713,2021,"DE"
"3270","Delaware","hispanic",101213,NA,2021,"DE"
"3271","Delaware","college",146295,6975,2021,"DE"
"3272","Delaware","masters",80771,4324,2021,"DE"
"3273","Delaware","professional",14294,2002,2021,"DE"
"3274","Delaware","doctorate",11932,2193,2021,"DE"
"3275","Delaware","poverty",113450,9306,2021,"DE"
"3276","Delaware","median_income",71091,1795,2021,"DE"
"3277","Delaware","labor_force",488236,5894,2021,"DE"
"3278","Delaware","unemployed",27140,3037,2021,"DE"
"3279","Delaware","median_rent",1208,30,2021,"DE"
"3280","Delaware","median_home_value",300500,6189,2021,"DE"
"3281","District of Columbia","median_age",34.8,0.1,2021,"DC"
"3282","District of Columbia","total_pop",670050,NA,2021,"DC"
"3283","District of Columbia","white",253842,2571,2021,"DC"
"3284","District of Columbia","black",289302,3578,2021,"DC"
"3285","District of Columbia","native",1281,602,2021,"DC"
"3286","District of Columbia","asian",27692,1388,2021,"DC"
"3287","District of Columbia","pacific",153,192,2021,"DC"
"3288","District of Columbia","other",33160,5008,2021,"DC"
"3289","District of Columbia","multiracial",64620,5318,2021,"DC"
"3290","District of Columbia","hispanic",76919,NA,2021,"DC"
"3291","District of Columbia","college",120771,6174,2021,"DC"
"3292","District of Columbia","masters",109362,5373,2021,"DC"
"3293","District of Columbia","professional",48117,3974,2021,"DC"
"3294","District of Columbia","doctorate",23602,3037,2021,"DC"
"3295","District of Columbia","poverty",105007,8772,2021,"DC"
"3296","District of Columbia","median_income",90088,3477,2021,"DC"
"3297","District of Columbia","labor_force",387147,5027,2021,"DC"
"3298","District of Columbia","unemployed",31749,4133,2021,"DC"
"3299","District of Columbia","median_rent",1668,36,2021,"DC"
"3300","District of Columbia","median_home_value",669900,18113,2021,"DC"
"3301","Florida","median_age",42.8,0.2,2021,"FL"
"3302","Florida","total_pop",21781128,NA,2021,"FL"
"3303","Florida","white",12210739,38554,2021,"FL"
"3304","Florida","black",3285618,25201,2021,"FL"
"3305","Florida","native",63540,7679,2021,"FL"
"3306","Florida","asian",620260,9601,2021,"FL"
"3307","Florida","pacific",12453,3451,2021,"FL"
"3308","Florida","other",1423478,45893,2021,"FL"
"3309","Florida","multiracial",4165040,51281,2021,"FL"
"3310","Florida","hispanic",5830915,NA,2021,"FL"
"3311","Florida","college",3248221,34306,2021,"FL"
"3312","Florida","masters",1368496,22376,2021,"FL"
"3313","Florida","professional",384303,11553,2021,"FL"
"3314","Florida","doctorate",225826,10727,2021,"FL"
"3315","Florida","poverty",2805433,50403,2021,"FL"
"3316","Florida","median_income",63062,425,2021,"FL"
"3317","Florida","labor_force",10575428,39066,2021,"FL"
"3318","Florida","unemployed",592167,19064,2021,"FL"
"3319","Florida","median_rent",1348,7,2021,"FL"
"3320","Florida","median_home_value",290700,1438,2021,"FL"
"3321","Georgia","median_age",37.5,0.1,2021,"GA"
"3322","Georgia","total_pop",10799566,NA,2021,"GA"
"3323","Georgia","white",5602328,16791,2021,"GA"
"3324","Georgia","black",3323900,25386,2021,"GA"
"3325","Georgia","native",53642,7633,2021,"GA"
"3326","Georgia","asian",465880,7563,2021,"GA"
"3327","Georgia","pacific",5453,1978,2021,"GA"
"3328","Georgia","other",402842,19582,2021,"GA"
"3329","Georgia","multiracial",945521,26519,2021,"GA"
"3330","Georgia","hispanic",1083524,3082,2021,"GA"
"3331","Georgia","college",1514014,27202,2021,"GA"
"3332","Georgia","masters",699356,19504,2021,"GA"
"3333","Georgia","professional",173470,9433,2021,"GA"
"3334","Georgia","doctorate",118236,6817,2021,"GA"
"3335","Georgia","poverty",1476348,43526,2021,"GA"
"3336","Georgia","median_income",66559,712,2021,"GA"
"3337","Georgia","labor_force",5327244,28207,2021,"GA"
"3338","Georgia","unemployed",294785,12956,2021,"GA"
"3339","Georgia","median_rent",1153,12,2021,"GA"
"3340","Georgia","median_home_value",249700,2441,2021,"GA"
"3341","Hawaii","median_age",40.2,0.2,2021,"HI"
"3342","Hawaii","total_pop",1441553,NA,2021,"HI"
"3343","Hawaii","white",319677,5103,2021,"HI"
"3344","Hawaii","black",28484,2387,2021,"HI"
"3345","Hawaii","native",4837,1987,2021,"HI"
"3346","Hawaii","asian",536161,12073,2021,"HI"
"3347","Hawaii","pacific",145556,6234,2021,"HI"
"3348","Hawaii","other",27377,4260,2021,"HI"
"3349","Hawaii","multiracial",379461,14443,2021,"HI"
"3350","Hawaii","hispanic",160134,NA,2021,"HI"
"3351","Hawaii","college",226849,6730,2021,"HI"
"3352","Hawaii","masters",91083,4737,2021,"HI"
"3353","Hawaii","professional",27139,2603,2021,"HI"
"3354","Hawaii","doctorate",15610,1936,2021,"HI"
"3355","Hawaii","poverty",156735,10849,2021,"HI"
"3356","Hawaii","median_income",84857,2106,2021,"HI"
"3357","Hawaii","labor_force",690200,7690,2021,"HI"
"3358","Hawaii","unemployed",53237,3971,2021,"HI"
"3359","Hawaii","median_rent",1774,37,2021,"HI"
"3360","Hawaii","median_home_value",722500,13667,2021,"HI"
"3361","Idaho","median_age",37.3,0.3,2021,"ID"
"3362","Idaho","total_pop",1900923,NA,2021,"ID"
"3363","Idaho","white",1548085,10586,2021,"ID"
"3364","Idaho","black",14235,1444,2021,"ID"
"3365","Idaho","native",23990,4479,2021,"ID"
"3366","Idaho","asian",26001,2773,2021,"ID"
"3367","Idaho","pacific",1729,545,2021,"ID"
"3368","Idaho","other",108952,9061,2021,"ID"
"3369","Idaho","multiracial",177931,11077,2021,"ID"
"3370","Idaho","hispanic",251916,NA,2021,"ID"
"3371","Idaho","college",253762,9121,2021,"ID"
"3372","Idaho","masters",94108,6043,2021,"ID"
"3373","Idaho","professional",23862,3220,2021,"ID"
"3374","Idaho","doctorate",14532,1955,2021,"ID"
"3375","Idaho","poverty",205702,14781,2021,"ID"
"3376","Idaho","median_income",66474,1752,2021,"ID"
"3377","Idaho","labor_force",932677,8328,2021,"ID"
"3378","Idaho","unemployed",30858,3750,2021,"ID"
"3379","Idaho","median_rent",1035,23,2021,"ID"
"3380","Idaho","median_home_value",369300,4847,2021,"ID"
"3381","Illinois","median_age",39,0.1,2021,"IL"
"3382","Illinois","total_pop",12671469,NA,2021,"IL"
"3383","Illinois","white",7770962,18654,2021,"IL"
"3384","Illinois","black",1722604,13753,2021,"IL"
"3385","Illinois","native",84713,8284,2021,"IL"
"3386","Illinois","asian",728531,7104,2021,"IL"
"3387","Illinois","pacific",5780,1472,2021,"IL"
"3388","Illinois","other",952409,29916,2021,"IL"
"3389","Illinois","multiracial",1406470,32916,2021,"IL"
"3390","Illinois","hispanic",2277330,1321,2021,"IL"
"3391","Illinois","college",1932282,20143,2021,"IL"
"3392","Illinois","masters",961986,15789,2021,"IL"
"3393","Illinois","professional",213218,7711,2021,"IL"
"3394","Illinois","doctorate",135093,6426,2021,"IL"
"3395","Illinois","poverty",1498523,37209,2021,"IL"
"3396","Illinois","median_income",72205,574,2021,"IL"
"3397","Illinois","labor_force",6562079,23706,2021,"IL"
"3398","Illinois","unemployed",482887,13546,2021,"IL"
"3399","Illinois","median_rent",1106,8,2021,"IL"
"3400","Illinois","median_home_value",231500,1606,2021,"IL"
"3401","Indiana","median_age",38.2,0.2,2021,"IN"
"3402","Indiana","total_pop",6805985,NA,2021,"IN"
"3403","Indiana","white",5308520,10098,2021,"IN"
"3404","Indiana","black",601428,10711,2021,"IN"
"3405","Indiana","native",19174,3861,2021,"IN"
"3406","Indiana","asian",162321,5173,2021,"IN"
"3407","Indiana","pacific",1687,840,2021,"IN"
"3408","Indiana","other",210836,13843,2021,"IN"
"3409","Indiana","multiracial",502019,16607,2021,"IN"
"3410","Indiana","hispanic",518001,1403,2021,"IN"
"3411","Indiana","college",843069,14953,2021,"IN"
"3412","Indiana","masters",343526,9840,2021,"IN"
"3413","Indiana","professional",74471,6175,2021,"IN"
"3414","Indiana","doctorate",55721,4291,2021,"IN"
"3415","Indiana","poverty",803021,25718,2021,"IN"
"3416","Indiana","median_income",62743,716,2021,"IN"
"3417","Indiana","labor_force",3419218,17040,2021,"IN"
"3418","Indiana","unemployed",160040,7871,2021,"IN"
"3419","Indiana","median_rent",905,9,2021,"IN"
"3420","Indiana","median_home_value",182400,2006,2021,"IN"
"3421","Iowa","median_age",38.5,0.2,2021,"IA"
"3422","Iowa","total_pop",3193079,NA,2021,"IA"
"3423","Iowa","white",2696700,7245,2021,"IA"
"3424","Iowa","black",115173,4807,2021,"IA"
"3425","Iowa","native",15288,2246,2021,"IA"
"3426","Iowa","asian",75373,4249,2021,"IA"
"3427","Iowa","pacific",4859,1964,2021,"IA"
"3428","Iowa","other",69584,6660,2021,"IA"
"3429","Iowa","multiracial",216102,9191,2021,"IA"
"3430","Iowa","hispanic",212306,1432,2021,"IA"
"3431","Iowa","college",441878,10575,2021,"IA"
"3432","Iowa","masters",145253,5096,2021,"IA"
"3433","Iowa","professional",34653,3015,2021,"IA"
"3434","Iowa","doctorate",30958,3295,2021,"IA"
"3435","Iowa","poverty",344696,16580,2021,"IA"
"3436","Iowa","median_income",65600,777,2021,"IA"
"3437","Iowa","labor_force",1676731,10687,2021,"IA"
"3438","Iowa","unemployed",60198,4219,2021,"IA"
"3439","Iowa","median_rent",847,10,2021,"IA"
"3440","Iowa","median_home_value",174400,1658,2021,"IA"
"3441","Kansas","median_age",37.3,0.2,2021,"KS"
"3442","Kansas","total_pop",2934582,NA,2021,"KS"
"3443","Kansas","white",2230826,9340,2021,"KS"
"3444","Kansas","black",154732,5259,2021,"KS"
"3445","Kansas","native",21670,3765,2021,"KS"
"3446","Kansas","asian",85422,2917,2021,"KS"
"3447","Kansas","pacific",1767,1011,2021,"KS"
"3448","Kansas","other",129261,9648,2021,"KS"
"3449","Kansas","multiracial",310904,10985,2021,"KS"
"3450","Kansas","hispanic",373723,682,2021,"KS"
"3451","Kansas","college",427464,9597,2021,"KS"
"3452","Kansas","masters",187756,5806,2021,"KS"
"3453","Kansas","professional",44232,3192,2021,"KS"
"3454","Kansas","doctorate",28000,2932,2021,"KS"
"3455","Kansas","poverty",333518,15020,2021,"KS"
"3456","Kansas","median_income",64124,951,2021,"KS"
"3457","Kansas","labor_force",1502947,10704,2021,"KS"
"3458","Kansas","unemployed",65475,5256,2021,"KS"
"3459","Kansas","median_rent",904,13,2021,"KS"
"3460","Kansas","median_home_value",183800,2802,2021,"KS"
"3461","Kentucky","median_age",39.1,0.2,2021,"KY"
"3462","Kentucky","total_pop",4509394,NA,2021,"KY"
"3463","Kentucky","white",3756439,5994,2021,"KY"
"3464","Kentucky","black",324634,8177,2021,"KY"
"3465","Kentucky","native",10357,1794,2021,"KY"
"3466","Kentucky","asian",64314,3879,2021,"KY"
"3467","Kentucky","pacific",4988,2644,2021,"KY"
"3468","Kentucky","other",62665,6212,2021,"KY"
"3469","Kentucky","multiracial",285997,9047,2021,"KY"
"3470","Kentucky","hispanic",176747,2465,2021,"KY"
"3471","Kentucky","college",488546,11696,2021,"KY"
"3472","Kentucky","masters",248867,7905,2021,"KY"
"3473","Kentucky","professional",56988,4210,2021,"KY"
"3474","Kentucky","doctorate",36013,3175,2021,"KY"
"3475","Kentucky","poverty",721878,20774,2021,"KY"
"3476","Kentucky","median_income",55573,701,2021,"KY"
"3477","Kentucky","labor_force",2106986,12371,2021,"KY"
"3478","Kentucky","unemployed",114655,6662,2021,"KY"
"3479","Kentucky","median_rent",830,10,2021,"KY"
"3480","Kentucky","median_home_value",173300,1712,2021,"KY"
"3481","Louisiana","median_age",38,0.2,2021,"LA"
"3482","Louisiana","total_pop",4624047,NA,2021,"LA"
"3483","Louisiana","white",2675200,8837,2021,"LA"
"3484","Louisiana","black",1441645,13640,2021,"LA"
"3485","Louisiana","native",23926,3550,2021,"LA"
"3486","Louisiana","asian",80506,4051,2021,"LA"
"3487","Louisiana","pacific",3652,2924,2021,"LA"
"3488","Louisiana","other",87229,7365,2021,"LA"
"3489","Louisiana","multiracial",311889,13345,2021,"LA"
"3490","Louisiana","hispanic",256086,2362,2021,"LA"
"3491","Louisiana","college",523475,13794,2021,"LA"
"3492","Louisiana","masters",205307,8820,2021,"LA"
"3493","Louisiana","professional",58391,5541,2021,"LA"
"3494","Louisiana","doctorate",37196,3953,2021,"LA"
"3495","Louisiana","poverty",883236,30108,2021,"LA"
"3496","Louisiana","median_income",52087,750,2021,"LA"
"3497","Louisiana","labor_force",2119555,20789,2021,"LA"
"3498","Louisiana","unemployed",161765,8237,2021,"LA"
"3499","Louisiana","median_rent",924,13,2021,"LA"
"3500","Louisiana","median_home_value",192800,3009,2021,"LA"
"3501","Maine","median_age",44.7,0.2,2021,"ME"
"3502","Maine","total_pop",1372247,NA,2021,"ME"
"3503","Maine","white",1241485,5621,2021,"ME"
"3504","Maine","black",21069,2004,2021,"ME"
"3505","Maine","native",4770,781,2021,"ME"
"3506","Maine","asian",16827,1829,2021,"ME"
"3507","Maine","pacific",365,339,2021,"ME"
"3508","Maine","other",11854,2469,2021,"ME"
"3509","Maine","multiracial",75877,6554,2021,"ME"
"3510","Maine","hispanic",26227,649,2021,"ME"
"3511","Maine","college",224987,7908,2021,"ME"
"3512","Maine","masters",98761,5241,2021,"ME"
"3513","Maine","professional",22502,2790,2021,"ME"
"3514","Maine","doctorate",19055,2387,2021,"ME"
"3515","Maine","poverty",154117,11184,2021,"ME"
"3516","Maine","median_income",64767,1258,2021,"ME"
"3517","Maine","labor_force",706911,7466,2021,"ME"
"3518","Maine","unemployed",34431,2788,2021,"ME"
"3519","Maine","median_rent",945,23,2021,"ME"
"3520","Maine","median_home_value",252100,5027,2021,"ME"
"3521","Maryland","median_age",39.3,0.1,2021,"MD"
"3522","Maryland","total_pop",6165129,NA,2021,"MD"
"3523","Maryland","white",3018844,10242,2021,"MD"
"3524","Maryland","black",1810345,12065,2021,"MD"
"3525","Maryland","native",25208,4990,2021,"MD"
"3526","Maryland","asian",407982,6523,2021,"MD"
"3527","Maryland","pacific",3545,1290,2021,"MD"
"3528","Maryland","other",406038,13676,2021,"MD"
"3529","Maryland","multiracial",493167,16060,2021,"MD"
"3530","Maryland","hispanic",684323,245,2021,"MD"
"3531","Maryland","college",956533,16361,2021,"MD"
"3532","Maryland","masters",606779,11053,2021,"MD"
"3533","Maryland","professional",138912,5461,2021,"MD"
"3534","Maryland","doctorate",115978,5372,2021,"MD"
"3535","Maryland","poverty",618372,24989,2021,"MD"
"3536","Maryland","median_income",90203,1065,2021,"MD"
"3537","Maryland","labor_force",3263025,20340,2021,"MD"
"3538","Maryland","unemployed",192275,8456,2021,"MD"
"3539","Maryland","median_rent",1473,14,2021,"MD"
"3540","Maryland","median_home_value",370800,2525,2021,"MD"
"3541","Massachusetts","median_age",39.9,0.1,2021,"MA"
"3542","Massachusetts","total_pop",6984723,NA,2021,"MA"
"3543","Massachusetts","white",4832195,13584,2021,"MA"
"3544","Massachusetts","black",466735,12023,2021,"MA"
"3545","Massachusetts","native",15835,3258,2021,"MA"
"3546","Massachusetts","asian",493647,6196,2021,"MA"
"3547","Massachusetts","pacific",2106,666,2021,"MA"
"3548","Massachusetts","other",395087,16055,2021,"MA"
"3549","Massachusetts","multiracial",779118,21128,2021,"MA"
"3550","Massachusetts","hispanic",897350,NA,2021,"MA"
"3551","Massachusetts","college",1250748,18214,2021,"MA"
"3552","Massachusetts","masters",736774,14252,2021,"MA"
"3553","Massachusetts","professional",156628,7063,2021,"MA"
"3554","Massachusetts","doctorate",156273,6825,2021,"MA"
"3555","Massachusetts","poverty",700138,21871,2021,"MA"
"3556","Massachusetts","median_income",89645,1287,2021,"MA"
"3557","Massachusetts","labor_force",3859910,20214,2021,"MA"
"3558","Massachusetts","unemployed",255238,9093,2021,"MA"
"3559","Massachusetts","median_rent",1487,19,2021,"MA"
"3560","Massachusetts","median_home_value",480600,3093,2021,"MA"
"3561","Michigan","median_age",40.2,0.1,2021,"MI"
"3562","Michigan","total_pop",10050811,NA,2021,"MI"
"3563","Michigan","white",7438013,11993,2021,"MI"
"3564","Michigan","black",1345050,10756,2021,"MI"
"3565","Michigan","native",51188,5296,2021,"MI"
"3566","Michigan","asian",322255,6225,2021,"MI"
"3567","Michigan","pacific",2512,797,2021,"MI"
"3568","Michigan","other",192299,10160,2021,"MI"
"3569","Michigan","multiracial",699494,17559,2021,"MI"
"3570","Michigan","hispanic",559716,511,2021,"MI"
"3571","Michigan","college",1338162,15719,2021,"MI"
"3572","Michigan","masters",649768,11608,2021,"MI"
"3573","Michigan","professional",130768,5734,2021,"MI"
"3574","Michigan","doctorate",89472,4615,2021,"MI"
"3575","Michigan","poverty",1286329,29158,2021,"MI"
"3576","Michigan","median_income",63498,526,2021,"MI"
"3577","Michigan","labor_force",4960466,19174,2021,"MI"
"3578","Michigan","unemployed",342848,9069,2021,"MI"
"3579","Michigan","median_rent",969,7,2021,"MI"
"3580","Michigan","median_home_value",199100,1479,2021,"MI"
"3581","Minnesota","median_age",38.8,0.1,2021,"MN"
"3582","Minnesota","total_pop",5707390,NA,2021,"MN"
"3583","Minnesota","white",4436857,9861,2021,"MN"
"3584","Minnesota","black",388575,9180,2021,"MN"
"3585","Minnesota","native",48309,3951,2021,"MN"
"3586","Minnesota","asian",289783,4781,2021,"MN"
"3587","Minnesota","pacific",1904,654,2021,"MN"
"3588","Minnesota","other",150539,10078,2021,"MN"
"3589","Minnesota","multiracial",391423,15198,2021,"MN"
"3590","Minnesota","hispanic",332039,746,2021,"MN"
"3591","Minnesota","college",993883,13369,2021,"MN"
"3592","Minnesota","masters",367967,8760,2021,"MN"
"3593","Minnesota","professional",93091,5131,2021,"MN"
"3594","Minnesota","doctorate",61485,3342,2021,"MN"
"3595","Minnesota","poverty",519731,16588,2021,"MN"
"3596","Minnesota","median_income",77720,915,2021,"MN"
"3597","Minnesota","labor_force",3109756,12673,2021,"MN"
"3598","Minnesota","unemployed",151805,6266,2021,"MN"
"3599","Minnesota","median_rent",1113,12,2021,"MN"
"3600","Minnesota","median_home_value",285400,1533,2021,"MN"
"3601","Mississippi","median_age",38.6,0.3,2021,"MS"
"3602","Mississippi","total_pop",2949965,NA,2021,"MS"
"3603","Mississippi","white",1654011,4967,2021,"MS"
"3604","Mississippi","black",1064950,9972,2021,"MS"
"3605","Mississippi","native",15648,3937,2021,"MS"
"3606","Mississippi","asian",24909,2079,2021,"MS"
"3607","Mississippi","pacific",577,443,2021,"MS"
"3608","Mississippi","other",40404,5713,2021,"MS"
"3609","Mississippi","multiracial",149466,9781,2021,"MS"
"3610","Mississippi","hispanic",93868,2595,2021,"MS"
"3611","Mississippi","college",303656,10580,2021,"MS"
"3612","Mississippi","masters",131795,6295,2021,"MS"
"3613","Mississippi","professional",29196,3074,2021,"MS"
"3614","Mississippi","doctorate",23016,2670,2021,"MS"
"3615","Mississippi","poverty",554152,18347,2021,"MS"
"3616","Mississippi","median_income",48716,1242,2021,"MS"
"3617","Mississippi","labor_force",1311618,13795,2021,"MS"
"3618","Mississippi","unemployed",84002,7095,2021,"MS"
"3619","Mississippi","median_rent",831,12,2021,"MS"
"3620","Mississippi","median_home_value",145600,3278,2021,"MS"
"3621","Missouri","median_age",39.2,0.2,2021,"MO"
"3622","Missouri","total_pop",6168187,NA,2021,"MO"
"3623","Missouri","white",4775960,14472,2021,"MO"
"3624","Missouri","black",666815,8742,2021,"MO"
"3625","Missouri","native",22046,3441,2021,"MO"
"3626","Missouri","asian",124164,3957,2021,"MO"
"3627","Missouri","pacific",7157,1954,2021,"MO"
"3628","Missouri","other",103344,8468,2021,"MO"
"3629","Missouri","multiracial",468701,16648,2021,"MO"
"3630","Missouri","hispanic",281445,2094,2021,"MO"
"3631","Missouri","college",823215,15379,2021,"MO"
"3632","Missouri","masters",382906,8862,2021,"MO"
"3633","Missouri","professional",79995,4861,2021,"MO"
"3634","Missouri","doctorate",54527,4429,2021,"MO"
"3635","Missouri","poverty",761311,21677,2021,"MO"
"3636","Missouri","median_income",61847,669,2021,"MO"
"3637","Missouri","labor_force",3081928,14729,2021,"MO"
"3638","Missouri","unemployed",142497,7306,2021,"MO"
"3639","Missouri","median_rent",882,9,2021,"MO"
"3640","Missouri","median_home_value",198300,2336,2021,"MO"
"3641","Montana","median_age",40.1,0.3,2021,"MT"
"3642","Montana","total_pop",1104271,NA,2021,"MT"
"3643","Montana","white",939189,4341,2021,"MT"
"3644","Montana","black",5703,1128,2021,"MT"
"3645","Montana","native",63896,2785,2021,"MT"
"3646","Montana","asian",10309,1780,2021,"MT"
"3647","Montana","pacific",397,190,2021,"MT"
"3648","Montana","other",14733,3037,2021,"MT"
"3649","Montana","multiracial",70044,5064,2021,"MT"
"3650","Montana","hispanic",47420,710,2021,"MT"
"3651","Montana","college",171377,6026,2021,"MT"
"3652","Montana","masters",64867,3917,2021,"MT"
"3653","Montana","professional",17438,2223,2021,"MT"
"3654","Montana","doctorate",13138,2005,2021,"MT"
"3655","Montana","poverty",128123,8263,2021,"MT"
"3656","Montana","median_income",63249,1423,2021,"MT"
"3657","Montana","labor_force",549441,7444,2021,"MT"
"3658","Montana","unemployed",21876,2768,2021,"MT"
"3659","Montana","median_rent",883,17,2021,"MT"
"3660","Montana","median_home_value",322800,6580,2021,"MT"
"3661","Nebraska","median_age",37.2,0.2,2021,"NE"
"3662","Nebraska","total_pop",1963692,NA,2021,"NE"
"3663","Nebraska","white",1540520,5260,2021,"NE"
"3664","Nebraska","black",91635,3820,2021,"NE"
"3665","Nebraska","native",23547,3270,2021,"NE"
"3666","Nebraska","asian",45285,3556,2021,"NE"
"3667","Nebraska","pacific",594,354,2021,"NE"
"3668","Nebraska","other",91015,6344,2021,"NE"
"3669","Nebraska","multiracial",171096,8675,2021,"NE"
"3670","Nebraska","hispanic",233800,491,2021,"NE"
"3671","Nebraska","college",286510,6865,2021,"NE"
"3672","Nebraska","masters",110814,4940,2021,"NE"
"3673","Nebraska","professional",27169,2457,2021,"NE"
"3674","Nebraska","doctorate",20768,2297,2021,"NE"
"3675","Nebraska","poverty",205852,11385,2021,"NE"
"3676","Nebraska","median_income",66817,1060,2021,"NE"
"3677","Nebraska","labor_force",1046926,8196,2021,"NE"
"3678","Nebraska","unemployed",27826,2615,2021,"NE"
"3679","Nebraska","median_rent",912,16,2021,"NE"
"3680","Nebraska","median_home_value",204900,2877,2021,"NE"
"3681","Nevada","median_age",38.7,0.2,2021,"NV"
"3682","Nevada","total_pop",3143991,NA,2021,"NV"
"3683","Nevada","white",1560010,13058,2021,"NV"
"3684","Nevada","black",288117,7716,2021,"NV"
"3685","Nevada","native",44661,5310,2021,"NV"
"3686","Nevada","asian",269851,6647,2021,"NV"
"3687","Nevada","pacific",23025,1346,2021,"NV"
"3688","Nevada","other",406714,15879,2021,"NV"
"3689","Nevada","multiracial",551613,19178,2021,"NV"
"3690","Nevada","hispanic",940759,NA,2021,"NV"
"3691","Nevada","college",393208,12482,2021,"NV"
"3692","Nevada","masters",151284,6200,2021,"NV"
"3693","Nevada","professional",37186,3322,2021,"NV"
"3694","Nevada","doctorate",22948,2759,2021,"NV"
"3695","Nevada","poverty",437385,19561,2021,"NV"
"3696","Nevada","median_income",66274,1011,2021,"NV"
"3697","Nevada","labor_force",1577568,12906,2021,"NV"
"3698","Nevada","unemployed",152875,8326,2021,"NV"
"3699","Nevada","median_rent",1311,16,2021,"NV"
"3700","Nevada","median_home_value",373000,2832,2021,"NV"
"3701","New Hampshire","median_age",43.1,0.2,2021,"NH"
"3702","New Hampshire","total_pop",1388992,NA,2021,"NH"
"3703","New Hampshire","white",1221431,5611,2021,"NH"
"3704","New Hampshire","black",20291,2048,2021,"NH"
"3705","New Hampshire","native",1550,585,2021,"NH"
"3706","New Hampshire","asian",36422,2253,2021,"NH"
"3707","New Hampshire","pacific",39,57,2021,"NH"
"3708","New Hampshire","other",19983,4418,2021,"NH"
"3709","New Hampshire","multiracial",89276,7080,2021,"NH"
"3710","New Hampshire","hispanic",60323,279,2021,"NH"
"3711","New Hampshire","college",247356,9488,2021,"NH"
"3712","New Hampshire","masters",121904,5501,2021,"NH"
"3713","New Hampshire","professional",20062,2284,2021,"NH"
"3714","New Hampshire","doctorate",16493,1943,2021,"NH"
"3715","New Hampshire","poverty",97403,6851,2021,"NH"
"3716","New Hampshire","median_income",88465,2144,2021,"NH"
"3717","New Hampshire","labor_force",773673,6556,2021,"NH"
"3718","New Hampshire","unemployed",27923,3264,2021,"NH"
"3719","New Hampshire","median_rent",1263,34,2021,"NH"
"3720","New Hampshire","median_home_value",345200,3813,2021,"NH"
"3721","New Jersey","median_age",40.3,0.1,2021,"NJ"
"3722","New Jersey","total_pop",9267130,NA,2021,"NJ"
"3723","New Jersey","white",5062888,17618,2021,"NJ"
"3724","New Jersey","black",1194085,11814,2021,"NJ"
"3725","New Jersey","native",35727,6041,2021,"NJ"
"3726","New Jersey","asian",925055,7529,2021,"NJ"
"3727","New Jersey","pacific",3664,1258,2021,"NJ"
"3728","New Jersey","other",925479,27410,2021,"NJ"
"3729","New Jersey","multiracial",1120232,27100,2021,"NJ"
"3730","New Jersey","hispanic",1991635,NA,2021,"NJ"
"3731","New Jersey","college",1664353,21741,2021,"NJ"
"3732","New Jersey","masters",829918,14862,2021,"NJ"
"3733","New Jersey","professional",182026,7864,2021,"NJ"
"3734","New Jersey","doctorate",114349,5722,2021,"NJ"
"3735","New Jersey","poverty",930602,29531,2021,"NJ"
"3736","New Jersey","median_income",89296,1088,2021,"NJ"
"3737","New Jersey","labor_force",4903656,21517,2021,"NJ"
"3738","New Jersey","unemployed",395137,10244,2021,"NJ"
"3739","New Jersey","median_rent",1457,9,2021,"NJ"
"3740","New Jersey","median_home_value",389800,2392,2021,"NJ"
"3741","New Mexico","median_age",39.1,0.3,2021,"NM"
"3742","New Mexico","total_pop",2115877,NA,2021,"NM"
"3743","New Mexico","white",955024,13973,2021,"NM"
"3744","New Mexico","black",42824,3582,2021,"NM"
"3745","New Mexico","native",197031,6596,2021,"NM"
"3746","New Mexico","asian",34739,2736,2021,"NM"
"3747","New Mexico","pacific",1350,705,2021,"NM"
"3748","New Mexico","other",302384,17033,2021,"NM"
"3749","New Mexico","multiracial",582525,19694,2021,"NM"
"3750","New Mexico","hispanic",1059236,NA,2021,"NM"
"3751","New Mexico","college",231745,7410,2021,"NM"
"3752","New Mexico","masters",141079,5428,2021,"NM"
"3753","New Mexico","professional",30534,3127,2021,"NM"
"3754","New Mexico","doctorate",32572,3063,2021,"NM"
"3755","New Mexico","poverty",382798,20667,2021,"NM"
"3756","New Mexico","median_income",53992,1483,2021,"NM"
"3757","New Mexico","labor_force",953327,12029,2021,"NM"
"3758","New Mexico","unemployed",74721,5633,2021,"NM"
"3759","New Mexico","median_rent",906,20,2021,"NM"
"3760","New Mexico","median_home_value",214000,4000,2021,"NM"
"3761","New York","median_age",39.8,0.1,2021,"NY"
"3762","New York","total_pop",19835913,NA,2021,"NY"
"3763","New York","white",11022836,26244,2021,"NY"
"3764","New York","black",2812364,24493,2021,"NY"
"3765","New York","native",119692,12539,2021,"NY"
"3766","New York","asian",1727826,13538,2021,"NY"
"3767","New York","pacific",9815,2871,2021,"NY"
"3768","New York","other",2023175,39868,2021,"NY"
"3769","New York","multiracial",2120205,46227,2021,"NY"
"3770","New York","hispanic",3864337,1011,2021,"NY"
"3771","New York","college",3105839,34489,2021,"NY"
"3772","New York","masters",1784939,25321,2021,"NY"
"3773","New York","professional",449463,11584,2021,"NY"
"3774","New York","doctorate",243446,9579,2021,"NY"
"3775","New York","poverty",2688587,47579,2021,"NY"
"3776","New York","median_income",74314,613,2021,"NY"
"3777","New York","labor_force",10110281,28976,2021,"NY"
"3778","New York","unemployed",883908,19590,2021,"NY"
"3779","New York","median_rent",1409,10,2021,"NY"
"3780","New York","median_home_value",368800,2957,2021,"NY"
"3781","North Carolina","median_age",39.4,0.2,2021,"NC"
"3782","North Carolina","total_pop",10551162,NA,2021,"NC"
"3783","North Carolina","white",6587453,14829,2021,"NC"
"3784","North Carolina","black",2118333,16842,2021,"NC"
"3785","North Carolina","native",116742,5943,2021,"NC"
"3786","North Carolina","asian",325011,5495,2021,"NC"
"3787","North Carolina","pacific",5915,1979,2021,"NC"
"3788","North Carolina","other",512545,19462,2021,"NC"
"3789","North Carolina","multiracial",885163,23471,2021,"NC"
"3790","North Carolina","hispanic",1070001,1360,2021,"NC"
"3791","North Carolina","college",1573681,23737,2021,"NC"
"3792","North Carolina","masters",701259,15913,2021,"NC"
"3793","North Carolina","professional",143710,6477,2021,"NC"
"3794","North Carolina","doctorate",111007,5869,2021,"NC"
"3795","North Carolina","poverty",1378621,37327,2021,"NC"
"3796","North Carolina","median_income",61972,541,2021,"NC"
"3797","North Carolina","labor_force",5190304,21922,2021,"NC"
"3798","North Carolina","unemployed",300438,9703,2021,"NC"
"3799","North Carolina","median_rent",1026,10,2021,"NC"
"3800","North Carolina","median_home_value",236900,2044,2021,"NC"
"3801","North Dakota","median_age",35.8,0.4,2021,"ND"
"3802","North Dakota","total_pop",774948,NA,2021,"ND"
"3803","North Dakota","white",644265,2399,2021,"ND"
"3804","North Dakota","black",22561,2461,2021,"ND"
"3805","North Dakota","native",35955,2488,2021,"ND"
"3806","North Dakota","asian",11255,1185,2021,"ND"
"3807","North Dakota","pacific",1792,1499,2021,"ND"
"3808","North Dakota","other",11984,3325,2021,"ND"
"3809","North Dakota","multiracial",47136,4182,2021,"ND"
"3810","North Dakota","hispanic",32043,2128,2021,"ND"
"3811","North Dakota","college",113314,4970,2021,"ND"
"3812","North Dakota","masters",33528,3258,2021,"ND"
"3813","North Dakota","professional",7136,1600,2021,"ND"
"3814","North Dakota","doctorate",6869,1440,2021,"ND"
"3815","North Dakota","poverty",83350,7085,2021,"ND"
"3816","North Dakota","median_income",66519,1823,2021,"ND"
"3817","North Dakota","labor_force",406228,5863,2021,"ND"
"3818","North Dakota","unemployed",11627,2271,2021,"ND"
"3819","North Dakota","median_rent",839,27,2021,"ND"
"3820","North Dakota","median_home_value",224400,4797,2021,"ND"
"3821","Ohio","median_age",39.6,0.1,2021,"OH"
"3822","Ohio","total_pop",11780017,NA,2021,"OH"
"3823","Ohio","white",9110505,12365,2021,"OH"
"3824","Ohio","black",1406378,13380,2021,"OH"
"3825","Ohio","native",20594,3387,2021,"OH"
"3826","Ohio","asian",283555,6632,2021,"OH"
"3827","Ohio","pacific",6580,2442,2021,"OH"
"3828","Ohio","other",192962,13611,2021,"OH"
"3829","Ohio","multiracial",759443,19980,2021,"OH"
"3830","Ohio","hispanic",505113,2026,2021,"OH"
"3831","Ohio","college",1536624,21183,2021,"OH"
"3832","Ohio","masters",715694,14644,2021,"OH"
"3833","Ohio","professional",141585,6522,2021,"OH"
"3834","Ohio","doctorate",100007,6061,2021,"OH"
"3835","Ohio","poverty",1536524,35311,2021,"OH"
"3836","Ohio","median_income",62262,456,2021,"OH"
"3837","Ohio","labor_force",5922703,21518,2021,"OH"
"3838","Ohio","unemployed",322494,10510,2021,"OH"
"3839","Ohio","median_rent",870,6,2021,"OH"
"3840","Ohio","median_home_value",180200,1323,2021,"OH"
"3841","Oklahoma","median_age",37.2,0.2,2021,"OK"
"3842","Oklahoma","total_pop",3986639,NA,2021,"OK"
"3843","Oklahoma","white",2617058,9801,2021,"OK"
"3844","Oklahoma","black",274632,6803,2021,"OK"
"3845","Oklahoma","native",297937,7458,2021,"OK"
"3846","Oklahoma","asian",90192,3310,2021,"OK"
"3847","Oklahoma","pacific",5247,1476,2021,"OK"
"3848","Oklahoma","other",142966,8280,2021,"OK"
"3849","Oklahoma","multiracial",558607,12515,2021,"OK"
"3850","Oklahoma","hispanic",467246,NA,2021,"OK"
"3851","Oklahoma","college",483168,11230,2021,"OK"
"3852","Oklahoma","masters",180357,6343,2021,"OK"
"3853","Oklahoma","professional",40287,3388,2021,"OK"
"3854","Oklahoma","doctorate",33371,2657,2021,"OK"
"3855","Oklahoma","poverty",606782,14779,2021,"OK"
"3856","Oklahoma","median_income",55826,624,2021,"OK"
"3857","Oklahoma","labor_force",1892357,12765,2021,"OK"
"3858","Oklahoma","unemployed",112271,5584,2021,"OK"
"3859","Oklahoma","median_rent",855,8,2021,"OK"
"3860","Oklahoma","median_home_value",168500,1460,2021,"OK"
"3861","Oregon","median_age",40.1,0.2,2021,"OR"
"3862","Oregon","total_pop",4246155,NA,2021,"OR"
"3863","Oregon","white",3169447,10266,2021,"OR"
"3864","Oregon","black",80735,5087,2021,"OR"
"3865","Oregon","native",56281,6590,2021,"OR"
"3866","Oregon","asian",190234,5659,2021,"OR"
"3867","Oregon","pacific",16727,1969,2021,"OR"
"3868","Oregon","other",232997,13569,2021,"OR"
"3869","Oregon","multiracial",499734,15525,2021,"OR"
"3870","Oregon","hispanic",596516,NA,2021,"OR"
"3871","Oregon","college",680306,14373,2021,"OR"
"3872","Oregon","masters",291933,9895,2021,"OR"
"3873","Oregon","professional",71611,4798,2021,"OR"
"3874","Oregon","doctorate",57211,4525,2021,"OR"
"3875","Oregon","poverty",507829,18144,2021,"OR"
"3876","Oregon","median_income",71562,1058,2021,"OR"
"3877","Oregon","labor_force",2143749,16558,2021,"OR"
"3878","Oregon","unemployed",136281,7153,2021,"OR"
"3879","Oregon","median_rent",1282,15,2021,"OR"
"3880","Oregon","median_home_value",422700,3559,2021,"OR"
"3881","Pennsylvania","median_age",40.9,0.1,2021,"PA"
"3882","Pennsylvania","total_pop",12964056,NA,2021,"PA"
"3883","Pennsylvania","white",9704692,13623,2021,"PA"
"3884","Pennsylvania","black",1351852,16407,2021,"PA"
"3885","Pennsylvania","native",22765,4103,2021,"PA"
"3886","Pennsylvania","asian",470184,5669,2021,"PA"
"3887","Pennsylvania","pacific",4515,1749,2021,"PA"
"3888","Pennsylvania","other",507283,18168,2021,"PA"
"3889","Pennsylvania","multiracial",902765,20447,2021,"PA"
"3890","Pennsylvania","hispanic",1082550,753,2021,"PA"
"3891","Pennsylvania","college",1887722,18028,2021,"PA"
"3892","Pennsylvania","masters",914403,13901,2021,"PA"
"3893","Pennsylvania","professional",205288,6596,2021,"PA"
"3894","Pennsylvania","doctorate",157572,6225,2021,"PA"
"3895","Pennsylvania","poverty",1519032,31274,2021,"PA"
"3896","Pennsylvania","median_income",68957,505,2021,"PA"
"3897","Pennsylvania","labor_force",6611539,24155,2021,"PA"
"3898","Pennsylvania","unemployed",420743,12788,2021,"PA"
"3899","Pennsylvania","median_rent",1036,10,2021,"PA"
"3900","Pennsylvania","median_home_value",222300,1434,2021,"PA"
"3901","Rhode Island","median_age",40.6,0.3,2021,"RI"
"3902","Rhode Island","total_pop",1095610,NA,2021,"RI"
"3903","Rhode Island","white",775695,6002,2021,"RI"
"3904","Rhode Island","black",54408,5843,2021,"RI"
"3905","Rhode Island","native",3297,1048,2021,"RI"
"3906","Rhode Island","asian",34144,2062,2021,"RI"
"3907","Rhode Island","pacific",1492,872,2021,"RI"
"3908","Rhode Island","other",96503,7678,2021,"RI"
"3909","Rhode Island","multiracial",130071,9684,2021,"RI"
"3910","Rhode Island","hispanic",187777,NA,2021,"RI"
"3911","Rhode Island","college",161594,6683,2021,"RI"
"3912","Rhode Island","masters",86087,4959,2021,"RI"
"3913","Rhode Island","professional",18738,2215,2021,"RI"
"3914","Rhode Island","doctorate",15907,2045,2021,"RI"
"3915","Rhode Island","poverty",120055,8450,2021,"RI"
"3916","Rhode Island","median_income",74008,2381,2021,"RI"
"3917","Rhode Island","labor_force",591545,7936,2021,"RI"
"3918","Rhode Island","unemployed",45296,4525,2021,"RI"
"3919","Rhode Island","median_rent",1142,28,2021,"RI"
"3920","Rhode Island","median_home_value",348100,5126,2021,"RI"
"3921","South Carolina","median_age",40.2,0.2,2021,"SC"
"3922","South Carolina","total_pop",5190705,NA,2021,"SC"
"3923","South Carolina","white",3301055,8480,2021,"SC"
"3924","South Carolina","black",1299709,11271,2021,"SC"
"3925","South Carolina","native",19948,5147,2021,"SC"
"3926","South Carolina","asian",85953,3570,2021,"SC"
"3927","South Carolina","pacific",2123,941,2021,"SC"
"3928","South Carolina","other",141384,9606,2021,"SC"
"3929","South Carolina","multiracial",340533,15168,2021,"SC"
"3930","South Carolina","hispanic",329424,761,2021,"SC"
"3931","South Carolina","college",704740,14551,2021,"SC"
"3932","South Carolina","masters",321187,10072,2021,"SC"
"3933","South Carolina","professional",65540,4211,2021,"SC"
"3934","South Carolina","doctorate",43169,3462,2021,"SC"
"3935","South Carolina","poverty",741652,25957,2021,"SC"
"3936","South Carolina","median_income",59318,852,2021,"SC"
"3937","South Carolina","labor_force",2475111,17205,2021,"SC"
"3938","South Carolina","unemployed",139757,6891,2021,"SC"
"3939","South Carolina","median_rent",976,12,2021,"SC"
"3940","South Carolina","median_home_value",213500,2166,2021,"SC"
"3941","South Dakota","median_age",37.6,0.3,2021,"SD"
"3942","South Dakota","total_pop",895376,NA,2021,"SD"
"3943","South Dakota","white",722723,2742,2021,"SD"
"3944","South Dakota","black",17810,1689,2021,"SD"
"3945","South Dakota","native",73115,2903,2021,"SD"
"3946","South Dakota","asian",14350,1661,2021,"SD"
"3947","South Dakota","pacific",680,693,2021,"SD"
"3948","South Dakota","other",12958,2633,2021,"SD"
"3949","South Dakota","multiracial",53740,4220,2021,"SD"
"3950","South Dakota","hispanic",37785,882,2021,"SD"
"3951","South Dakota","college",127258,4922,2021,"SD"
"3952","South Dakota","masters",40741,3897,2021,"SD"
"3953","South Dakota","professional",11934,1913,2021,"SD"
"3954","South Dakota","doctorate",7013,1388,2021,"SD"
"3955","South Dakota","poverty",106548,6668,2021,"SD"
"3956","South Dakota","median_income",66143,2258,2021,"SD"
"3957","South Dakota","labor_force",462358,5993,2021,"SD"
"3958","South Dakota","unemployed",12923,1965,2021,"SD"
"3959","South Dakota","median_rent",830,25,2021,"SD"
"3960","South Dakota","median_home_value",219900,4969,2021,"SD"
"3961","Tennessee","median_age",39.2,0.2,2021,"TN"
"3962","Tennessee","total_pop",6975218,NA,2021,"TN"
"3963","Tennessee","white",5097360,10621,2021,"TN"
"3964","Tennessee","black",1079627,11028,2021,"TN"
"3965","Tennessee","native",18070,2280,2021,"TN"
"3966","Tennessee","asian",118920,5229,2021,"TN"
"3967","Tennessee","pacific",6259,2846,2021,"TN"
"3968","Tennessee","other",179707,11486,2021,"TN"
"3969","Tennessee","multiracial",475275,16800,2021,"TN"
"3970","Tennessee","hispanic",420391,1791,2021,"TN"
"3971","Tennessee","college",924404,15532,2021,"TN"
"3972","Tennessee","masters",380364,9845,2021,"TN"
"3973","Tennessee","professional",91032,6111,2021,"TN"
"3974","Tennessee","doctorate",71681,5295,2021,"TN"
"3975","Tennessee","poverty",927587,26005,2021,"TN"
"3976","Tennessee","median_income",59695,788,2021,"TN"
"3977","Tennessee","labor_force",3420157,20294,2021,"TN"
"3978","Tennessee","unemployed",180846,9378,2021,"TN"
"3979","Tennessee","median_rent",981,11,2021,"TN"
"3980","Tennessee","median_home_value",235200,2297,2021,"TN"
"3981","Texas","median_age",35.5,0.1,2021,"TX"
"3982","Texas","total_pop",29527941,NA,2021,"TX"
"3983","Texas","white",14129750,66040,2021,"TX"
"3984","Texas","black",3525415,25964,2021,"TX"
"3985","Texas","native",227815,16427,2021,"TX"
"3986","Texas","asian",1550868,15590,2021,"TX"
"3987","Texas","pacific",23046,3415,2021,"TX"
"3988","Texas","other",3011066,62004,2021,"TX"
"3989","Texas","multiracial",7059981,78211,2021,"TX"
"3990","Texas","hispanic",11857387,NA,2021,"TX"
"3991","Texas","college",4077821,41263,2021,"TX"
"3992","Texas","masters",1664046,28173,2021,"TX"
"3993","Texas","professional",359084,12117,2021,"TX"
"3994","Texas","doctorate",265486,12667,2021,"TX"
"3995","Texas","poverty",4122538,79332,2021,"TX"
"3996","Texas","median_income",66963,513,2021,"TX"
"3997","Texas","labor_force",14707042,42351,2021,"TX"
"3998","Texas","unemployed",910813,23587,2021,"TX"
"3999","Texas","median_rent",1167,6,2021,"TX"
"4000","Texas","median_home_value",237400,1389,2021,"TX"
"4001","Utah","median_age",31.8,0.2,2021,"UT"
"4002","Utah","total_pop",3337975,NA,2021,"UT"
"4003","Utah","white",2647741,11172,2021,"UT"
"4004","Utah","black",35982,4137,2021,"UT"
"4005","Utah","native",32622,4544,2021,"UT"
"4006","Utah","asian",84056,4519,2021,"UT"
"4007","Utah","pacific",28855,3788,2021,"UT"
"4008","Utah","other",191842,14408,2021,"UT"
"4009","Utah","multiracial",316877,13460,2021,"UT"
"4010","Utah","hispanic",493639,NA,2021,"UT"
"4011","Utah","college",484882,10775,2021,"UT"
"4012","Utah","masters",187250,7137,2021,"UT"
"4013","Utah","professional",38994,3827,2021,"UT"
"4014","Utah","doctorate",28971,2332,2021,"UT"
"4015","Utah","poverty",281673,15053,2021,"UT"
"4016","Utah","median_income",79449,1246,2021,"UT"
"4017","Utah","labor_force",1713461,11490,2021,"UT"
"4018","Utah","unemployed",59693,4207,2021,"UT"
"4019","Utah","median_rent",1208,20,2021,"UT"
"4020","Utah","median_home_value",421700,4076,2021,"UT"
"4021","Vermont","median_age",42.9,0.3,2021,"VT"
"4022","Vermont","total_pop",645570,NA,2021,"VT"
"4023","Vermont","white",588142,2542,2021,"VT"
"4024","Vermont","black",7120,1222,2021,"VT"
"4025","Vermont","native",1234,668,2021,"VT"
"4026","Vermont","asian",11345,1165,2021,"VT"
"4027","Vermont","pacific",101,186,2021,"VT"
"4028","Vermont","other",4488,996,2021,"VT"
"4029","Vermont","multiracial",33140,3377,2021,"VT"
"4030","Vermont","hispanic",13206,414,2021,"VT"
"4031","Vermont","college",120373,5118,2021,"VT"
"4032","Vermont","masters",60950,3525,2021,"VT"
"4033","Vermont","professional",13798,1839,2021,"VT"
"4034","Vermont","doctorate",10500,1290,2021,"VT"
"4035","Vermont","poverty",63720,4947,2021,"VT"
"4036","Vermont","median_income",72431,2216,2021,"VT"
"4037","Vermont","labor_force",347783,4854,2021,"VT"
"4038","Vermont","unemployed",14648,1989,2021,"VT"
"4039","Vermont","median_rent",1115,36,2021,"VT"
"4040","Vermont","median_home_value",271500,4832,2021,"VT"
"4041","Virginia","median_age",38.8,0.2,2021,"VA"
"4042","Virginia","total_pop",8642274,NA,2021,"VA"
"4043","Virginia","white",5251112,13199,2021,"VA"
"4044","Virginia","black",1587833,15140,2021,"VA"
"4045","Virginia","native",37018,6166,2021,"VA"
"4046","Virginia","asian",586231,8008,2021,"VA"
"4047","Virginia","pacific",8330,2734,2021,"VA"
"4048","Virginia","other",348467,15147,2021,"VA"
"4049","Virginia","multiracial",823283,23685,2021,"VA"
"4050","Virginia","hispanic",879350,1403,2021,"VA"
"4051","Virginia","college",1394875,17949,2021,"VA"
"4052","Virginia","masters",803551,13031,2021,"VA"
"4053","Virginia","professional",168793,7657,2021,"VA"
"4054","Virginia","doctorate",117241,5577,2021,"VA"
"4055","Virginia","poverty",854145,27033,2021,"VA"
"4056","Virginia","median_income",80963,731,2021,"VA"
"4057","Virginia","labor_force",4417746,21206,2021,"VA"
"4058","Virginia","unemployed",211324,8457,2021,"VA"
"4059","Virginia","median_rent",1331,14,2021,"VA"
"4060","Virginia","median_home_value",330600,2799,2021,"VA"
"4061","Washington","median_age",38.2,0.1,2021,"WA"
"4062","Washington","total_pop",7738692,NA,2021,"WA"
"4063","Washington","white",5139448,14384,2021,"WA"
"4064","Washington","black",308785,8688,2021,"WA"
"4065","Washington","native",100624,7076,2021,"WA"
"4066","Washington","asian",732701,8875,2021,"WA"
"4067","Washington","pacific",54556,3558,2021,"WA"
"4068","Washington","other",445911,17886,2021,"WA"
"4069","Washington","multiracial",956667,22216,2021,"WA"
"4070","Washington","hispanic",1059156,NA,2021,"WA"
"4071","Washington","college",1287465,17174,2021,"WA"
"4072","Washington","masters",599751,12693,2021,"WA"
"4073","Washington","professional",120762,5655,2021,"WA"
"4074","Washington","doctorate",96684,4515,2021,"WA"
"4075","Washington","poverty",754315,22276,2021,"WA"
"4076","Washington","median_income",84247,844,2021,"WA"
"4077","Washington","labor_force",3928658,16583,2021,"WA"
"4078","Washington","unemployed",232094,8398,2021,"WA"
"4079","Washington","median_rent",1484,13,2021,"WA"
"4080","Washington","median_home_value",485700,2911,2021,"WA"
"4081","West Virginia","median_age",42.8,0.3,2021,"WV"
"4082","West Virginia","total_pop",1782959,NA,2021,"WV"
"4083","West Virginia","white",1617386,4044,2021,"WV"
"4084","West Virginia","black",50770,3567,2021,"WV"
"4085","West Virginia","native",2277,1037,2021,"WV"
"4086","West Virginia","asian",14106,1911,2021,"WV"
"4087","West Virginia","pacific",491,361,2021,"WV"
"4088","West Virginia","other",8906,1933,2021,"WV"
"4089","West Virginia","multiracial",89023,4998,2021,"WV"
"4090","West Virginia","hispanic",30350,1332,2021,"WV"
"4091","West Virginia","college",179376,7226,2021,"WV"
"4092","West Virginia","masters",90559,5466,2021,"WV"
"4093","West Virginia","professional",21830,3156,2021,"WV"
"4094","West Virginia","doctorate",13423,2010,2021,"WV"
"4095","West Virginia","poverty",291930,13791,2021,"WV"
"4096","West Virginia","median_income",51248,1085,2021,"WV"
"4097","West Virginia","labor_force",769420,10833,2021,"WV"
"4098","West Virginia","unemployed",47941,4285,2021,"WV"
"4099","West Virginia","median_rent",767,21,2021,"WV"
"4100","West Virginia","median_home_value",143200,3750,2021,"WV"
"4101","Wisconsin","median_age",40.1,0.1,2021,"WI"
"4102","Wisconsin","total_pop",5895908,NA,2021,"WI"
"4103","Wisconsin","white",4732002,8956,2021,"WI"
"4104","Wisconsin","black",364138,6238,2021,"WI"
"4105","Wisconsin","native",42107,3747,2021,"WI"
"4106","Wisconsin","asian",175743,4324,2021,"WI"
"4107","Wisconsin","pacific",752,445,2021,"WI"
"4108","Wisconsin","other",143811,8846,2021,"WI"
"4109","Wisconsin","multiracial",437355,12466,2021,"WI"
"4110","Wisconsin","hispanic",441323,487,2021,"WI"
"4111","Wisconsin","college",876467,13830,2021,"WI"
"4112","Wisconsin","masters",322544,8606,2021,"WI"
"4113","Wisconsin","professional",71708,3679,2021,"WI"
"4114","Wisconsin","doctorate",55759,3656,2021,"WI"
"4115","Wisconsin","poverty",621125,17649,2021,"WI"
"4116","Wisconsin","median_income",67125,605,2021,"WI"
"4117","Wisconsin","labor_force",3101184,12451,2021,"WI"
"4118","Wisconsin","unemployed",110048,6387,2021,"WI"
"4119","Wisconsin","median_rent",921,7,2021,"WI"
"4120","Wisconsin","median_home_value",230700,1456,2021,"WI"
"4121","Wyoming","median_age",39,0.4,2021,"WY"
"4122","Wyoming","total_pop",578803,NA,2021,"WY"
"4123","Wyoming","white",489477,3294,2021,"WY"
"4124","Wyoming","black",6687,1105,2021,"WY"
"4125","Wyoming","native",10356,1329,2021,"WY"
"4126","Wyoming","asian",5020,905,2021,"WY"
"4127","Wyoming","pacific",96,156,2021,"WY"
"4128","Wyoming","other",20050,3643,2021,"WY"
"4129","Wyoming","multiracial",47117,4024,2021,"WY"
"4130","Wyoming","hispanic",61090,NA,2021,"WY"
"4131","Wyoming","college",73255,4981,2021,"WY"
"4132","Wyoming","masters",30871,3059,2021,"WY"
"4133","Wyoming","professional",6773,1384,2021,"WY"
"4134","Wyoming","doctorate",4719,1059,2021,"WY"
"4135","Wyoming","poverty",64224,6630,2021,"WY"
"4136","Wyoming","median_income",65204,2744,2021,"WY"
"4137","Wyoming","labor_force",298603,4678,2021,"WY"
"4138","Wyoming","unemployed",11171,2331,2021,"WY"
"4139","Wyoming","median_rent",889,38,2021,"WY"
"4140","Wyoming","median_home_value",266400,7331,2021,"WY"
"4141","Puerto Rico","median_age",44.1,0.2,2021,"PR"
"4142","Puerto Rico","total_pop",3263584,NA,2021,"PR"
"4143","Puerto Rico","white",914840,20303,2021,"PR"
"4144","Puerto Rico","black",200391,16369,2021,"PR"
"4145","Puerto Rico","native",6340,2214,2021,"PR"
"4146","Puerto Rico","asian",6615,2013,2021,"PR"
"4147","Puerto Rico","pacific",84,139,2021,"PR"
"4148","Puerto Rico","other",968144,26102,2021,"PR"
"4149","Puerto Rico","multiracial",1167170,25230,2021,"PR"
"4150","Puerto Rico","hispanic",3239060,3905,2021,"PR"
"4151","Puerto Rico","college",493356,12629,2021,"PR"
"4152","Puerto Rico","masters",127459,6521,2021,"PR"
"4153","Puerto Rico","professional",29593,3152,2021,"PR"
"4154","Puerto Rico","doctorate",33486,3987,2021,"PR"
"4155","Puerto Rico","poverty",1310464,28786,2021,"PR"
"4156","Puerto Rico","median_income",22237,478,2021,"PR"
"4157","Puerto Rico","labor_force",1248968,15432,2021,"PR"
"4158","Puerto Rico","unemployed",163354,9354,2021,"PR"
"4159","Puerto Rico","median_rent",504,12,2021,"PR"
"4160","Puerto Rico","median_home_value",114100,1225,2021,"PR"
"4161","Alabama","median_age",39.4,0.3,2019,"AL"
"4162","Alabama","total_pop",4903185,NA,2019,"AL"
"4163","Alabama","white",3326375,8070,2019,"AL"
"4164","Alabama","black",1319551,8216,2019,"AL"
"4165","Alabama","native",23265,3739,2019,"AL"
"4166","Alabama","asian",66129,2481,2019,"AL"
"4167","Alabama","pacific",1892,716,2019,"AL"
"4168","Alabama","other",74451,7104,2019,"AL"
"4169","Alabama","multiracial",91522,6916,2019,"AL"
"4170","Alabama","hispanic",219296,3767,2019,"AL"
"4171","Alabama","college",547975,14065,2019,"AL"
"4172","Alabama","masters",246772,8364,2019,"AL"
"4173","Alabama","professional",52179,4044,2019,"AL"
"4174","Alabama","doctorate",38431,3318,2019,"AL"
"4175","Alabama","poverty",739108,24870,2019,"AL"
"4176","Alabama","median_income",51734,600,2019,"AL"
"4177","Alabama","labor_force",2265089,16358,2019,"AL"
"4178","Alabama","unemployed",111622,7022,2019,"AL"
"4179","Alabama","median_rent",807,9,2019,"AL"
"4180","Alabama","median_home_value",154000,2032,2019,"AL"
"4181","Alaska","median_age",35,0.3,2019,"AK"
"4182","Alaska","total_pop",731545,NA,2019,"AK"
"4183","Alaska","white",469771,4147,2019,"AK"
"4184","Alaska","black",22551,1965,2019,"AK"
"4185","Alaska","native",115544,3935,2019,"AK"
"4186","Alaska","asian",43678,2428,2019,"AK"
"4187","Alaska","pacific",9923,834,2019,"AK"
"4188","Alaska","other",12602,3697,2019,"AK"
"4189","Alaska","multiracial",57476,5446,2019,"AK"
"4190","Alaska","hispanic",52548,110,2019,"AK"
"4191","Alaska","college",89583,4612,2019,"AK"
"4192","Alaska","masters",38960,3004,2019,"AK"
"4193","Alaska","professional",10924,1800,2019,"AK"
"4194","Alaska","doctorate",6690,1335,2019,"AK"
"4195","Alaska","poverty",71938,7880,2019,"AK"
"4196","Alaska","median_income",75463,2694,2019,"AK"
"4197","Alaska","labor_force",358661,5662,2019,"AK"
"4198","Alaska","unemployed",20650,2390,2019,"AK"
"4199","Alaska","median_rent",1201,37,2019,"AK"
"4200","Alaska","median_home_value",281200,5927,2019,"AK"
"4201","Arizona","median_age",38.3,0.2,2019,"AZ"
"4202","Arizona","total_pop",7278717,NA,2019,"AZ"
"4203","Arizona","white",5701810,20005,2019,"AZ"
"4204","Arizona","black",343729,7680,2019,"AZ"
"4205","Arizona","native",332273,8619,2019,"AZ"
"4206","Arizona","asian",241721,6153,2019,"AZ"
"4207","Arizona","pacific",14168,1611,2019,"AZ"
"4208","Arizona","other",364442,20245,2019,"AZ"
"4209","Arizona","multiracial",280574,12629,2019,"AZ"
"4210","Arizona","hispanic",2310592,NA,2019,"AZ"
"4211","Arizona","college",931038,13830,2019,"AZ"
"4212","Arizona","masters",404500,10811,2019,"AZ"
"4213","Arizona","professional",89342,4582,2019,"AZ"
"4214","Arizona","doctorate",67278,3753,2019,"AZ"
"4215","Arizona","poverty",958442,33279,2019,"AZ"
"4216","Arizona","median_income",62055,446,2019,"AZ"
"4217","Arizona","labor_force",3482170,18543,2019,"AZ"
"4218","Arizona","unemployed",176868,9230,2019,"AZ"
"4219","Arizona","median_rent",1101,8,2019,"AZ"
"4220","Arizona","median_home_value",255900,2295,2019,"AZ"
"4221","Arkansas","median_age",38.8,0.2,2019,"AR"
"4222","Arkansas","total_pop",3017804,NA,2019,"AR"
"4223","Arkansas","white",2315020,8944,2019,"AR"
"4224","Arkansas","black",467468,6259,2019,"AR"
"4225","Arkansas","native",17216,2316,2019,"AR"
"4226","Arkansas","asian",46078,3621,2019,"AR"
"4227","Arkansas","pacific",12829,1801,2019,"AR"
"4228","Arkansas","other",75590,8418,2019,"AR"
"4229","Arkansas","multiracial",83603,7131,2019,"AR"
"4230","Arkansas","hispanic",231951,2662,2019,"AR"
"4231","Arkansas","college",307185,9490,2019,"AR"
"4232","Arkansas","masters",121947,6129,2019,"AR"
"4233","Arkansas","professional",27975,2318,2019,"AR"
"4234","Arkansas","doctorate",18260,2531,2019,"AR"
"4235","Arkansas","poverty",474739,16707,2019,"AR"
"4236","Arkansas","median_income",48952,863,2019,"AR"
"4237","Arkansas","labor_force",1392233,12464,2019,"AR"
"4238","Arkansas","unemployed",67142,4563,2019,"AR"
"4239","Arkansas","median_rent",742,10,2019,"AR"
"4240","Arkansas","median_home_value",136200,2039,2019,"AR"
"4241","California","median_age",37,0.1,2019,"CA"
"4242","California","total_pop",39512223,NA,2019,"CA"
"4243","California","white",23484958,66457,2019,"CA"
"4244","California","black",2282144,17125,2019,"CA"
"4245","California","native",321112,15788,2019,"CA"
"4246","California","asian",5865435,20041,2019,"CA"
"4247","California","pacific",155871,5626,2019,"CA"
"4248","California","other",5424558,70153,2019,"CA"
"4249","California","multiracial",1978145,33931,2019,"CA"
"4250","California","hispanic",15574882,NA,2019,"CA"
"4251","California","college",5889724,34186,2019,"CA"
"4252","California","masters",2400918,23668,2019,"CA"
"4253","California","professional",672307,13762,2019,"CA"
"4254","California","doctorate",465535,9758,2019,"CA"
"4255","California","poverty",4552837,67995,2019,"CA"
"4256","California","median_income",80440,313,2019,"CA"
"4257","California","labor_force",20095761,39854,2019,"CA"
"4258","California","unemployed",1017660,19493,2019,"CA"
"4259","California","median_rent",1614,7,2019,"CA"
"4260","California","median_home_value",568500,2502,2019,"CA"
"4261","Colorado","median_age",37.1,0.1,2019,"CO"
"4262","Colorado","total_pop",5758736,NA,2019,"CO"
"4263","Colorado","white",4822379,16194,2019,"CO"
"4264","Colorado","black",240538,6815,2019,"CO"
"4265","Colorado","native",57578,5575,2019,"CO"
"4266","Colorado","asian",188461,5845,2019,"CO"
"4267","Colorado","pacific",7756,2016,2019,"CO"
"4268","Colorado","other",209081,14420,2019,"CO"
"4269","Colorado","multiracial",232943,10805,2019,"CO"
"4270","Colorado","hispanic",1256903,NA,2019,"CO"
"4271","Colorado","college",1057825,13377,2019,"CO"
"4272","Colorado","masters",471937,11021,2019,"CO"
"4273","Colorado","professional",92258,5025,2019,"CO"
"4274","Colorado","doctorate",73582,4017,2019,"CO"
"4275","Colorado","poverty",526979,20810,2019,"CO"
"4276","Colorado","median_income",77127,791,2019,"CO"
"4277","Colorado","labor_force",3147670,14687,2019,"CO"
"4278","Colorado","unemployed",115497,5605,2019,"CO"
"4279","Colorado","median_rent",1369,14,2019,"CO"
"4280","Colorado","median_home_value",394600,2695,2019,"CO"
"4281","Connecticut","median_age",41.2,0.2,2019,"CT"
"4282","Connecticut","total_pop",3565287,NA,2019,"CT"
"4283","Connecticut","white",2660228,14767,2019,"CT"
"4284","Connecticut","black",396745,7946,2019,"CT"
"4285","Connecticut","native",9052,1762,2019,"CT"
"4286","Connecticut","asian",166393,3784,2019,"CT"
"4287","Connecticut","pacific",1155,1082,2019,"CT"
"4288","Connecticut","other",200646,13943,2019,"CT"
"4289","Connecticut","multiracial",131068,8941,2019,"CT"
"4290","Connecticut","hispanic",600954,NA,2019,"CT"
"4291","Connecticut","college",549166,11543,2019,"CT"
"4292","Connecticut","masters",323247,8718,2019,"CT"
"4293","Connecticut","professional",79580,4436,2019,"CT"
"4294","Connecticut","doctorate",42555,3335,2019,"CT"
"4295","Connecticut","poverty",347149,13761,2019,"CT"
"4296","Connecticut","median_income",78833,1358,2019,"CT"
"4297","Connecticut","labor_force",1926486,12166,2019,"CT"
"4298","Connecticut","unemployed",102571,5672,2019,"CT"
"4299","Connecticut","median_rent",1177,13,2019,"CT"
"4300","Connecticut","median_home_value",280700,2718,2019,"CT"
"4301","Delaware","median_age",41.4,0.3,2019,"DE"
"4302","Delaware","total_pop",973764,NA,2019,"DE"
"4303","Delaware","white",659719,5370,2019,"DE"
"4304","Delaware","black",219418,3974,2019,"DE"
"4305","Delaware","native",4353,1271,2019,"DE"
"4306","Delaware","asian",36592,1970,2019,"DE"
"4307","Delaware","pacific",428,499,2019,"DE"
"4308","Delaware","other",23087,5203,2019,"DE"
"4309","Delaware","multiracial",30167,4218,2019,"DE"
"4310","Delaware","hispanic",93390,NA,2019,"DE"
"4311","Delaware","college",134287,6889,2019,"DE"
"4312","Delaware","masters",69023,4627,2019,"DE"
"4313","Delaware","professional",13269,1947,2019,"DE"
"4314","Delaware","doctorate",11620,1472,2019,"DE"
"4315","Delaware","poverty",106383,10953,2019,"DE"
"4316","Delaware","median_income",70176,1623,2019,"DE"
"4317","Delaware","labor_force",488692,5944,2019,"DE"
"4318","Delaware","unemployed",22631,3219,2019,"DE"
"4319","Delaware","median_rent",1116,22,2019,"DE"
"4320","Delaware","median_home_value",261700,4816,2019,"DE"
"4321","District of Columbia","median_age",34.3,0.2,2019,"DC"
"4322","District of Columbia","total_pop",705749,NA,2019,"DC"
"4323","District of Columbia","white",300058,4791,2019,"DC"
"4324","District of Columbia","black",320704,4929,2019,"DC"
"4325","District of Columbia","native",1886,430,2019,"DC"
"4326","District of Columbia","asian",28722,1390,2019,"DC"
"4327","District of Columbia","pacific",190,216,2019,"DC"
"4328","District of Columbia","other",30868,5212,2019,"DC"
"4329","District of Columbia","multiracial",23321,3488,2019,"DC"
"4330","District of Columbia","hispanic",79477,NA,2019,"DC"
"4331","District of Columbia","college",129825,5239,2019,"DC"
"4332","District of Columbia","masters",107612,4298,2019,"DC"
"4333","District of Columbia","professional",44240,3822,2019,"DC"
"4334","District of Columbia","doctorate",19752,2147,2019,"DC"
"4335","District of Columbia","poverty",90534,8570,2019,"DC"
"4336","District of Columbia","median_income",92266,2497,2019,"DC"
"4337","District of Columbia","labor_force",413742,5452,2019,"DC"
"4338","District of Columbia","unemployed",25916,2563,2019,"DC"
"4339","District of Columbia","median_rent",1603,45,2019,"DC"
"4340","District of Columbia","median_home_value",646500,19826,2019,"DC"
"4341","Florida","median_age",42.4,0.1,2019,"FL"
"4342","Florida","total_pop",21477737,NA,2019,"FL"
"4343","Florida","white",16010079,29969,2019,"FL"
"4344","Florida","black",3441062,26501,2019,"FL"
"4345","Florida","native",59558,5844,2019,"FL"
"4346","Florida","asian",599799,8235,2019,"FL"
"4347","Florida","pacific",16162,3369,2019,"FL"
"4348","Florida","other",719525,25981,2019,"FL"
"4349","Florida","multiracial",631552,24376,2019,"FL"
"4350","Florida","hispanic",5663629,637,2019,"FL"
"4351","Florida","college",2982643,35477,2019,"FL"
"4352","Florida","masters",1235227,19805,2019,"FL"
"4353","Florida","professional",353649,11651,2019,"FL"
"4354","Florida","doctorate",182118,8842,2019,"FL"
"4355","Florida","poverty",2664772,55731,2019,"FL"
"4356","Florida","median_income",59227,443,2019,"FL"
"4357","Florida","labor_force",10429967,33297,2019,"FL"
"4358","Florida","unemployed",471449,15315,2019,"FL"
"4359","Florida","median_rent",1238,7,2019,"FL"
"4360","Florida","median_home_value",245100,1183,2019,"FL"
"4361","Georgia","median_age",37.2,0.1,2019,"GA"
"4362","Georgia","total_pop",10617423,NA,2019,"GA"
"4363","Georgia","white",6131699,17015,2019,"GA"
"4364","Georgia","black",3390968,15987,2019,"GA"
"4365","Georgia","native",42316,7151,2019,"GA"
"4366","Georgia","asian",439416,7414,2019,"GA"
"4367","Georgia","pacific",6947,2674,2019,"GA"
"4368","Georgia","other",321656,18188,2019,"GA"
"4369","Georgia","multiracial",284421,14589,2019,"GA"
"4370","Georgia","hispanic",1042642,2521,2019,"GA"
"4371","Georgia","college",1410395,21510,2019,"GA"
"4372","Georgia","masters",640949,17679,2019,"GA"
"4373","Georgia","professional",152402,6921,2019,"GA"
"4374","Georgia","doctorate",97822,5448,2019,"GA"
"4375","Georgia","poverty",1373909,35565,2019,"GA"
"4376","Georgia","median_income",61980,437,2019,"GA"
"4377","Georgia","labor_force",5254134,24205,2019,"GA"
"4378","Georgia","unemployed",251981,10147,2019,"GA"
"4379","Georgia","median_rent",1049,9,2019,"GA"
"4380","Georgia","median_home_value",202500,1708,2019,"GA"
"4381","Hawaii","median_age",39.6,0.3,2019,"HI"
"4382","Hawaii","total_pop",1415872,NA,2019,"HI"
"4383","Hawaii","white",341211,4361,2019,"HI"
"4384","Hawaii","black",26923,2003,2019,"HI"
"4385","Hawaii","native",6129,2327,2019,"HI"
"4386","Hawaii","asian",547843,11078,2019,"HI"
"4387","Hawaii","pacific",152601,5303,2019,"HI"
"4388","Hawaii","other",24697,4770,2019,"HI"
"4389","Hawaii","multiracial",316468,11280,2019,"HI"
"4390","Hawaii","hispanic",150864,NA,2019,"HI"
"4391","Hawaii","college",219979,5955,2019,"HI"
"4392","Hawaii","masters",77835,4239,2019,"HI"
"4393","Hawaii","professional",22345,2240,2019,"HI"
"4394","Hawaii","doctorate",15050,2040,2019,"HI"
"4395","Hawaii","poverty",128722,11476,2019,"HI"
"4396","Hawaii","median_income",83102,2138,2019,"HI"
"4397","Hawaii","labor_force",698880,8765,2019,"HI"
"4398","Hawaii","unemployed",27112,2589,2019,"HI"
"4399","Hawaii","median_rent",1651,49,2019,"HI"
"4400","Hawaii","median_home_value",669200,10116,2019,"HI"
"4401","Idaho","median_age",36.9,0.2,2019,"ID"
"4402","Idaho","total_pop",1787065,NA,2019,"ID"
"4403","Idaho","white",1596918,8069,2019,"ID"
"4404","Idaho","black",12708,2170,2019,"ID"
"4405","Idaho","native",22867,2684,2019,"ID"
"4406","Idaho","asian",25969,3001,2019,"ID"
"4407","Idaho","pacific",2475,1160,2019,"ID"
"4408","Idaho","other",67428,7314,2019,"ID"
"4409","Idaho","multiracial",58700,4924,2019,"ID"
"4410","Idaho","hispanic",229494,NA,2019,"ID"
"4411","Idaho","college",220189,8394,2019,"ID"
"4412","Idaho","masters",81863,5129,2019,"ID"
"4413","Idaho","professional",19503,2495,2019,"ID"
"4414","Idaho","doctorate",15100,2370,2019,"ID"
"4415","Idaho","poverty",195984,13818,2019,"ID"
"4416","Idaho","median_income",60999,1070,2019,"ID"
"4417","Idaho","labor_force",877350,7998,2019,"ID"
"4418","Idaho","unemployed",29127,3307,2019,"ID"
"4419","Idaho","median_rent",880,16,2019,"ID"
"4420","Idaho","median_home_value",255200,4009,2019,"ID"
"4421","Illinois","median_age",38.6,0.1,2019,"IL"
"4422","Illinois","total_pop",12671821,NA,2019,"IL"
"4423","Illinois","white",9044059,29217,2019,"IL"
"4424","Illinois","black",1790212,12139,2019,"IL"
"4425","Illinois","native",32600,4084,2019,"IL"
"4426","Illinois","asian",717992,5911,2019,"IL"
"4427","Illinois","pacific",4511,1374,2019,"IL"
"4428","Illinois","other",730514,26606,2019,"IL"
"4429","Illinois","multiracial",351933,15282,2019,"IL"
"4430","Illinois","hispanic",2216300,1918,2019,"IL"
"4431","Illinois","college",1886240,19881,2019,"IL"
"4432","Illinois","masters",892226,14876,2019,"IL"
"4433","Illinois","professional",206788,8768,2019,"IL"
"4434","Illinois","doctorate",123718,5917,2019,"IL"
"4435","Illinois","poverty",1420542,37778,2019,"IL"
"4436","Illinois","median_income",69187,585,2019,"IL"
"4437","Illinois","labor_force",6606716,21093,2019,"IL"
"4438","Illinois","unemployed",320069,10531,2019,"IL"
"4439","Illinois","median_rent",1020,8,2019,"IL"
"4440","Illinois","median_home_value",209100,1514,2019,"IL"
"4441","Indiana","median_age",38,0.2,2019,"IN"
"4442","Indiana","total_pop",6732219,NA,2019,"IN"
"4443","Indiana","white",5571899,13154,2019,"IN"
"4444","Indiana","black",643105,8996,2019,"IN"
"4445","Indiana","native",18416,3160,2019,"IN"
"4446","Indiana","asian",170566,5401,2019,"IN"
"4447","Indiana","pacific",3254,1946,2019,"IN"
"4448","Indiana","other",150696,12587,2019,"IN"
"4449","Indiana","multiracial",174283,10311,2019,"IN"
"4450","Indiana","hispanic",485554,2545,2019,"IN"
"4451","Indiana","college",777771,14728,2019,"IN"
"4452","Indiana","masters",318939,8673,2019,"IN"
"4453","Indiana","professional",65304,4432,2019,"IN"
"4454","Indiana","doctorate",50812,4277,2019,"IN"
"4455","Indiana","poverty",775823,24457,2019,"IN"
"4456","Indiana","median_income",57603,680,2019,"IN"
"4457","Indiana","labor_force",3414811,18894,2019,"IN"
"4458","Indiana","unemployed",142084,6776,2019,"IN"
"4459","Indiana","median_rent",840,7,2019,"IN"
"4460","Indiana","median_home_value",156000,987,2019,"IN"
"4461","Iowa","median_age",38.5,0.2,2019,"IA"
"4462","Iowa","total_pop",3155070,NA,2019,"IA"
"4463","Iowa","white",2835536,5371,2019,"IA"
"4464","Iowa","black",129335,4761,2019,"IA"
"4465","Iowa","native",11837,1622,2019,"IA"
"4466","Iowa","asian",76134,3135,2019,"IA"
"4467","Iowa","pacific",2029,893,2019,"IA"
"4468","Iowa","other",31951,4884,2019,"IA"
"4469","Iowa","multiracial",68248,5650,2019,"IA"
"4470","Iowa","hispanic",197482,1387,2019,"IA"
"4471","Iowa","college",420199,8221,2019,"IA"
"4472","Iowa","masters",141152,5437,2019,"IA"
"4473","Iowa","professional",33335,3148,2019,"IA"
"4474","Iowa","doctorate",27567,2566,2019,"IA"
"4475","Iowa","poverty",341613,16006,2019,"IA"
"4476","Iowa","median_income",61691,750,2019,"IA"
"4477","Iowa","labor_force",1680913,11530,2019,"IA"
"4478","Iowa","unemployed",62357,5020,2019,"IA"
"4479","Iowa","median_rent",808,9,2019,"IA"
"4480","Iowa","median_home_value",158900,1544,2019,"IA"
"4481","Kansas","median_age",37.2,0.2,2019,"KS"
"4482","Kansas","total_pop",2913314,NA,2019,"KS"
"4483","Kansas","white",2436902,8136,2019,"KS"
"4484","Kansas","black",167237,4802,2019,"KS"
"4485","Kansas","native",23860,3216,2019,"KS"
"4486","Kansas","asian",87018,2644,2019,"KS"
"4487","Kansas","pacific",2453,1399,2019,"KS"
"4488","Kansas","other",87073,7195,2019,"KS"
"4489","Kansas","multiracial",108771,6310,2019,"KS"
"4490","Kansas","hispanic",354804,943,2019,"KS"
"4491","Kansas","college",414851,8710,2019,"KS"
"4492","Kansas","masters",176966,6141,2019,"KS"
"4493","Kansas","professional",37264,2998,2019,"KS"
"4494","Kansas","doctorate",23408,2435,2019,"KS"
"4495","Kansas","poverty",323189,13737,2019,"KS"
"4496","Kansas","median_income",62087,692,2019,"KS"
"4497","Kansas","labor_force",1512483,9689,2019,"KS"
"4498","Kansas","unemployed",56737,4201,2019,"KS"
"4499","Kansas","median_rent",862,10,2019,"KS"
"4500","Kansas","median_home_value",163200,1834,2019,"KS"
"4501","Kentucky","median_age",39.2,0.2,2019,"KY"
"4502","Kentucky","total_pop",4467673,NA,2019,"KY"
"4503","Kentucky","white",3873691,5598,2019,"KY"
"4504","Kentucky","black",363167,7961,2019,"KY"
"4505","Kentucky","native",8326,2248,2019,"KY"
"4506","Kentucky","asian",73087,3588,2019,"KY"
"4507","Kentucky","pacific",4212,1780,2019,"KY"
"4508","Kentucky","other",41032,5314,2019,"KY"
"4509","Kentucky","multiracial",104158,6961,2019,"KY"
"4510","Kentucky","hispanic",168017,2389,2019,"KY"
"4511","Kentucky","college",453040,10322,2019,"KY"
"4512","Kentucky","masters",221989,6703,2019,"KY"
"4513","Kentucky","professional",57552,4154,2019,"KY"
"4514","Kentucky","doctorate",33342,3156,2019,"KY"
"4515","Kentucky","poverty",703627,22815,2019,"KY"
"4516","Kentucky","median_income",52295,625,2019,"KY"
"4517","Kentucky","labor_force",2098310,13882,2019,"KY"
"4518","Kentucky","unemployed",100537,5586,2019,"KY"
"4519","Kentucky","median_rent",773,10,2019,"KY"
"4520","Kentucky","median_home_value",151700,1390,2019,"KY"
"4521","Louisiana","median_age",37.7,0.2,2019,"LA"
"4522","Louisiana","total_pop",4648794,NA,2019,"LA"
"4523","Louisiana","white",2874784,7880,2019,"LA"
"4524","Louisiana","black",1504017,8676,2019,"LA"
"4525","Louisiana","native",28561,3185,2019,"LA"
"4526","Louisiana","asian",81506,4401,2019,"LA"
"4527","Louisiana","pacific",971,601,2019,"LA"
"4528","Louisiana","other",65888,7811,2019,"LA"
"4529","Louisiana","multiracial",93067,7819,2019,"LA"
"4530","Louisiana","hispanic",250203,2584,2019,"LA"
"4531","Louisiana","college",503947,13683,2019,"LA"
"4532","Louisiana","masters",194070,7357,2019,"LA"
"4533","Louisiana","professional",55742,4392,2019,"LA"
"4534","Louisiana","doctorate",30516,3404,2019,"LA"
"4535","Louisiana","poverty",857894,28695,2019,"LA"
"4536","Louisiana","median_income",51073,586,2019,"LA"
"4537","Louisiana","labor_force",2158336,15200,2019,"LA"
"4538","Louisiana","unemployed",118011,7965,2019,"LA"
"4539","Louisiana","median_rent",866,10,2019,"LA"
"4540","Louisiana","median_home_value",172100,1937,2019,"LA"
"4541","Maine","median_age",45.1,0.1,2019,"ME"
"4542","Maine","total_pop",1344212,NA,2019,"ME"
"4543","Maine","white",1263287,2108,2019,"ME"
"4544","Maine","black",21983,2723,2019,"ME"
"4545","Maine","native",9419,1352,2019,"ME"
"4546","Maine","asian",15323,1510,2019,"ME"
"4547","Maine","pacific",222,183,2019,"ME"
"4548","Maine","other",5442,1374,2019,"ME"
"4549","Maine","multiracial",28536,3365,2019,"ME"
"4550","Maine","hispanic",23067,858,2019,"ME"
"4551","Maine","college",205722,6564,2019,"ME"
"4552","Maine","masters",87322,4513,2019,"ME"
"4553","Maine","professional",21060,2187,2019,"ME"
"4554","Maine","doctorate",14895,1782,2019,"ME"
"4555","Maine","poverty",141803,9329,2019,"ME"
"4556","Maine","median_income",58924,1758,2019,"ME"
"4557","Maine","labor_force",708884,7351,2019,"ME"
"4558","Maine","unemployed",24471,2757,2019,"ME"
"4559","Maine","median_rent",870,16,2019,"ME"
"4560","Maine","median_home_value",200500,3246,2019,"ME"
"4561","Maryland","median_age",39,0.2,2019,"MD"
"4562","Maryland","total_pop",6045680,NA,2019,"MD"
"4563","Maryland","white",3296909,13654,2019,"MD"
"4564","Maryland","black",1830059,9860,2019,"MD"
"4565","Maryland","native",19164,2473,2019,"MD"
"4566","Maryland","asian",386194,4864,2019,"MD"
"4567","Maryland","pacific",2453,1009,2019,"MD"
"4568","Maryland","other",305343,13698,2019,"MD"
"4569","Maryland","multiracial",205558,11032,2019,"MD"
"4570","Maryland","hispanic",643171,318,2019,"MD"
"4571","Maryland","college",911781,15792,2019,"MD"
"4572","Maryland","masters",553133,11949,2019,"MD"
"4573","Maryland","professional",131090,5152,2019,"MD"
"4574","Maryland","doctorate",114226,4868,2019,"MD"
"4575","Maryland","poverty",532241,20417,2019,"MD"
"4576","Maryland","median_income",86738,934,2019,"MD"
"4577","Maryland","labor_force",3246226,16789,2019,"MD"
"4578","Maryland","unemployed",147356,7573,2019,"MD"
"4579","Maryland","median_rent",1401,12,2019,"MD"
"4580","Maryland","median_home_value",332500,2266,2019,"MD"
"4581","Massachusetts","median_age",39.7,0.2,2019,"MA"
"4582","Massachusetts","total_pop",6892503,NA,2019,"MA"
"4583","Massachusetts","white",5305385,21121,2019,"MA"
"4584","Massachusetts","black",543629,9985,2019,"MA"
"4585","Massachusetts","native",17875,2162,2019,"MA"
"4586","Massachusetts","asian",472895,5636,2019,"MA"
"4587","Massachusetts","pacific",2998,737,2019,"MA"
"4588","Massachusetts","other",299262,18468,2019,"MA"
"4589","Massachusetts","multiracial",250459,13147,2019,"MA"
"4590","Massachusetts","hispanic",853735,1296,2019,"MA"
"4591","Massachusetts","college",1197208,19004,2019,"MA"
"4592","Massachusetts","masters",692415,13069,2019,"MA"
"4593","Massachusetts","professional",149956,6306,2019,"MA"
"4594","Massachusetts","doctorate",142164,5966,2019,"MA"
"4595","Massachusetts","poverty",625763,19408,2019,"MA"
"4596","Massachusetts","median_income",85843,991,2019,"MA"
"4597","Massachusetts","labor_force",3852055,14857,2019,"MA"
"4598","Massachusetts","unemployed",151812,8390,2019,"MA"
"4599","Massachusetts","median_rent",1360,15,2019,"MA"
"4600","Massachusetts","median_home_value",418600,3128,2019,"MA"
"4601","Michigan","median_age",39.8,0.2,2019,"MI"
"4602","Michigan","total_pop",9986857,NA,2019,"MI"
"4603","Michigan","white",7812165,11396,2019,"MI"
"4604","Michigan","black",1371069,10424,2019,"MI"
"4605","Michigan","native",57785,3423,2019,"MI"
"4606","Michigan","asian",327230,4522,2019,"MI"
"4607","Michigan","pacific",2078,694,2019,"MI"
"4608","Michigan","other",114190,10326,2019,"MI"
"4609","Michigan","multiracial",302340,11635,2019,"MI"
"4610","Michigan","hispanic",525973,553,2019,"MI"
"4611","Michigan","college",1252685,17909,2019,"MI"
"4612","Michigan","masters",606220,10551,2019,"MI"
"4613","Michigan","professional",126447,4163,2019,"MI"
"4614","Michigan","doctorate",85443,4475,2019,"MI"
"4615","Michigan","poverty",1269062,30302,2019,"MI"
"4616","Michigan","median_income",59584,572,2019,"MI"
"4617","Michigan","labor_force",5005268,20176,2019,"MI"
"4618","Michigan","unemployed",250252,8145,2019,"MI"
"4619","Michigan","median_rent",888,7,2019,"MI"
"4620","Michigan","median_home_value",169600,893,2019,"MI"
"4621","Minnesota","median_age",38.4,0.2,2019,"MN"
"4622","Minnesota","total_pop",5639632,NA,2019,"MN"
"4623","Minnesota","white",4627588,9059,2019,"MN"
"4624","Minnesota","black",370291,8173,2019,"MN"
"4625","Minnesota","native",57414,3255,2019,"MN"
"4626","Minnesota","asian",285630,4528,2019,"MN"
"4627","Minnesota","pacific",2753,901,2019,"MN"
"4628","Minnesota","other",109373,9416,2019,"MN"
"4629","Minnesota","multiracial",186583,10756,2019,"MN"
"4630","Minnesota","hispanic",314217,455,2019,"MN"
"4631","Minnesota","college",942830,13374,2019,"MN"
"4632","Minnesota","masters",350476,8280,2019,"MN"
"4633","Minnesota","professional",85082,4588,2019,"MN"
"4634","Minnesota","doctorate",54838,3324,2019,"MN"
"4635","Minnesota","poverty",494683,17961,2019,"MN"
"4636","Minnesota","median_income",74593,826,2019,"MN"
"4637","Minnesota","labor_force",3109179,11965,2019,"MN"
"4638","Minnesota","unemployed",98727,5575,2019,"MN"
"4639","Minnesota","median_rent",1016,14,2019,"MN"
"4640","Minnesota","median_home_value",246700,1627,2019,"MN"
"4641","Mississippi","median_age",38.3,0.3,2019,"MS"
"4642","Mississippi","total_pop",2976149,NA,2019,"MS"
"4643","Mississippi","white",1726970,6136,2019,"MS"
"4644","Mississippi","black",1130608,7506,2019,"MS"
"4645","Mississippi","native",14634,2075,2019,"MS"
"4646","Mississippi","asian",31154,3461,2019,"MS"
"4647","Mississippi","pacific",175,259,2019,"MS"
"4648","Mississippi","other",28944,4232,2019,"MS"
"4649","Mississippi","multiracial",43664,6308,2019,"MS"
"4650","Mississippi","hispanic",90143,2964,2019,"MS"
"4651","Mississippi","college",270712,9718,2019,"MS"
"4652","Mississippi","masters",124266,7494,2019,"MS"
"4653","Mississippi","professional",26929,2909,2019,"MS"
"4654","Mississippi","doctorate",19844,2828,2019,"MS"
"4655","Mississippi","poverty",564192,24018,2019,"MS"
"4656","Mississippi","median_income",45792,1184,2019,"MS"
"4657","Mississippi","labor_force",1328569,14978,2019,"MS"
"4658","Mississippi","unemployed",87817,7259,2019,"MS"
"4659","Mississippi","median_rent",777,12,2019,"MS"
"4660","Mississippi","median_home_value",128200,2821,2019,"MS"
"4661","Missouri","median_age",38.9,0.1,2019,"MO"
"4662","Missouri","total_pop",6137428,NA,2019,"MO"
"4663","Missouri","white",5022939,7560,2019,"MO"
"4664","Missouri","black",703058,8638,2019,"MO"
"4665","Missouri","native",25516,3599,2019,"MO"
"4666","Missouri","asian",127154,4281,2019,"MO"
"4667","Missouri","pacific",10214,2839,2019,"MO"
"4668","Missouri","other",76294,8075,2019,"MO"
"4669","Missouri","multiracial",172253,8461,2019,"MO"
"4670","Missouri","hispanic",264334,2352,2019,"MO"
"4671","Missouri","college",775808,12972,2019,"MO"
"4672","Missouri","masters",361205,9031,2019,"MO"
"4673","Missouri","professional",78328,4373,2019,"MO"
"4674","Missouri","doctorate",55940,3741,2019,"MO"
"4675","Missouri","poverty",770175,23258,2019,"MO"
"4676","Missouri","median_income",57409,642,2019,"MO"
"4677","Missouri","labor_force",3058521,16422,2019,"MO"
"4678","Missouri","unemployed",116062,6720,2019,"MO"
"4679","Missouri","median_rent",834,8,2019,"MO"
"4680","Missouri","median_home_value",168000,1365,2019,"MO"
"4681","Montana","median_age",40.5,0.3,2019,"MT"
"4682","Montana","total_pop",1068778,NA,2019,"MT"
"4683","Montana","white",940423,2810,2019,"MT"
"4684","Montana","black",7787,1893,2019,"MT"
"4685","Montana","native",67603,3257,2019,"MT"
"4686","Montana","asian",8927,1287,2019,"MT"
"4687","Montana","pacific",224,253,2019,"MT"
"4688","Montana","other",7297,1714,2019,"MT"
"4689","Montana","multiracial",36517,3637,2019,"MT"
"4690","Montana","hispanic",40328,1552,2019,"MT"
"4691","Montana","college",171309,5235,2019,"MT"
"4692","Montana","masters",52425,3639,2019,"MT"
"4693","Montana","professional",14847,2358,2019,"MT"
"4694","Montana","doctorate",10567,1758,2019,"MT"
"4695","Montana","poverty",131882,8022,2019,"MT"
"4696","Montana","median_income",57153,1205,2019,"MT"
"4697","Montana","labor_force",542265,5700,2019,"MT"
"4698","Montana","unemployed",22004,2812,2019,"MT"
"4699","Montana","median_rent",831,25,2019,"MT"
"4700","Montana","median_home_value",253600,5097,2019,"MT"
"4701","Nebraska","median_age",36.8,0.2,2019,"NE"
"4702","Nebraska","total_pop",1934408,NA,2019,"NE"
"4703","Nebraska","white",1666763,6142,2019,"NE"
"4704","Nebraska","black",94659,3635,2019,"NE"
"4705","Nebraska","native",18964,2059,2019,"NE"
"4706","Nebraska","asian",47740,2173,2019,"NE"
"4707","Nebraska","pacific",1850,866,2019,"NE"
"4708","Nebraska","other",51049,5631,2019,"NE"
"4709","Nebraska","multiracial",53383,5206,2019,"NE"
"4710","Nebraska","hispanic",219472,401,2019,"NE"
"4711","Nebraska","college",277159,6885,2019,"NE"
"4712","Nebraska","masters",104377,4623,2019,"NE"
"4713","Nebraska","professional",24092,2027,2019,"NE"
"4714","Nebraska","doctorate",16959,1905,2019,"NE"
"4715","Nebraska","poverty",185761,9589,2019,"NE"
"4716","Nebraska","median_income",63229,936,2019,"NE"
"4717","Nebraska","labor_force",1043090,6699,2019,"NE"
"4718","Nebraska","unemployed",34133,3095,2019,"NE"
"4719","Nebraska","median_rent",859,12,2019,"NE"
"4720","Nebraska","median_home_value",172700,1716,2019,"NE"
"4721","Nevada","median_age",38.4,0.2,2019,"NV"
"4722","Nevada","total_pop",3080156,NA,2019,"NV"
"4723","Nevada","white",1989116,17188,2019,"NV"
"4724","Nevada","black",296184,5444,2019,"NV"
"4725","Nevada","native",42426,4650,2019,"NV"
"4726","Nevada","asian",261159,5415,2019,"NV"
"4727","Nevada","pacific",22587,2559,2019,"NV"
"4728","Nevada","other",324476,17016,2019,"NV"
"4729","Nevada","multiracial",144208,8665,2019,"NV"
"4730","Nevada","hispanic",900599,NA,2019,"NV"
"4731","Nevada","college",355837,8906,2019,"NV"
"4732","Nevada","masters",132910,6089,2019,"NV"
"4733","Nevada","professional",35939,2910,2019,"NV"
"4734","Nevada","doctorate",24233,2709,2019,"NV"
"4735","Nevada","poverty",379564,19019,2019,"NV"
"4736","Nevada","median_income",63276,1021,2019,"NV"
"4737","Nevada","labor_force",1558868,12984,2019,"NV"
"4738","Nevada","unemployed",79000,5738,2019,"NV"
"4739","Nevada","median_rent",1168,12,2019,"NV"
"4740","Nevada","median_home_value",317800,3094,2019,"NV"
"4741","New Hampshire","median_age",43,0.3,2019,"NH"
"4742","New Hampshire","total_pop",1359711,NA,2019,"NH"
"4743","New Hampshire","white",1258576,3767,2019,"NH"
"4744","New Hampshire","black",22000,1840,2019,"NH"
"4745","New Hampshire","native",1727,653,2019,"NH"
"4746","New Hampshire","asian",35807,2393,2019,"NH"
"4747","New Hampshire","pacific",713,526,2019,"NH"
"4748","New Hampshire","other",10683,3559,2019,"NH"
"4749","New Hampshire","multiracial",30205,3411,2019,"NH"
"4750","New Hampshire","hispanic",54182,827,2019,"NH"
"4751","New Hampshire","college",224636,6793,2019,"NH"
"4752","New Hampshire","masters",109702,5662,2019,"NH"
"4753","New Hampshire","professional",20508,2144,2019,"NH"
"4754","New Hampshire","doctorate",13391,1737,2019,"NH"
"4755","New Hampshire","poverty",95711,7285,2019,"NH"
"4756","New Hampshire","median_income",77933,1994,2019,"NH"
"4757","New Hampshire","labor_force",758102,6539,2019,"NH"
"4758","New Hampshire","unemployed",22609,2470,2019,"NH"
"4759","New Hampshire","median_rent",1147,27,2019,"NH"
"4760","New Hampshire","median_home_value",281400,3663,2019,"NH"
"4761","New Jersey","median_age",40.2,0.1,2019,"NJ"
"4762","New Jersey","total_pop",8882190,NA,2019,"NJ"
"4763","New Jersey","white",5964295,22769,2019,"NJ"
"4764","New Jersey","black",1203843,10689,2019,"NJ"
"4765","New Jersey","native",18440,4501,2019,"NJ"
"4766","New Jersey","asian",856561,7679,2019,"NJ"
"4767","New Jersey","pacific",3254,1475,2019,"NJ"
"4768","New Jersey","other",571368,21222,2019,"NJ"
"4769","New Jersey","multiracial",264429,14190,2019,"NJ"
"4770","New Jersey","hispanic",1856845,NA,2019,"NJ"
"4771","New Jersey","college",1555781,19254,2019,"NJ"
"4772","New Jersey","masters",720869,14788,2019,"NJ"
"4773","New Jersey","professional",167040,7272,2019,"NJ"
"4774","New Jersey","doctorate",108075,4650,2019,"NJ"
"4775","New Jersey","poverty",798262,25821,2019,"NJ"
"4776","New Jersey","median_income",85751,760,2019,"NJ"
"4777","New Jersey","labor_force",4717175,16498,2019,"NJ"
"4778","New Jersey","unemployed",220476,7471,2019,"NJ"
"4779","New Jersey","median_rent",1376,9,2019,"NJ"
"4780","New Jersey","median_home_value",348800,1764,2019,"NJ"
"4781","New Mexico","median_age",38.6,0.2,2019,"NM"
"4782","New Mexico","total_pop",2096829,NA,2019,"NM"
"4783","New Mexico","white",1549953,14976,2019,"NM"
"4784","New Mexico","black",48337,3861,2019,"NM"
"4785","New Mexico","native",199341,5549,2019,"NM"
"4786","New Mexico","asian",36549,2668,2019,"NM"
"4787","New Mexico","pacific",924,544,2019,"NM"
"4788","New Mexico","other",189281,15165,2019,"NM"
"4789","New Mexico","multiracial",72444,6802,2019,"NM"
"4790","New Mexico","hispanic",1032950,NA,2019,"NM"
"4791","New Mexico","college",221281,6835,2019,"NM"
"4792","New Mexico","masters",119825,5841,2019,"NM"
"4793","New Mexico","professional",25708,2575,2019,"NM"
"4794","New Mexico","doctorate",27784,2391,2019,"NM"
"4795","New Mexico","poverty",373230,15038,2019,"NM"
"4796","New Mexico","median_income",51945,969,2019,"NM"
"4797","New Mexico","labor_force",960264,10110,2019,"NM"
"4798","New Mexico","unemployed",52489,4562,2019,"NM"
"4799","New Mexico","median_rent",847,14,2019,"NM"
"4800","New Mexico","median_home_value",180900,2783,2019,"NM"
"4801","New York","median_age",39.2,0.2,2019,"NY"
"4802","New York","total_pop",19453561,NA,2019,"NY"
"4803","New York","white",12293680,31896,2019,"NY"
"4804","New York","black",3084304,17635,2019,"NY"
"4805","New York","native",73560,6588,2019,"NY"
"4806","New York","asian",1680219,9869,2019,"NY"
"4807","New York","pacific",8277,2421,2019,"NY"
"4808","New York","other",1664223,33219,2019,"NY"
"4809","New York","multiracial",649298,19354,2019,"NY"
"4810","New York","hispanic",3749257,971,2019,"NY"
"4811","New York","college",2898440,28311,2019,"NY"
"4812","New York","masters",1633516,21787,2019,"NY"
"4813","New York","professional",421631,11575,2019,"NY"
"4814","New York","doctorate",212631,7396,2019,"NY"
"4815","New York","poverty",2467006,45734,2019,"NY"
"4816","New York","median_income",72108,452,2019,"NY"
"4817","New York","labor_force",10056194,29369,2019,"NY"
"4818","New York","unemployed",445165,14421,2019,"NY"
"4819","New York","median_rent",1309,9,2019,"NY"
"4820","New York","median_home_value",338700,3182,2019,"NY"
"4821","North Carolina","median_age",39.1,0.2,2019,"NC"
"4822","North Carolina","total_pop",10488084,NA,2019,"NC"
"4823","North Carolina","white",7144510,17909,2019,"NC"
"4824","North Carolina","black",2253481,14903,2019,"NC"
"4825","North Carolina","native",126708,4966,2019,"NC"
"4826","North Carolina","asian",309905,7205,2019,"NC"
"4827","North Carolina","pacific",6878,2124,2019,"NC"
"4828","North Carolina","other",351465,16572,2019,"NC"
"4829","North Carolina","multiracial",295137,17994,2019,"NC"
"4830","North Carolina","hispanic",1022995,657,2019,"NC"
"4831","North Carolina","college",1471420,19100,2019,"NC"
"4832","North Carolina","masters",615828,14005,2019,"NC"
"4833","North Carolina","professional",131379,6375,2019,"NC"
"4834","North Carolina","doctorate",102558,4564,2019,"NC"
"4835","North Carolina","poverty",1386122,34891,2019,"NC"
"4836","North Carolina","median_income",57341,611,2019,"NC"
"4837","North Carolina","labor_force",5174709,21803,2019,"NC"
"4838","North Carolina","unemployed",236872,9383,2019,"NC"
"4839","North Carolina","median_rent",931,8,2019,"NC"
"4840","North Carolina","median_home_value",193200,1582,2019,"NC"
"4841","North Dakota","median_age",35.5,0.3,2019,"ND"
"4842","North Dakota","total_pop",762062,NA,2019,"ND"
"4843","North Dakota","white",653910,2209,2019,"ND"
"4844","North Dakota","black",22256,2558,2019,"ND"
"4845","North Dakota","native",40970,2364,2019,"ND"
"4846","North Dakota","asian",10669,2355,2019,"ND"
"4847","North Dakota","pacific",2792,1647,2019,"ND"
"4848","North Dakota","other",6320,2122,2019,"ND"
"4849","North Dakota","multiracial",25145,3813,2019,"ND"
"4850","North Dakota","hispanic",30486,1447,2019,"ND"
"4851","North Dakota","college",108527,5087,2019,"ND"
"4852","North Dakota","masters",31714,3416,2019,"ND"
"4853","North Dakota","professional",6772,1415,2019,"ND"
"4854","North Dakota","doctorate",6384,1314,2019,"ND"
"4855","North Dakota","poverty",78112,6057,2019,"ND"
"4856","North Dakota","median_income",64577,3011,2019,"ND"
"4857","North Dakota","labor_force",416619,5125,2019,"ND"
"4858","North Dakota","unemployed",10920,1826,2019,"ND"
"4859","North Dakota","median_rent",804,22,2019,"ND"
"4860","North Dakota","median_home_value",205400,5446,2019,"ND"
"4861","Ohio","median_age",39.6,0.1,2019,"OH"
"4862","Ohio","total_pop",11689100,NA,2019,"OH"
"4863","Ohio","white",9452650,11008,2019,"OH"
"4864","Ohio","black",1467331,13248,2019,"OH"
"4865","Ohio","native",23544,3846,2019,"OH"
"4866","Ohio","asian",274585,5709,2019,"OH"
"4867","Ohio","pacific",5274,2003,2019,"OH"
"4868","Ohio","other",122375,10175,2019,"OH"
"4869","Ohio","multiracial",343341,13932,2019,"OH"
"4870","Ohio","hispanic",467589,1953,2019,"OH"
"4871","Ohio","college",1464945,16618,2019,"OH"
"4872","Ohio","masters",660656,11526,2019,"OH"
"4873","Ohio","professional",139616,6891,2019,"OH"
"4874","Ohio","doctorate",91368,4443,2019,"OH"
"4875","Ohio","poverty",1484862,31837,2019,"OH"
"4876","Ohio","median_income",58642,563,2019,"OH"
"4877","Ohio","labor_force",5965597,22251,2019,"OH"
"4878","Ohio","unemployed",272654,10309,2019,"OH"
"4879","Ohio","median_rent",813,6,2019,"OH"
"4880","Ohio","median_home_value",157200,827,2019,"OH"
"4881","Oklahoma","median_age",37,0.2,2019,"OK"
"4882","Oklahoma","total_pop",3956971,NA,2019,"OK"
"4883","Oklahoma","white",2865785,9140,2019,"OK"
"4884","Oklahoma","black",287414,6538,2019,"OK"
"4885","Oklahoma","native",316929,6536,2019,"OK"
"4886","Oklahoma","asian",89950,3064,2019,"OK"
"4887","Oklahoma","pacific",4808,1381,2019,"OK"
"4888","Oklahoma","other",91920,7110,2019,"OK"
"4889","Oklahoma","multiracial",300165,9446,2019,"OK"
"4890","Oklahoma","hispanic",438106,NA,2019,"OK"
"4891","Oklahoma","college",447888,7515,2019,"OK"
"4892","Oklahoma","masters",166623,5883,2019,"OK"
"4893","Oklahoma","professional",43315,3373,2019,"OK"
"4894","Oklahoma","doctorate",28683,2602,2019,"OK"
"4895","Oklahoma","poverty",583029,15382,2019,"OK"
"4896","Oklahoma","median_income",54449,599,2019,"OK"
"4897","Oklahoma","labor_force",1872933,12105,2019,"OK"
"4898","Oklahoma","unemployed",81705,4228,2019,"OK"
"4899","Oklahoma","median_rent",814,10,2019,"OK"
"4900","Oklahoma","median_home_value",147000,1597,2019,"OK"
"4901","Oregon","median_age",39.7,0.2,2019,"OR"
"4902","Oregon","total_pop",4217737,NA,2019,"OR"
"4903","Oregon","white",3523853,15385,2019,"OR"
"4904","Oregon","black",77918,5485,2019,"OR"
"4905","Oregon","native",50417,5533,2019,"OR"
"4906","Oregon","asian",194068,4722,2019,"OR"
"4907","Oregon","pacific",14182,2342,2019,"OR"
"4908","Oregon","other",149974,14981,2019,"OR"
"4909","Oregon","multiracial",207325,11022,2019,"OR"
"4910","Oregon","hispanic",566839,NA,2019,"OR"
"4911","Oregon","college",627911,12081,2019,"OR"
"4912","Oregon","masters",278908,8695,2019,"OR"
"4913","Oregon","professional",67715,4207,2019,"OR"
"4914","Oregon","doctorate",57782,3938,2019,"OR"
"4915","Oregon","poverty",470643,17376,2019,"OR"
"4916","Oregon","median_income",67058,873,2019,"OR"
"4917","Oregon","labor_force",2153329,15675,2019,"OR"
"4918","Oregon","unemployed",107991,7321,2019,"OR"
"4919","Oregon","median_rent",1185,14,2019,"OR"
"4920","Oregon","median_home_value",354600,2994,2019,"OR"
"4921","Pennsylvania","median_age",40.8,0.1,2019,"PA"
"4922","Pennsylvania","total_pop",12801989,NA,2019,"PA"
"4923","Pennsylvania","white",10193792,15794,2019,"PA"
"4924","Pennsylvania","black",1454753,14506,2019,"PA"
"4925","Pennsylvania","native",27088,3858,2019,"PA"
"4926","Pennsylvania","asian",453662,6936,2019,"PA"
"4927","Pennsylvania","pacific",4148,1007,2019,"PA"
"4928","Pennsylvania","other",335838,17763,2019,"PA"
"4929","Pennsylvania","multiracial",332708,14431,2019,"PA"
"4930","Pennsylvania","hispanic",997830,1420,2019,"PA"
"4931","Pennsylvania","college",1761627,19057,2019,"PA"
"4932","Pennsylvania","masters",827626,12217,2019,"PA"
"4933","Pennsylvania","professional",189863,6617,2019,"PA"
"4934","Pennsylvania","doctorate",138286,5560,2019,"PA"
"4935","Pennsylvania","poverty",1489333,38199,2019,"PA"
"4936","Pennsylvania","median_income",63463,429,2019,"PA"
"4937","Pennsylvania","labor_force",6580742,22566,2019,"PA"
"4938","Pennsylvania","unemployed",295633,9174,2019,"PA"
"4939","Pennsylvania","median_rent",951,7,2019,"PA"
"4940","Pennsylvania","median_home_value",192600,1105,2019,"PA"
"4941","Rhode Island","median_age",40.1,0.4,2019,"RI"
"4942","Rhode Island","total_pop",1059361,NA,2019,"RI"
"4943","Rhode Island","white",833690,8299,2019,"RI"
"4944","Rhode Island","black",78143,6572,2019,"RI"
"4945","Rhode Island","native",3341,962,2019,"RI"
"4946","Rhode Island","asian",37101,2675,2019,"RI"
"4947","Rhode Island","pacific",250,212,2019,"RI"
"4948","Rhode Island","other",62236,8445,2019,"RI"
"4949","Rhode Island","multiracial",44600,5770,2019,"RI"
"4950","Rhode Island","hispanic",172643,NA,2019,"RI"
"4951","Rhode Island","college",156087,6965,2019,"RI"
"4952","Rhode Island","masters",72512,4097,2019,"RI"
"4953","Rhode Island","professional",18950,2703,2019,"RI"
"4954","Rhode Island","doctorate",12726,1649,2019,"RI"
"4955","Rhode Island","poverty",110244,9715,2019,"RI"
"4956","Rhode Island","median_income",71169,1559,2019,"RI"
"4957","Rhode Island","labor_force",572113,7778,2019,"RI"
"4958","Rhode Island","unemployed",24199,2783,2019,"RI"
"4959","Rhode Island","median_rent",1043,29,2019,"RI"
"4960","Rhode Island","median_home_value",283000,3445,2019,"RI"
"4961","South Carolina","median_age",39.9,0.2,2019,"SC"
"4962","South Carolina","total_pop",5148714,NA,2019,"SC"
"4963","South Carolina","white",3434467,11106,2019,"SC"
"4964","South Carolina","black",1362917,8396,2019,"SC"
"4965","South Carolina","native",18971,2545,2019,"SC"
"4966","South Carolina","asian",86571,3010,2019,"SC"
"4967","South Carolina","pacific",7572,5449,2019,"SC"
"4968","South Carolina","other",112685,10505,2019,"SC"
"4969","South Carolina","multiracial",125531,9493,2019,"SC"
"4970","South Carolina","hispanic",298478,2584,2019,"SC"
"4971","South Carolina","college",656496,13607,2019,"SC"
"4972","South Carolina","masters",302770,9690,2019,"SC"
"4973","South Carolina","professional",56354,4418,2019,"SC"
"4974","South Carolina","doctorate",38939,3652,2019,"SC"
"4975","South Carolina","poverty",692744,27058,2019,"SC"
"4976","South Carolina","median_income",56227,835,2019,"SC"
"4977","South Carolina","labor_force",2475751,15422,2019,"SC"
"4978","South Carolina","unemployed",116037,6642,2019,"SC"
"4979","South Carolina","median_rent",922,12,2019,"SC"
"4980","South Carolina","median_home_value",179800,2141,2019,"SC"
"4981","South Dakota","median_age",37.7,0.3,2019,"SD"
"4982","South Dakota","total_pop",884659,NA,2019,"SD"
"4983","South Dakota","white",743764,1684,2019,"SD"
"4984","South Dakota","black",20866,2182,2019,"SD"
"4985","South Dakota","native",75809,2831,2019,"SD"
"4986","South Dakota","asian",11530,2434,2019,"SD"
"4987","South Dakota","pacific",2073,1557,2019,"SD"
"4988","South Dakota","other",5919,1275,2019,"SD"
"4989","South Dakota","multiracial",24698,3560,2019,"SD"
"4990","South Dakota","hispanic",33018,1554,2019,"SD"
"4991","South Dakota","college",121231,5603,2019,"SD"
"4992","South Dakota","masters",38132,3804,2019,"SD"
"4993","South Dakota","professional",8827,1235,2019,"SD"
"4994","South Dakota","doctorate",6594,1187,2019,"SD"
"4995","South Dakota","poverty",101946,8090,2019,"SD"
"4996","South Dakota","median_income",59533,1949,2019,"SD"
"4997","South Dakota","labor_force",467008,5353,2019,"SD"
"4998","South Dakota","unemployed",14033,1754,2019,"SD"
"4999","South Dakota","median_rent",769,24,2019,"SD"
"5000","South Dakota","median_home_value",185000,3869,2019,"SD"
"5001","Tennessee","median_age",39,0.2,2019,"TN"
"5002","Tennessee","total_pop",6829174,NA,2019,"TN"
"5003","Tennessee","white",5272910,9919,2019,"TN"
"5004","Tennessee","black",1141304,8527,2019,"TN"
"5005","Tennessee","native",20431,2986,2019,"TN"
"5006","Tennessee","asian",125742,4116,2019,"TN"
"5007","Tennessee","pacific",3469,1316,2019,"TN"
"5008","Tennessee","other",109072,10567,2019,"TN"
"5009","Tennessee","multiracial",156246,8001,2019,"TN"
"5010","Tennessee","hispanic",389127,2327,2019,"TN"
"5011","Tennessee","college",845100,15296,2019,"TN"
"5012","Tennessee","masters",351914,9898,2019,"TN"
"5013","Tennessee","professional",82800,5054,2019,"TN"
"5014","Tennessee","doctorate",68410,5153,2019,"TN"
"5015","Tennessee","poverty",922176,25901,2019,"TN"
"5016","Tennessee","median_income",56071,658,2019,"TN"
"5017","Tennessee","labor_force",3367774,20347,2019,"TN"
"5018","Tennessee","unemployed",152373,8381,2019,"TN"
"5019","Tennessee","median_rent",904,8,2019,"TN"
"5020","Tennessee","median_home_value",191900,1785,2019,"TN"
"5021","Texas","median_age",35.1,0.1,2019,"TX"
"5022","Texas","total_pop",28995881,NA,2019,"TX"
"5023","Texas","white",21273326,44895,2019,"TX"
"5024","Texas","black",3553922,23163,2019,"TX"
"5025","Texas","native",144993,8858,2019,"TX"
"5026","Texas","asian",1446073,11439,2019,"TX"
"5027","Texas","pacific",27026,4145,2019,"TX"
"5028","Texas","other",1714614,45756,2019,"TX"
"5029","Texas","multiracial",835927,28006,2019,"TX"
"5030","Texas","hispanic",11524842,1400,2019,"TX"
"5031","Texas","college",3750797,35494,2019,"TX"
"5032","Texas","masters",1484968,25378,2019,"TX"
"5033","Texas","professional",318581,10463,2019,"TX"
"5034","Texas","doctorate",222187,9261,2019,"TX"
"5035","Texas","poverty",3865010,70183,2019,"TX"
"5036","Texas","median_income",64034,500,2019,"TX"
"5037","Texas","labor_force",14465653,39493,2019,"TX"
"5038","Texas","unemployed",635077,15643,2019,"TX"
"5039","Texas","median_rent",1091,5,2019,"TX"
"5040","Texas","median_home_value",200400,1201,2019,"TX"
"5041","Utah","median_age",31.2,0.2,2019,"UT"
"5042","Utah","total_pop",3205958,NA,2019,"UT"
"5043","Utah","white",2799527,10987,2019,"UT"
"5044","Utah","black",36918,2748,2019,"UT"
"5045","Utah","native",35368,3443,2019,"UT"
"5046","Utah","asian",76470,4125,2019,"UT"
"5047","Utah","pacific",30725,2972,2019,"UT"
"5048","Utah","other",123376,10628,2019,"UT"
"5049","Utah","multiracial",103574,8741,2019,"UT"
"5050","Utah","hispanic",462054,NA,2019,"UT"
"5051","Utah","college",448109,11721,2019,"UT"
"5052","Utah","masters",156469,5531,2019,"UT"
"5053","Utah","professional",32681,2878,2019,"UT"
"5054","Utah","doctorate",27402,2374,2019,"UT"
"5055","Utah","poverty",281279,15513,2019,"UT"
"5056","Utah","median_income",75780,1093,2019,"UT"
"5057","Utah","labor_force",1650952,9941,2019,"UT"
"5058","Utah","unemployed",52422,4796,2019,"UT"
"5059","Utah","median_rent",1098,15,2019,"UT"
"5060","Utah","median_home_value",330300,3196,2019,"UT"
"5061","Vermont","median_age",42.8,0.3,2019,"VT"
"5062","Vermont","total_pop",623989,NA,2019,"VT"
"5063","Vermont","white",585117,951,2019,"VT"
"5064","Vermont","black",9435,1109,2019,"VT"
"5065","Vermont","native",2928,839,2019,"VT"
"5066","Vermont","asian",8603,2541,2019,"VT"
"5067","Vermont","pacific",386,381,2019,"VT"
"5068","Vermont","other",2153,818,2019,"VT"
"5069","Vermont","multiracial",15367,2758,2019,"VT"
"5070","Vermont","hispanic",12408,464,2019,"VT"
"5071","Vermont","college",101015,3722,2019,"VT"
"5072","Vermont","masters",52196,3020,2019,"VT"
"5073","Vermont","professional",11739,1630,2019,"VT"
"5074","Vermont","doctorate",7322,1253,2019,"VT"
"5075","Vermont","poverty",60897,4517,2019,"VT"
"5076","Vermont","median_income",63001,1755,2019,"VT"
"5077","Vermont","labor_force",342799,4174,2019,"VT"
"5078","Vermont","unemployed",11552,1656,2019,"VT"
"5079","Vermont","median_rent",980,25,2019,"VT"
"5080","Vermont","median_home_value",233200,5016,2019,"VT"
"5081","Virginia","median_age",38.5,0.2,2019,"VA"
"5082","Virginia","total_pop",8535519,NA,2019,"VA"
"5083","Virginia","white",5714646,13060,2019,"VA"
"5084","Virginia","black",1659908,12568,2019,"VA"
"5085","Virginia","native",23388,3009,2019,"VA"
"5086","Virginia","asian",565643,6224,2019,"VA"
"5087","Virginia","pacific",5039,1116,2019,"VA"
"5088","Virginia","other",246663,13682,2019,"VA"
"5089","Virginia","multiracial",320232,13942,2019,"VA"
"5090","Virginia","hispanic",828154,3259,2019,"VA"
"5091","Virginia","college",1312800,16892,2019,"VA"
"5092","Virginia","masters",743676,13499,2019,"VA"
"5093","Virginia","professional",153224,6024,2019,"VA"
"5094","Virginia","doctorate",115370,5631,2019,"VA"
"5095","Virginia","poverty",822775,24460,2019,"VA"
"5096","Virginia","median_income",76456,842,2019,"VA"
"5097","Virginia","labor_force",4404927,18526,2019,"VA"
"5098","Virginia","unemployed",175528,8599,2019,"VA"
"5099","Virginia","median_rent",1254,16,2019,"VA"
"5100","Virginia","median_home_value",288800,2150,2019,"VA"
"5101","Washington","median_age",37.9,0.1,2019,"WA"
"5102","Washington","total_pop",7614893,NA,2019,"WA"
"5103","Washington","white",5651091,16236,2019,"WA"
"5104","Washington","black",305924,7176,2019,"WA"
"5105","Washington","native",103882,6865,2019,"WA"
"5106","Washington","asian",684967,8569,2019,"WA"
"5107","Washington","pacific",50139,3973,2019,"WA"
"5108","Washington","other",365395,16236,2019,"WA"
"5109","Washington","multiracial",453495,14500,2019,"WA"
"5110","Washington","hispanic",991723,NA,2019,"WA"
"5111","Washington","college",1204728,16387,2019,"WA"
"5112","Washington","masters",538939,13043,2019,"WA"
"5113","Washington","professional",122253,6574,2019,"WA"
"5114","Washington","doctorate",89712,5563,2019,"WA"
"5115","Washington","poverty",730240,26102,2019,"WA"
"5116","Washington","median_income",78687,923,2019,"WA"
"5117","Washington","labor_force",3928762,19813,2019,"WA"
"5118","Washington","unemployed",179353,8082,2019,"WA"
"5119","Washington","median_rent",1359,14,2019,"WA"
"5120","Washington","median_home_value",387600,2320,2019,"WA"
"5121","West Virginia","median_age",42.9,0.3,2019,"WV"
"5122","West Virginia","total_pop",1792147,NA,2019,"WV"
"5123","West Virginia","white",1668004,3236,2019,"WV"
"5124","West Virginia","black",65925,3478,2019,"WV"
"5125","West Virginia","native",3601,1396,2019,"WV"
"5126","West Virginia","asian",14311,1712,2019,"WV"
"5127","West Virginia","pacific",399,417,2019,"WV"
"5128","West Virginia","other",7657,1944,2019,"WV"
"5129","West Virginia","multiracial",32250,2917,2019,"WV"
"5130","West Virginia","hispanic",26823,2111,2019,"WV"
"5131","West Virginia","college",161686,5922,2019,"WV"
"5132","West Virginia","masters",80380,5029,2019,"WV"
"5133","West Virginia","professional",15831,2273,2019,"WV"
"5134","West Virginia","doctorate",11809,1556,2019,"WV"
"5135","West Virginia","poverty",278734,14047,2019,"WV"
"5136","West Virginia","median_income",48850,1131,2019,"WV"
"5137","West Virginia","labor_force",792405,9790,2019,"WV"
"5138","West Virginia","unemployed",47424,4747,2019,"WV"
"5139","West Virginia","median_rent",727,14,2019,"WV"
"5140","West Virginia","median_home_value",124600,2889,2019,"WV"
"5141","Wisconsin","median_age",39.9,0.2,2019,"WI"
"5142","Wisconsin","total_pop",5822434,NA,2019,"WI"
"5143","Wisconsin","white",4963354,9563,2019,"WI"
"5144","Wisconsin","black",374747,5775,2019,"WI"
"5145","Wisconsin","native",54577,2975,2019,"WI"
"5146","Wisconsin","asian",167420,4534,2019,"WI"
"5147","Wisconsin","pacific",4220,1636,2019,"WI"
"5148","Wisconsin","other",121082,9594,2019,"WI"
"5149","Wisconsin","multiracial",137034,7824,2019,"WI"
"5150","Wisconsin","hispanic",412769,1103,2019,"WI"
"5151","Wisconsin","college",829878,14357,2019,"WI"
"5152","Wisconsin","masters",307952,7586,2019,"WI"
"5153","Wisconsin","professional",71262,4236,2019,"WI"
"5154","Wisconsin","doctorate",49287,3206,2019,"WI"
"5155","Wisconsin","poverty",591486,18294,2019,"WI"
"5156","Wisconsin","median_income",64168,600,2019,"WI"
"5157","Wisconsin","labor_force",3100947,12564,2019,"WI"
"5158","Wisconsin","unemployed",98873,5053,2019,"WI"
"5159","Wisconsin","median_rent",867,6,2019,"WI"
"5160","Wisconsin","median_home_value",197200,1492,2019,"WI"
"5161","Wyoming","median_age",38.1,0.4,2019,"WY"
"5162","Wyoming","total_pop",578759,NA,2019,"WY"
"5163","Wyoming","white",525860,2716,2019,"WY"
"5164","Wyoming","black",7116,1901,2019,"WY"
"5165","Wyoming","native",13774,1592,2019,"WY"
"5166","Wyoming","asian",4633,1379,2019,"WY"
"5167","Wyoming","pacific",754,498,2019,"WY"
"5168","Wyoming","other",10799,2278,2019,"WY"
"5169","Wyoming","multiracial",15823,3004,2019,"WY"
"5170","Wyoming","hispanic",58607,NA,2019,"WY"
"5171","Wyoming","college",73183,4387,2019,"WY"
"5172","Wyoming","masters",29454,2832,2019,"WY"
"5173","Wyoming","professional",6035,965,2019,"WY"
"5174","Wyoming","doctorate",4885,1303,2019,"WY"
"5175","Wyoming","poverty",56945,5626,2019,"WY"
"5176","Wyoming","median_income",65003,2118,2019,"WY"
"5177","Wyoming","labor_force",294289,5078,2019,"WY"
"5178","Wyoming","unemployed",10539,1720,2019,"WY"
"5179","Wyoming","median_rent",822,33,2019,"WY"
"5180","Wyoming","median_home_value",235200,6203,2019,"WY"
"5181","Puerto Rico","median_age",43.1,0.2,2019,"PR"
"5182","Puerto Rico","total_pop",3193694,NA,2019,"PR"
"5183","Puerto Rico","white",2054764,16368,2019,"PR"
"5184","Puerto Rico","black",395439,11148,2019,"PR"
"5185","Puerto Rico","native",3082,1232,2019,"PR"
"5186","Puerto Rico","asian",6573,2492,2019,"PR"
"5187","Puerto Rico","pacific",183,211,2019,"PR"
"5188","Puerto Rico","other",506563,15573,2019,"PR"
"5189","Puerto Rico","multiracial",227090,12317,2019,"PR"
"5190","Puerto Rico","hispanic",3134759,5525,2019,"PR"
"5191","Puerto Rico","college",443589,12354,2019,"PR"
"5192","Puerto Rico","masters",124314,6744,2019,"PR"
"5193","Puerto Rico","professional",27969,2996,2019,"PR"
"5194","Puerto Rico","doctorate",30708,3557,2019,"PR"
"5195","Puerto Rico","poverty",1376809,24017,2019,"PR"
"5196","Puerto Rico","median_income",20474,382,2019,"PR"
"5197","Puerto Rico","labor_force",1214930,13799,2019,"PR"
"5198","Puerto Rico","unemployed",171370,8258,2019,"PR"
"5199","Puerto Rico","median_rent",482,11,2019,"PR"
"5200","Puerto Rico","median_home_value",110300,1108,2019,"PR"
"5201","Alabama","median_age",39.3,0.2,2018,"AL"
"5202","Alabama","total_pop",4887871,NA,2018,"AL"
"5203","Alabama","white",3306838,7059,2018,"AL"
"5204","Alabama","black",1307040,7036,2018,"AL"
"5205","Alabama","native",22063,2712,2018,"AL"
"5206","Alabama","asian",65095,3494,2018,"AL"
"5207","Alabama","pacific",1797,889,2018,"AL"
"5208","Alabama","other",84027,7439,2018,"AL"
"5209","Alabama","multiracial",101011,7687,2018,"AL"
"5210","Alabama","hispanic",211485,2959,2018,"AL"
"5211","Alabama","college",536086,12549,2018,"AL"
"5212","Alabama","masters",229484,8225,2018,"AL"
"5213","Alabama","professional",50881,3702,2018,"AL"
"5214","Alabama","doctorate",35586,3479,2018,"AL"
"5215","Alabama","poverty",800422,20616,2018,"AL"
"5216","Alabama","median_income",49861,783,2018,"AL"
"5217","Alabama","labor_force",2219106,15795,2018,"AL"
"5218","Alabama","unemployed",124835,7615,2018,"AL"
"5219","Alabama","median_rent",788,9,2018,"AL"
"5220","Alabama","median_home_value",147900,2304,2018,"AL"
"5221","Alaska","median_age",34.9,0.2,2018,"AK"
"5222","Alaska","total_pop",737438,NA,2018,"AK"
"5223","Alaska","white",474555,3233,2018,"AK"
"5224","Alaska","black",25197,1976,2018,"AK"
"5225","Alaska","native",111371,3747,2018,"AK"
"5226","Alaska","asian",46381,2635,2018,"AK"
"5227","Alaska","pacific",7958,1583,2018,"AK"
"5228","Alaska","other",9780,2618,2018,"AK"
"5229","Alaska","multiracial",62196,4631,2018,"AK"
"5230","Alaska","hispanic",53069,496,2018,"AK"
"5231","Alaska","college",89635,4239,2018,"AK"
"5232","Alaska","masters",38582,2278,2018,"AK"
"5233","Alaska","professional",10849,2077,2018,"AK"
"5234","Alaska","doctorate",7362,1737,2018,"AK"
"5235","Alaska","poverty",78620,7217,2018,"AK"
"5236","Alaska","median_income",74346,2288,2018,"AK"
"5237","Alaska","labor_force",371179,4714,2018,"AK"
"5238","Alaska","unemployed",25410,1930,2018,"AK"
"5239","Alaska","median_rent",1177,31,2018,"AK"
"5240","Alaska","median_home_value",276100,4365,2018,"AK"
"5241","Arizona","median_age",38,0.2,2018,"AZ"
"5242","Arizona","total_pop",7171646,NA,2018,"AZ"
"5243","Arizona","white",5590505,22425,2018,"AZ"
"5244","Arizona","black",336340,7735,2018,"AZ"
"5245","Arizona","native",330599,8933,2018,"AZ"
"5246","Arizona","asian",237873,5191,2018,"AZ"
"5247","Arizona","pacific",15661,1992,2018,"AZ"
"5248","Arizona","other",373688,19089,2018,"AZ"
"5249","Arizona","multiracial",286980,13897,2018,"AZ"
"5250","Arizona","hispanic",2266342,NA,2018,"AZ"
"5251","Arizona","college",898032,13525,2018,"AZ"
"5252","Arizona","masters",389350,10817,2018,"AZ"
"5253","Arizona","professional",88079,4744,2018,"AZ"
"5254","Arizona","doctorate",63032,4734,2018,"AZ"
"5255","Arizona","poverty",983499,28300,2018,"AZ"
"5256","Arizona","median_income",59246,732,2018,"AZ"
"5257","Arizona","labor_force",3396893,17228,2018,"AZ"
"5258","Arizona","unemployed",181757,7248,2018,"AZ"
"5259","Arizona","median_rent",1036,10,2018,"AZ"
"5260","Arizona","median_home_value",241100,1921,2018,"AZ"
"5261","Arkansas","median_age",38.1,0.3,2018,"AR"
"5262","Arkansas","total_pop",3013825,NA,2018,"AR"
"5263","Arkansas","white",2306096,6922,2018,"AR"
"5264","Arkansas","black",456714,6073,2018,"AR"
"5265","Arkansas","native",20951,2557,2018,"AR"
"5266","Arkansas","asian",47548,2631,2018,"AR"
"5267","Arkansas","pacific",9398,1053,2018,"AR"
"5268","Arkansas","other",84917,6739,2018,"AR"
"5269","Arkansas","multiracial",88201,5889,2018,"AR"
"5270","Arkansas","hispanic",230300,2006,2018,"AR"
"5271","Arkansas","college",296422,7793,2018,"AR"
"5272","Arkansas","masters",125495,5589,2018,"AR"
"5273","Arkansas","professional",30069,2816,2018,"AR"
"5274","Arkansas","doctorate",19289,2334,2018,"AR"
"5275","Arkansas","poverty",504504,19795,2018,"AR"
"5276","Arkansas","median_income",47062,713,2018,"AR"
"5277","Arkansas","labor_force",1379147,12200,2018,"AR"
"5278","Arkansas","unemployed",61872,4357,2018,"AR"
"5279","Arkansas","median_rent",731,11,2018,"AR"
"5280","Arkansas","median_home_value",133100,2166,2018,"AR"
"5281","California","median_age",36.7,0.1,2018,"CA"
"5282","California","total_pop",39557045,NA,2018,"CA"
"5283","California","white",23535388,66698,2018,"CA"
"5284","California","black",2283850,14690,2018,"CA"
"5285","California","native",302792,11731,2018,"CA"
"5286","California","asian",5821585,21930,2018,"CA"
"5287","California","pacific",155739,5748,2018,"CA"
"5288","California","other",5453229,70977,2018,"CA"
"5289","California","multiracial",2004462,33391,2018,"CA"
"5290","California","hispanic",15540142,NA,2018,"CA"
"5291","California","college",5704852,36697,2018,"CA"
"5292","California","masters",2365794,28463,2018,"CA"
"5293","California","professional",654240,14143,2018,"CA"
"5294","California","doctorate",446190,9941,2018,"CA"
"5295","California","poverty",4969326,62249,2018,"CA"
"5296","California","median_income",75277,317,2018,"CA"
"5297","California","labor_force",20038676,39871,2018,"CA"
"5298","California","unemployed",1108664,18963,2018,"CA"
"5299","California","median_rent",1520,7,2018,"CA"
"5300","California","median_home_value",546800,2008,2018,"CA"
"5301","Colorado","median_age",36.9,0.1,2018,"CO"
"5302","Colorado","total_pop",5695564,NA,2018,"CO"
"5303","Colorado","white",4790677,16307,2018,"CO"
"5304","Colorado","black",237578,6469,2018,"CO"
"5305","Colorado","native",55146,4414,2018,"CO"
"5306","Colorado","asian",180277,5175,2018,"CO"
"5307","Colorado","pacific",7585,1614,2018,"CO"
"5308","Colorado","other",196831,13409,2018,"CO"
"5309","Colorado","multiracial",227470,10949,2018,"CO"
"5310","Colorado","hispanic",1235127,NA,2018,"CO"
"5311","Colorado","college",1013989,14602,2018,"CO"
"5312","Colorado","masters",444914,9007,2018,"CO"
"5313","Colorado","professional",98977,4662,2018,"CO"
"5314","Colorado","doctorate",67669,4160,2018,"CO"
"5315","Colorado","poverty",537492,18885,2018,"CO"
"5316","Colorado","median_income",71953,655,2018,"CO"
"5317","Colorado","labor_force",3105292,16217,2018,"CO"
"5318","Colorado","unemployed",122498,6891,2018,"CO"
"5319","Colorado","median_rent",1289,12,2018,"CO"
"5320","Colorado","median_home_value",373300,2652,2018,"CO"
"5321","Connecticut","median_age",41.1,0.2,2018,"CT"
"5322","Connecticut","total_pop",3572665,NA,2018,"CT"
"5323","Connecticut","white",2688136,12828,2018,"CT"
"5324","Connecticut","black",391552,6600,2018,"CT"
"5325","Connecticut","native",9507,2116,2018,"CT"
"5326","Connecticut","asian",165855,2587,2018,"CT"
"5327","Connecticut","pacific",1017,764,2018,"CT"
"5328","Connecticut","other",195208,12191,2018,"CT"
"5329","Connecticut","multiracial",121390,7616,2018,"CT"
"5330","Connecticut","hispanic",589810,NA,2018,"CT"
"5331","Connecticut","college",544028,9883,2018,"CT"
"5332","Connecticut","masters",325902,8349,2018,"CT"
"5333","Connecticut","professional",75528,4095,2018,"CT"
"5334","Connecticut","doctorate",41772,3130,2018,"CT"
"5335","Connecticut","poverty",361377,14037,2018,"CT"
"5336","Connecticut","median_income",76348,921,2018,"CT"
"5337","Connecticut","labor_force",1928922,12353,2018,"CT"
"5338","Connecticut","unemployed",106371,5408,2018,"CT"
"5339","Connecticut","median_rent",1171,14,2018,"CT"
"5340","Connecticut","median_home_value",277400,2057,2018,"CT"
"5341","Delaware","median_age",41.1,0.5,2018,"DE"
"5342","Delaware","total_pop",967171,NA,2018,"DE"
"5343","Delaware","white",659781,4626,2018,"DE"
"5344","Delaware","black",217594,3408,2018,"DE"
"5345","Delaware","native",4397,1388,2018,"DE"
"5346","Delaware","asian",39023,1595,2018,"DE"
"5347","Delaware","pacific",896,665,2018,"DE"
"5348","Delaware","other",19652,4198,2018,"DE"
"5349","Delaware","multiracial",25828,3640,2018,"DE"
"5350","Delaware","hispanic",91975,NA,2018,"DE"
"5351","Delaware","college",124178,5383,2018,"DE"
"5352","Delaware","masters",66391,4020,2018,"DE"
"5353","Delaware","professional",10766,1524,2018,"DE"
"5354","Delaware","doctorate",11657,1742,2018,"DE"
"5355","Delaware","poverty",117242,9236,2018,"DE"
"5356","Delaware","median_income",64805,1570,2018,"DE"
"5357","Delaware","labor_force",486292,6812,2018,"DE"
"5358","Delaware","unemployed",27858,3093,2018,"DE"
"5359","Delaware","median_rent",1108,25,2018,"DE"
"5360","Delaware","median_home_value",255300,5345,2018,"DE"
"5361","District of Columbia","median_age",33.9,0.2,2018,"DC"
"5362","District of Columbia","total_pop",702455,NA,2018,"DC"
"5363","District of Columbia","white",296747,4449,2018,"DC"
"5364","District of Columbia","black",319777,4282,2018,"DC"
"5365","District of Columbia","native",1932,589,2018,"DC"
"5366","District of Columbia","asian",27538,1377,2018,"DC"
"5367","District of Columbia","pacific",397,171,2018,"DC"
"5368","District of Columbia","other",30897,5312,2018,"DC"
"5369","District of Columbia","multiracial",25167,2776,2018,"DC"
"5370","District of Columbia","hispanic",79249,NA,2018,"DC"
"5371","District of Columbia","college",129782,5128,2018,"DC"
"5372","District of Columbia","masters",109855,4834,2018,"DC"
"5373","District of Columbia","professional",42734,4106,2018,"DC"
"5374","District of Columbia","doctorate",19799,2225,2018,"DC"
"5375","District of Columbia","poverty",108055,8920,2018,"DC"
"5376","District of Columbia","median_income",85203,3414,2018,"DC"
"5377","District of Columbia","labor_force",412057,5570,2018,"DC"
"5378","District of Columbia","unemployed",31074,3282,2018,"DC"
"5379","District of Columbia","median_rent",1516,45,2018,"DC"
"5380","District of Columbia","median_home_value",617900,17497,2018,"DC"
"5381","Florida","median_age",42.2,0.2,2018,"FL"
"5382","Florida","total_pop",21299325,NA,2018,"FL"
"5383","Florida","white",15899574,36490,2018,"FL"
"5384","Florida","black",3410741,19720,2018,"FL"
"5385","Florida","native",59870,6097,2018,"FL"
"5386","Florida","asian",593634,8233,2018,"FL"
"5387","Florida","pacific",12841,2297,2018,"FL"
"5388","Florida","other",708740,33569,2018,"FL"
"5389","Florida","multiracial",613925,21526,2018,"FL"
"5390","Florida","hispanic",5562452,1369,2018,"FL"
"5391","Florida","college",2920459,33508,2018,"FL"
"5392","Florida","masters",1190545,17768,2018,"FL"
"5393","Florida","professional",354163,10164,2018,"FL"
"5394","Florida","doctorate",182063,7517,2018,"FL"
"5395","Florida","poverty",2840977,47549,2018,"FL"
"5396","Florida","median_income",55462,384,2018,"FL"
"5397","Florida","labor_force",10265785,39436,2018,"FL"
"5398","Florida","unemployed",530845,13804,2018,"FL"
"5399","Florida","median_rent",1182,6,2018,"FL"
"5400","Florida","median_home_value",230600,1248,2018,"FL"
"5401","Georgia","median_age",36.8,0.3,2018,"GA"
"5402","Georgia","total_pop",10519475,NA,2018,"GA"
"5403","Georgia","white",6127645,17468,2018,"GA"
"5404","Georgia","black",3319691,14563,2018,"GA"
"5405","Georgia","native",34485,5808,2018,"GA"
"5406","Georgia","asian",436051,6106,2018,"GA"
"5407","Georgia","pacific",14049,5305,2018,"GA"
"5408","Georgia","other",301148,17722,2018,"GA"
"5409","Georgia","multiracial",286406,13656,2018,"GA"
"5410","Georgia","hispanic",1021754,1889,2018,"GA"
"5411","Georgia","college",1362317,19680,2018,"GA"
"5412","Georgia","masters",606345,15022,2018,"GA"
"5413","Georgia","professional",156547,7547,2018,"GA"
"5414","Georgia","doctorate",98824,5055,2018,"GA"
"5415","Georgia","poverty",1468642,34068,2018,"GA"
"5416","Georgia","median_income",58756,711,2018,"GA"
"5417","Georgia","labor_force",5203362,23464,2018,"GA"
"5418","Georgia","unemployed",249896,10738,2018,"GA"
"5419","Georgia","median_rent",1008,9,2018,"GA"
"5420","Georgia","median_home_value",189900,1427,2018,"GA"
"5421","Hawaii","median_age",39.3,0.3,2018,"HI"
"5422","Hawaii","total_pop",1420491,NA,2018,"HI"
"5423","Hawaii","white",345652,4853,2018,"HI"
"5424","Hawaii","black",28325,1615,2018,"HI"
"5425","Hawaii","native",3237,935,2018,"HI"
"5426","Hawaii","asian",534479,10657,2018,"HI"
"5427","Hawaii","pacific",144971,5304,2018,"HI"
"5428","Hawaii","other",18052,3227,2018,"HI"
"5429","Hawaii","multiracial",345775,12027,2018,"HI"
"5430","Hawaii","hispanic",151356,NA,2018,"HI"
"5431","Hawaii","college",218828,6969,2018,"HI"
"5432","Hawaii","masters",79475,4256,2018,"HI"
"5433","Hawaii","professional",21301,2259,2018,"HI"
"5434","Hawaii","doctorate",13969,1772,2018,"HI"
"5435","Hawaii","poverty",122143,8890,2018,"HI"
"5436","Hawaii","median_income",80212,2020,2018,"HI"
"5437","Hawaii","labor_force",712135,7702,2018,"HI"
"5438","Hawaii","unemployed",27230,2685,2018,"HI"
"5439","Hawaii","median_rent",1613,40,2018,"HI"
"5440","Hawaii","median_home_value",631700,7721,2018,"HI"
"5441","Idaho","median_age",36.8,0.2,2018,"ID"
"5442","Idaho","total_pop",1754208,NA,2018,"ID"
"5443","Idaho","white",1576846,8264,2018,"ID"
"5444","Idaho","black",12075,3292,2018,"ID"
"5445","Idaho","native",23026,2838,2018,"ID"
"5446","Idaho","asian",27026,2610,2018,"ID"
"5447","Idaho","pacific",2763,1450,2018,"ID"
"5448","Idaho","other",59217,7449,2018,"ID"
"5449","Idaho","multiracial",53255,5086,2018,"ID"
"5450","Idaho","hispanic",222464,387,2018,"ID"
"5451","Idaho","college",213462,7584,2018,"ID"
"5452","Idaho","masters",72465,4968,2018,"ID"
"5453","Idaho","professional",16764,2146,2018,"ID"
"5454","Idaho","doctorate",13571,1798,2018,"ID"
"5455","Idaho","poverty",203264,12603,2018,"ID"
"5456","Idaho","median_income",55583,915,2018,"ID"
"5457","Idaho","labor_force",840240,8441,2018,"ID"
"5458","Idaho","unemployed",33438,3293,2018,"ID"
"5459","Idaho","median_rent",848,16,2018,"ID"
"5460","Idaho","median_home_value",233100,3293,2018,"ID"
"5461","Illinois","median_age",38.3,0.1,2018,"IL"
"5462","Illinois","total_pop",12741080,NA,2018,"IL"
"5463","Illinois","white",9135145,26772,2018,"IL"
"5464","Illinois","black",1793079,10015,2018,"IL"
"5465","Illinois","native",35846,4591,2018,"IL"
"5466","Illinois","asian",717938,6617,2018,"IL"
"5467","Illinois","pacific",5317,1835,2018,"IL"
"5468","Illinois","other",712778,25545,2018,"IL"
"5469","Illinois","multiracial",340977,12577,2018,"IL"
"5470","Illinois","hispanic",2208868,1158,2018,"IL"
"5471","Illinois","college",1833666,19837,2018,"IL"
"5472","Illinois","masters",887459,15355,2018,"IL"
"5473","Illinois","professional",206789,7980,2018,"IL"
"5474","Illinois","doctorate",124770,5156,2018,"IL"
"5475","Illinois","poverty",1509247,32779,2018,"IL"
"5476","Illinois","median_income",65030,500,2018,"IL"
"5477","Illinois","labor_force",6662825,20701,2018,"IL"
"5478","Illinois","unemployed",368739,11752,2018,"IL"
"5479","Illinois","median_rent",995,7,2018,"IL"
"5480","Illinois","median_home_value",203400,1452,2018,"IL"
"5481","Indiana","median_age",37.8,0.2,2018,"IN"
"5482","Indiana","total_pop",6691878,NA,2018,"IN"
"5483","Indiana","white",5539927,11682,2018,"IN"
"5484","Indiana","black",637277,7405,2018,"IN"
"5485","Indiana","native",14040,2057,2018,"IN"
"5486","Indiana","asian",154220,5521,2018,"IN"
"5487","Indiana","pacific",3470,1344,2018,"IN"
"5488","Indiana","other",162303,10635,2018,"IN"
"5489","Indiana","multiracial",180641,10300,2018,"IN"
"5490","Indiana","hispanic",472419,1664,2018,"IN"
"5491","Indiana","college",771811,14407,2018,"IN"
"5492","Indiana","masters",325867,10346,2018,"IN"
"5493","Indiana","professional",65283,4892,2018,"IN"
"5494","Indiana","doctorate",48105,3840,2018,"IN"
"5495","Indiana","poverty",852638,24677,2018,"IN"
"5496","Indiana","median_income",55746,522,2018,"IN"
"5497","Indiana","labor_force",3388035,16010,2018,"IN"
"5498","Indiana","unemployed",149266,6791,2018,"IN"
"5499","Indiana","median_rent",820,6,2018,"IN"
"5500","Indiana","median_home_value",147300,1112,2018,"IN"
"5501","Iowa","median_age",38.1,0.2,2018,"IA"
"5502","Iowa","total_pop",3156145,NA,2018,"IA"
"5503","Iowa","white",2846099,5629,2018,"IA"
"5504","Iowa","black",115137,4782,2018,"IA"
"5505","Iowa","native",11494,1274,2018,"IA"
"5506","Iowa","asian",79971,3082,2018,"IA"
"5507","Iowa","pacific",3463,1362,2018,"IA"
"5508","Iowa","other",30713,5286,2018,"IA"
"5509","Iowa","multiracial",69268,5586,2018,"IA"
"5510","Iowa","hispanic",191473,901,2018,"IA"
"5511","Iowa","college",413442,8907,2018,"IA"
"5512","Iowa","masters",133905,6234,2018,"IA"
"5513","Iowa","professional",35684,2789,2018,"IA"
"5514","Iowa","doctorate",27509,2792,2018,"IA"
"5515","Iowa","poverty",343504,13910,2018,"IA"
"5516","Iowa","median_income",59955,877,2018,"IA"
"5517","Iowa","labor_force",1676716,9273,2018,"IA"
"5518","Iowa","unemployed",60717,4056,2018,"IA"
"5519","Iowa","median_rent",777,8,2018,"IA"
"5520","Iowa","median_home_value",152000,1552,2018,"IA"
"5521","Kansas","median_age",37.1,0.2,2018,"KS"
"5522","Kansas","total_pop",2911510,NA,2018,"KS"
"5523","Kansas","white",2446823,8485,2018,"KS"
"5524","Kansas","black",171141,6032,2018,"KS"
"5525","Kansas","native",26829,2776,2018,"KS"
"5526","Kansas","asian",82444,3810,2018,"KS"
"5527","Kansas","pacific",2929,2017,2018,"KS"
"5528","Kansas","other",73293,8142,2018,"KS"
"5529","Kansas","multiracial",108051,7339,2018,"KS"
"5530","Kansas","hispanic",348443,1168,2018,"KS"
"5531","Kansas","college",402368,8632,2018,"KS"
"5532","Kansas","masters",179315,6623,2018,"KS"
"5533","Kansas","professional",36989,3183,2018,"KS"
"5534","Kansas","doctorate",27471,2539,2018,"KS"
"5535","Kansas","poverty",338175,14157,2018,"KS"
"5536","Kansas","median_income",58218,773,2018,"KS"
"5537","Kansas","labor_force",1499747,10264,2018,"KS"
"5538","Kansas","unemployed",57197,4104,2018,"KS"
"5539","Kansas","median_rent",840,9,2018,"KS"
"5540","Kansas","median_home_value",159400,1838,2018,"KS"
"5541","Kentucky","median_age",39.1,0.2,2018,"KY"
"5542","Kentucky","total_pop",4468402,NA,2018,"KY"
"5543","Kentucky","white",3875023,6230,2018,"KY"
"5544","Kentucky","black",354761,6583,2018,"KY"
"5545","Kentucky","native",8470,2041,2018,"KY"
"5546","Kentucky","asian",65300,3463,2018,"KY"
"5547","Kentucky","pacific",4943,2544,2018,"KY"
"5548","Kentucky","other",51887,6124,2018,"KY"
"5549","Kentucky","multiracial",108018,7125,2018,"KY"
"5550","Kentucky","hispanic",161506,2471,2018,"KY"
"5551","Kentucky","college",442090,9338,2018,"KY"
"5552","Kentucky","masters",226181,7601,2018,"KY"
"5553","Kentucky","professional",53628,3679,2018,"KY"
"5554","Kentucky","doctorate",31886,3005,2018,"KY"
"5555","Kentucky","poverty",730408,22182,2018,"KY"
"5556","Kentucky","median_income",50247,567,2018,"KY"
"5557","Kentucky","labor_force",2105668,12732,2018,"KY"
"5558","Kentucky","unemployed",109879,6710,2018,"KY"
"5559","Kentucky","median_rent",779,9,2018,"KY"
"5560","Kentucky","median_home_value",148100,1710,2018,"KY"
"5561","Louisiana","median_age",37.3,0.2,2018,"LA"
"5562","Louisiana","total_pop",4659978,NA,2018,"LA"
"5563","Louisiana","white",2877115,7740,2018,"LA"
"5564","Louisiana","black",1509407,8957,2018,"LA"
"5565","Louisiana","native",25657,3334,2018,"LA"
"5566","Louisiana","asian",76255,3102,2018,"LA"
"5567","Louisiana","pacific",1133,750,2018,"LA"
"5568","Louisiana","other",65366,7711,2018,"LA"
"5569","Louisiana","multiracial",105045,7750,2018,"LA"
"5570","Louisiana","hispanic",239954,2568,2018,"LA"
"5571","Louisiana","college",496634,11075,2018,"LA"
"5572","Louisiana","masters",183295,7087,2018,"LA"
"5573","Louisiana","professional",49150,3046,2018,"LA"
"5574","Louisiana","doctorate",29574,3005,2018,"LA"
"5575","Louisiana","poverty",843626,23603,2018,"LA"
"5576","Louisiana","median_income",47905,740,2018,"LA"
"5577","Louisiana","labor_force",2152802,16727,2018,"LA"
"5578","Louisiana","unemployed",137130,7422,2018,"LA"
"5579","Louisiana","median_rent",854,9,2018,"LA"
"5580","Louisiana","median_home_value",167300,1737,2018,"LA"
"5581","Maine","median_age",45.1,0.2,2018,"ME"
"5582","Maine","total_pop",1338404,NA,2018,"ME"
"5583","Maine","white",1261453,1633,2018,"ME"
"5584","Maine","black",18954,1759,2018,"ME"
"5585","Maine","native",8566,1165,2018,"ME"
"5586","Maine","asian",15683,1312,2018,"ME"
"5587","Maine","pacific",465,455,2018,"ME"
"5588","Maine","other",3264,1154,2018,"ME"
"5589","Maine","multiracial",30019,2649,2018,"ME"
"5590","Maine","hispanic",22411,627,2018,"ME"
"5591","Maine","college",197489,5530,2018,"ME"
"5592","Maine","masters",79762,3887,2018,"ME"
"5593","Maine","professional",19204,1944,2018,"ME"
"5594","Maine","doctorate",13595,1736,2018,"ME"
"5595","Maine","poverty",151541,7765,2018,"ME"
"5596","Maine","median_income",55602,1326,2018,"ME"
"5597","Maine","labor_force",703405,6703,2018,"ME"
"5598","Maine","unemployed",24865,2462,2018,"ME"
"5599","Maine","median_rent",839,18,2018,"ME"
"5600","Maine","median_home_value",197500,3603,2018,"ME"
"5601","Maryland","median_age",38.8,0.1,2018,"MD"
"5602","Maryland","total_pop",6042718,NA,2018,"MD"
"5603","Maryland","white",3305047,13606,2018,"MD"
"5604","Maryland","black",1810885,9157,2018,"MD"
"5605","Maryland","native",13433,2118,2018,"MD"
"5606","Maryland","asian",378985,6008,2018,"MD"
"5607","Maryland","pacific",7311,4478,2018,"MD"
"5608","Maryland","other",304042,15437,2018,"MD"
"5609","Maryland","multiracial",223015,10957,2018,"MD"
"5610","Maryland","hispanic",628435,NA,2018,"MD"
"5611","Maryland","college",911761,15049,2018,"MD"
"5612","Maryland","masters",546260,11798,2018,"MD"
"5613","Maryland","professional",133920,6708,2018,"MD"
"5614","Maryland","doctorate",108754,4973,2018,"MD"
"5615","Maryland","poverty",528203,21054,2018,"MD"
"5616","Maryland","median_income",83242,1022,2018,"MD"
"5617","Maryland","labor_force",3251246,15610,2018,"MD"
"5618","Maryland","unemployed",160777,7617,2018,"MD"
"5619","Maryland","median_rent",1371,12,2018,"MD"
"5620","Maryland","median_home_value",324800,2183,2018,"MD"
"5621","Massachusetts","median_age",39.5,0.2,2018,"MA"
"5622","Massachusetts","total_pop",6902149,NA,2018,"MA"
"5623","Massachusetts","white",5335175,17166,2018,"MA"
"5624","Massachusetts","black",537523,9047,2018,"MA"
"5625","Massachusetts","native",16198,3481,2018,"MA"
"5626","Massachusetts","asian",472403,6144,2018,"MA"
"5627","Massachusetts","pacific",2775,899,2018,"MA"
"5628","Massachusetts","other",303331,15326,2018,"MA"
"5629","Massachusetts","multiracial",234744,12591,2018,"MA"
"5630","Massachusetts","hispanic",846780,1447,2018,"MA"
"5631","Massachusetts","college",1178868,15996,2018,"MA"
"5632","Massachusetts","masters",681633,11772,2018,"MA"
"5633","Massachusetts","professional",150773,6217,2018,"MA"
"5634","Massachusetts","doctorate",140736,5753,2018,"MA"
"5635","Massachusetts","poverty",663918,20551,2018,"MA"
"5636","Massachusetts","median_income",79835,970,2018,"MA"
"5637","Massachusetts","labor_force",3803704,15573,2018,"MA"
"5638","Massachusetts","unemployed",180720,7759,2018,"MA"
"5639","Massachusetts","median_rent",1295,16,2018,"MA"
"5640","Massachusetts","median_home_value",400700,2804,2018,"MA"
"5641","Michigan","median_age",39.8,0.1,2018,"MI"
"5642","Michigan","total_pop",9995915,NA,2018,"MI"
"5643","Michigan","white",7825285,9602,2018,"MI"
"5644","Michigan","black",1376751,8453,2018,"MI"
"5645","Michigan","native",53012,3871,2018,"MI"
"5646","Michigan","asian",325828,5390,2018,"MI"
"5647","Michigan","pacific",3907,870,2018,"MI"
"5648","Michigan","other",118467,9068,2018,"MI"
"5649","Michigan","multiracial",292665,10365,2018,"MI"
"5650","Michigan","hispanic",517381,1122,2018,"MI"
"5651","Michigan","college",1239251,15860,2018,"MI"
"5652","Michigan","masters",590176,10478,2018,"MI"
"5653","Michigan","professional",120783,5298,2018,"MI"
"5654","Michigan","doctorate",81683,4067,2018,"MI"
"5655","Michigan","poverty",1373349,26495,2018,"MI"
"5656","Michigan","median_income",56697,406,2018,"MI"
"5657","Michigan","labor_force",4973988,17551,2018,"MI"
"5658","Michigan","unemployed",265532,8679,2018,"MI"
"5659","Michigan","median_rent",861,5,2018,"MI"
"5660","Michigan","median_home_value",162500,780,2018,"MI"
"5661","Minnesota","median_age",38.2,0.2,2018,"MN"
"5662","Minnesota","total_pop",5611179,NA,2018,"MN"
"5663","Minnesota","white",4629375,8116,2018,"MN"
"5664","Minnesota","black",367653,5713,2018,"MN"
"5665","Minnesota","native",60983,3622,2018,"MN"
"5666","Minnesota","asian",273126,4461,2018,"MN"
"5667","Minnesota","pacific",2396,1082,2018,"MN"
"5668","Minnesota","other",102814,7851,2018,"MN"
"5669","Minnesota","multiracial",174832,8688,2018,"MN"
"5670","Minnesota","hispanic",308013,760,2018,"MN"
"5671","Minnesota","college",920850,12643,2018,"MN"
"5672","Minnesota","masters",337189,7914,2018,"MN"
"5673","Minnesota","professional",86399,4635,2018,"MN"
"5674","Minnesota","doctorate",53690,3140,2018,"MN"
"5675","Minnesota","poverty",529077,16528,2018,"MN"
"5676","Minnesota","median_income",70315,539,2018,"MN"
"5677","Minnesota","labor_force",3078157,12276,2018,"MN"
"5678","Minnesota","unemployed",104622,5217,2018,"MN"
"5679","Minnesota","median_rent",969,10,2018,"MN"
"5680","Minnesota","median_home_value",235400,1474,2018,"MN"
"5681","Mississippi","median_age",37.7,0.2,2018,"MS"
"5682","Mississippi","total_pop",2986530,NA,2018,"MS"
"5683","Mississippi","white",1735455,3704,2018,"MS"
"5684","Mississippi","black",1135599,6445,2018,"MS"
"5685","Mississippi","native",13234,1602,2018,"MS"
"5686","Mississippi","asian",26142,2250,2018,"MS"
"5687","Mississippi","pacific",1372,948,2018,"MS"
"5688","Mississippi","other",29778,4251,2018,"MS"
"5689","Mississippi","multiracial",44950,5616,2018,"MS"
"5690","Mississippi","hispanic",87126,1796,2018,"MS"
"5691","Mississippi","college",284701,10263,2018,"MS"
"5692","Mississippi","masters",122992,6959,2018,"MS"
"5693","Mississippi","professional",31636,3132,2018,"MS"
"5694","Mississippi","doctorate",19365,2430,2018,"MS"
"5695","Mississippi","poverty",567645,18752,2018,"MS"
"5696","Mississippi","median_income",44717,793,2018,"MS"
"5697","Mississippi","labor_force",1326206,11898,2018,"MS"
"5698","Mississippi","unemployed",94796,6019,2018,"MS"
"5699","Mississippi","median_rent",777,12,2018,"MS"
"5700","Mississippi","median_home_value",123300,2586,2018,"MS"
"5701","Missouri","median_age",38.8,0.1,2018,"MO"
"5702","Missouri","total_pop",6126452,NA,2018,"MO"
"5703","Missouri","white",5035197,7994,2018,"MO"
"5704","Missouri","black",704327,6416,2018,"MO"
"5705","Missouri","native",27705,3183,2018,"MO"
"5706","Missouri","asian",121417,3689,2018,"MO"
"5707","Missouri","pacific",7385,1417,2018,"MO"
"5708","Missouri","other",56557,6735,2018,"MO"
"5709","Missouri","multiracial",173864,7671,2018,"MO"
"5710","Missouri","hispanic",253474,2044,2018,"MO"
"5711","Missouri","college",754906,12690,2018,"MO"
"5712","Missouri","masters",351868,9048,2018,"MO"
"5713","Missouri","professional",77529,4293,2018,"MO"
"5714","Missouri","doctorate",51591,3489,2018,"MO"
"5715","Missouri","poverty",786330,21180,2018,"MO"
"5716","Missouri","median_income",54478,751,2018,"MO"
"5717","Missouri","labor_force",3049456,15316,2018,"MO"
"5718","Missouri","unemployed",127857,6162,2018,"MO"
"5719","Missouri","median_rent",830,8,2018,"MO"
"5720","Missouri","median_home_value",162600,1170,2018,"MO"
"5721","Montana","median_age",40.1,0.3,2018,"MT"
"5722","Montana","total_pop",1062305,NA,2018,"MT"
"5723","Montana","white",941438,2221,2018,"MT"
"5724","Montana","black",5056,999,2018,"MT"
"5725","Montana","native",68013,2885,2018,"MT"
"5726","Montana","asian",8517,1308,2018,"MT"
"5727","Montana","pacific",990,648,2018,"MT"
"5728","Montana","other",5828,1858,2018,"MT"
"5729","Montana","multiracial",32463,3362,2018,"MT"
"5730","Montana","hispanic",41605,885,2018,"MT"
"5731","Montana","college",152448,5193,2018,"MT"
"5732","Montana","masters",57723,3337,2018,"MT"
"5733","Montana","professional",14939,1794,2018,"MT"
"5734","Montana","doctorate",8295,1373,2018,"MT"
"5735","Montana","poverty",135114,8427,2018,"MT"
"5736","Montana","median_income",55328,1172,2018,"MT"
"5737","Montana","labor_force",542061,5803,2018,"MT"
"5738","Montana","unemployed",19003,2111,2018,"MT"
"5739","Montana","median_rent",811,19,2018,"MT"
"5740","Montana","median_home_value",249200,3832,2018,"MT"
"5741","Nebraska","median_age",36.7,0.2,2018,"NE"
"5742","Nebraska","total_pop",1929268,NA,2018,"NE"
"5743","Nebraska","white",1666990,5467,2018,"NE"
"5744","Nebraska","black",91221,3894,2018,"NE"
"5745","Nebraska","native",18555,3043,2018,"NE"
"5746","Nebraska","asian",45779,2151,2018,"NE"
"5747","Nebraska","pacific",1289,752,2018,"NE"
"5748","Nebraska","other",46473,4917,2018,"NE"
"5749","Nebraska","multiracial",58961,5128,2018,"NE"
"5750","Nebraska","hispanic",214483,719,2018,"NE"
"5751","Nebraska","college",269675,6477,2018,"NE"
"5752","Nebraska","masters",100126,4411,2018,"NE"
"5753","Nebraska","professional",23436,1958,2018,"NE"
"5754","Nebraska","doctorate",17493,1685,2018,"NE"
"5755","Nebraska","poverty",206341,9787,2018,"NE"
"5756","Nebraska","median_income",59566,1072,2018,"NE"
"5757","Nebraska","labor_force",1035219,7373,2018,"NE"
"5758","Nebraska","unemployed",35872,3241,2018,"NE"
"5759","Nebraska","median_rent",830,11,2018,"NE"
"5760","Nebraska","median_home_value",161800,1688,2018,"NE"
"5761","Nevada","median_age",38.2,0.2,2018,"NV"
"5762","Nevada","total_pop",3034392,NA,2018,"NV"
"5763","Nevada","white",1924976,16699,2018,"NV"
"5764","Nevada","black",280385,7032,2018,"NV"
"5765","Nevada","native",44666,3794,2018,"NV"
"5766","Nevada","asian",250137,5954,2018,"NV"
"5767","Nevada","pacific",19612,1707,2018,"NV"
"5768","Nevada","other",358786,16689,2018,"NV"
"5769","Nevada","multiracial",155830,9895,2018,"NV"
"5770","Nevada","hispanic",881145,NA,2018,"NV"
"5771","Nevada","college",339675,9217,2018,"NV"
"5772","Nevada","masters",124305,6404,2018,"NV"
"5773","Nevada","professional",36387,3133,2018,"NV"
"5774","Nevada","doctorate",21467,1882,2018,"NV"
"5775","Nevada","poverty",387327,14864,2018,"NV"
"5776","Nevada","median_income",58646,1133,2018,"NV"
"5777","Nevada","labor_force",1531366,10412,2018,"NV"
"5778","Nevada","unemployed",85276,5122,2018,"NV"
"5779","Nevada","median_rent",1108,12,2018,"NV"
"5780","Nevada","median_home_value",292200,3090,2018,"NV"
"5781","New Hampshire","median_age",43.1,0.2,2018,"NH"
"5782","New Hampshire","total_pop",1356458,NA,2018,"NH"
"5783","New Hampshire","white",1253931,3132,2018,"NH"
"5784","New Hampshire","black",23432,2654,2018,"NH"
"5785","New Hampshire","native",3562,1387,2018,"NH"
"5786","New Hampshire","asian",36048,2303,2018,"NH"
"5787","New Hampshire","pacific",515,486,2018,"NH"
"5788","New Hampshire","other",9013,2733,2018,"NH"
"5789","New Hampshire","multiracial",29957,3259,2018,"NH"
"5790","New Hampshire","hispanic",52648,687,2018,"NH"
"5791","New Hampshire","college",217282,6339,2018,"NH"
"5792","New Hampshire","masters",104805,4545,2018,"NH"
"5793","New Hampshire","professional",20170,2001,2018,"NH"
"5794","New Hampshire","doctorate",15322,2113,2018,"NH"
"5795","New Hampshire","poverty",100220,6538,2018,"NH"
"5796","New Hampshire","median_income",74991,1555,2018,"NH"
"5797","New Hampshire","labor_force",755907,7094,2018,"NH"
"5798","New Hampshire","unemployed",26906,2510,2018,"NH"
"5799","New Hampshire","median_rent",1090,23,2018,"NH"
"5800","New Hampshire","median_home_value",270000,3971,2018,"NH"
"5801","New Jersey","median_age",40,0.1,2018,"NJ"
"5802","New Jersey","total_pop",8908520,NA,2018,"NJ"
"5803","New Jersey","white",5956539,22413,2018,"NJ"
"5804","New Jersey","black",1207995,12788,2018,"NJ"
"5805","New Jersey","native",21131,4530,2018,"NJ"
"5806","New Jersey","asian",868213,6049,2018,"NJ"
"5807","New Jersey","pacific",2909,1258,2018,"NJ"
"5808","New Jersey","other",604334,26210,2018,"NJ"
"5809","New Jersey","multiracial",247399,16035,2018,"NJ"
"5810","New Jersey","hispanic",1839359,NA,2018,"NJ"
"5811","New Jersey","college",1535321,19376,2018,"NJ"
"5812","New Jersey","masters",707352,12368,2018,"NJ"
"5813","New Jersey","professional",176756,6899,2018,"NJ"
"5814","New Jersey","doctorate",105563,5553,2018,"NJ"
"5815","New Jersey","poverty",832133,26316,2018,"NJ"
"5816","New Jersey","median_income",81740,687,2018,"NJ"
"5817","New Jersey","labor_force",4718206,19553,2018,"NJ"
"5818","New Jersey","unemployed",230383,10087,2018,"NJ"
"5819","New Jersey","median_rent",1336,9,2018,"NJ"
"5820","New Jersey","median_home_value",344000,2091,2018,"NJ"
"5821","New Mexico","median_age",38.1,0.3,2018,"NM"
"5822","New Mexico","total_pop",2095428,NA,2018,"NM"
"5823","New Mexico","white",1599938,12680,2018,"NM"
"5824","New Mexico","black",46064,3269,2018,"NM"
"5825","New Mexico","native",200659,4124,2018,"NM"
"5826","New Mexico","asian",34155,2409,2018,"NM"
"5827","New Mexico","pacific",2465,1113,2018,"NM"
"5828","New Mexico","other",144961,10667,2018,"NM"
"5829","New Mexico","multiracial",67186,5531,2018,"NM"
"5830","New Mexico","hispanic",1029229,NA,2018,"NM"
"5831","New Mexico","college",221735,6481,2018,"NM"
"5832","New Mexico","masters",119066,6100,2018,"NM"
"5833","New Mexico","professional",24619,2390,2018,"NM"
"5834","New Mexico","doctorate",26292,2468,2018,"NM"
"5835","New Mexico","poverty",399456,16659,2018,"NM"
"5836","New Mexico","median_income",47169,900,2018,"NM"
"5837","New Mexico","labor_force",931954,9820,2018,"NM"
"5838","New Mexico","unemployed",56803,4132,2018,"NM"
"5839","New Mexico","median_rent",830,15,2018,"NM"
"5840","New Mexico","median_home_value",174700,2990,2018,"NM"
"5841","New York","median_age",39,0.1,2018,"NY"
"5842","New York","total_pop",19542209,NA,2018,"NY"
"5843","New York","white",12375601,34083,2018,"NY"
"5844","New York","black",3069259,17064,2018,"NY"
"5845","New York","native",84312,6183,2018,"NY"
"5846","New York","asian",1666113,12409,2018,"NY"
"5847","New York","pacific",9424,2807,2018,"NY"
"5848","New York","other",1689845,40232,2018,"NY"
"5849","New York","multiracial",647655,24504,2018,"NY"
"5850","New York","hispanic",3752523,891,2018,"NY"
"5851","New York","college",2846770,26540,2018,"NY"
"5852","New York","masters",1618369,20822,2018,"NY"
"5853","New York","professional",412115,10737,2018,"NY"
"5854","New York","doctorate",214212,6414,2018,"NY"
"5855","New York","poverty",2591391,46405,2018,"NY"
"5856","New York","median_income",67844,637,2018,"NY"
"5857","New York","labor_force",10004517,26210,2018,"NY"
"5858","New York","unemployed",499801,13111,2018,"NY"
"5859","New York","median_rent",1274,8,2018,"NY"
"5860","New York","median_home_value",325500,2465,2018,"NY"
"5861","North Carolina","median_age",38.9,0.2,2018,"NC"
"5862","North Carolina","total_pop",10383620,NA,2018,"NC"
"5863","North Carolina","white",7098569,17927,2018,"NC"
"5864","North Carolina","black",2222533,13581,2018,"NC"
"5865","North Carolina","native",120845,4394,2018,"NC"
"5866","North Carolina","asian",306682,5178,2018,"NC"
"5867","North Carolina","pacific",10218,3234,2018,"NC"
"5868","North Carolina","other",326630,16675,2018,"NC"
"5869","North Carolina","multiracial",298143,13105,2018,"NC"
"5870","North Carolina","hispanic",995529,373,2018,"NC"
"5871","North Carolina","college",1454678,19604,2018,"NC"
"5872","North Carolina","masters",585019,12460,2018,"NC"
"5873","North Carolina","professional",126564,5847,2018,"NC"
"5874","North Carolina","doctorate",100540,5017,2018,"NC"
"5875","North Carolina","poverty",1417873,35989,2018,"NC"
"5876","North Carolina","median_income",53855,573,2018,"NC"
"5877","North Carolina","labor_force",5125646,24910,2018,"NC"
"5878","North Carolina","unemployed",254808,8541,2018,"NC"
"5879","North Carolina","median_rent",900,8,2018,"NC"
"5880","North Carolina","median_home_value",180600,1360,2018,"NC"
"5881","North Dakota","median_age",35.4,0.3,2018,"ND"
"5882","North Dakota","total_pop",760077,NA,2018,"ND"
"5883","North Dakota","white",651687,2325,2018,"ND"
"5884","North Dakota","black",25896,1992,2018,"ND"
"5885","North Dakota","native",41270,2276,2018,"ND"
"5886","North Dakota","asian",13749,2149,2018,"ND"
"5887","North Dakota","pacific",339,360,2018,"ND"
"5888","North Dakota","other",9569,2523,2018,"ND"
"5889","North Dakota","multiracial",17567,2421,2018,"ND"
"5890","North Dakota","hispanic",27444,1653,2018,"ND"
"5891","North Dakota","college",110664,4910,2018,"ND"
"5892","North Dakota","masters",26850,2229,2018,"ND"
"5893","North Dakota","professional",6960,1290,2018,"ND"
"5894","North Dakota","doctorate",4136,865,2018,"ND"
"5895","North Dakota","poverty",78676,5987,2018,"ND"
"5896","North Dakota","median_income",63837,2324,2018,"ND"
"5897","North Dakota","labor_force",412509,5265,2018,"ND"
"5898","North Dakota","unemployed",11691,1830,2018,"ND"
"5899","North Dakota","median_rent",808,19,2018,"ND"
"5900","North Dakota","median_home_value",198700,4472,2018,"ND"
"5901","Ohio","median_age",39.5,0.1,2018,"OH"
"5902","Ohio","total_pop",11689442,NA,2018,"OH"
"5903","Ohio","white",9470940,10859,2018,"OH"
"5904","Ohio","black",1446306,12633,2018,"OH"
"5905","Ohio","native",25672,3171,2018,"OH"
"5906","Ohio","asian",271762,5995,2018,"OH"
"5907","Ohio","pacific",4228,1490,2018,"OH"
"5908","Ohio","other",112136,8017,2018,"OH"
"5909","Ohio","multiracial",358398,15444,2018,"OH"
"5910","Ohio","hispanic",455918,2640,2018,"OH"
"5911","Ohio","college",1431014,18320,2018,"OH"
"5912","Ohio","masters",660793,14777,2018,"OH"
"5913","Ohio","professional",142671,6278,2018,"OH"
"5914","Ohio","doctorate",91132,5000,2018,"OH"
"5915","Ohio","poverty",1578673,37243,2018,"OH"
"5916","Ohio","median_income",56111,425,2018,"OH"
"5917","Ohio","labor_force",5930011,21948,2018,"OH"
"5918","Ohio","unemployed",292570,8820,2018,"OH"
"5919","Ohio","median_rent",797,6,2018,"OH"
"5920","Ohio","median_home_value",151100,792,2018,"OH"
"5921","Oklahoma","median_age",36.7,0.2,2018,"OK"
"5922","Oklahoma","total_pop",3943079,NA,2018,"OK"
"5923","Oklahoma","white",2845906,8621,2018,"OK"
"5924","Oklahoma","black",287680,5620,2018,"OK"
"5925","Oklahoma","native",307183,5707,2018,"OK"
"5926","Oklahoma","asian",84694,2903,2018,"OK"
"5927","Oklahoma","pacific",3859,1187,2018,"OK"
"5928","Oklahoma","other",110013,8511,2018,"OK"
"5929","Oklahoma","multiracial",303744,9210,2018,"OK"
"5930","Oklahoma","hispanic",429079,NA,2018,"OK"
"5931","Oklahoma","college",434570,9174,2018,"OK"
"5932","Oklahoma","masters",167497,6919,2018,"OK"
"5933","Oklahoma","professional",41277,3407,2018,"OK"
"5934","Oklahoma","doctorate",24817,2433,2018,"OK"
"5935","Oklahoma","poverty",596949,16807,2018,"OK"
"5936","Oklahoma","median_income",51924,450,2018,"OK"
"5937","Oklahoma","labor_force",1873107,10320,2018,"OK"
"5938","Oklahoma","unemployed",81669,4421,2018,"OK"
"5939","Oklahoma","median_rent",808,8,2018,"OK"
"5940","Oklahoma","median_home_value",140000,1621,2018,"OK"
"5941","Oregon","median_age",39.6,0.2,2018,"OR"
"5942","Oregon","total_pop",4190713,NA,2018,"OR"
"5943","Oregon","white",3514983,11797,2018,"OR"
"5944","Oregon","black",82046,3979,2018,"OR"
"5945","Oregon","native",49051,4039,2018,"OR"
"5946","Oregon","asian",190680,5297,2018,"OR"
"5947","Oregon","pacific",18758,1929,2018,"OR"
"5948","Oregon","other",137973,11792,2018,"OR"
"5949","Oregon","multiracial",197222,8160,2018,"OR"
"5950","Oregon","hispanic",556397,NA,2018,"OR"
"5951","Oregon","college",621190,11857,2018,"OR"
"5952","Oregon","masters",266350,7715,2018,"OR"
"5953","Oregon","professional",65460,4018,2018,"OR"
"5954","Oregon","doctorate",49543,3456,2018,"OR"
"5955","Oregon","poverty",516570,19440,2018,"OR"
"5956","Oregon","median_income",63426,1056,2018,"OR"
"5957","Oregon","labor_force",2135976,12698,2018,"OR"
"5958","Oregon","unemployed",106955,5508,2018,"OR"
"5959","Oregon","median_rent",1130,13,2018,"OR"
"5960","Oregon","median_home_value",341800,2876,2018,"OR"
"5961","Pennsylvania","median_age",40.8,0.1,2018,"PA"
"5962","Pennsylvania","total_pop",12807060,NA,2018,"PA"
"5963","Pennsylvania","white",10256084,17296,2018,"PA"
"5964","Pennsylvania","black",1428406,12545,2018,"PA"
"5965","Pennsylvania","native",21418,2246,2018,"PA"
"5966","Pennsylvania","asian",455027,6288,2018,"PA"
"5967","Pennsylvania","pacific",5008,1684,2018,"PA"
"5968","Pennsylvania","other",307572,16186,2018,"PA"
"5969","Pennsylvania","multiracial",333545,13725,2018,"PA"
"5970","Pennsylvania","hispanic",974763,1237,2018,"PA"
"5971","Pennsylvania","college",1723226,17394,2018,"PA"
"5972","Pennsylvania","masters",808356,13447,2018,"PA"
"5973","Pennsylvania","professional",192203,7331,2018,"PA"
"5974","Pennsylvania","doctorate",138697,5601,2018,"PA"
"5975","Pennsylvania","poverty",1517870,30308,2018,"PA"
"5976","Pennsylvania","median_income",60905,315,2018,"PA"
"5977","Pennsylvania","labor_force",6570179,20526,2018,"PA"
"5978","Pennsylvania","unemployed",321234,9682,2018,"PA"
"5979","Pennsylvania","median_rent",927,7,2018,"PA"
"5980","Pennsylvania","median_home_value",186000,1108,2018,"PA"
"5981","Rhode Island","median_age",40,0.4,2018,"RI"
"5982","Rhode Island","total_pop",1057315,NA,2018,"RI"
"5983","Rhode Island","white",852805,9123,2018,"RI"
"5984","Rhode Island","black",70749,3938,2018,"RI"
"5985","Rhode Island","native",4341,1447,2018,"RI"
"5986","Rhode Island","asian",36064,1723,2018,"RI"
"5987","Rhode Island","pacific",883,901,2018,"RI"
"5988","Rhode Island","other",59743,7937,2018,"RI"
"5989","Rhode Island","multiracial",32730,3451,2018,"RI"
"5990","Rhode Island","hispanic",168341,NA,2018,"RI"
"5991","Rhode Island","college",147507,5576,2018,"RI"
"5992","Rhode Island","masters",78052,5106,2018,"RI"
"5993","Rhode Island","professional",16840,2297,2018,"RI"
"5994","Rhode Island","doctorate",12262,1895,2018,"RI"
"5995","Rhode Island","poverty",131205,9492,2018,"RI"
"5996","Rhode Island","median_income",64340,2058,2018,"RI"
"5997","Rhode Island","labor_force",558359,7932,2018,"RI"
"5998","Rhode Island","unemployed",30862,3253,2018,"RI"
"5999","Rhode Island","median_rent",998,28,2018,"RI"
"6000","Rhode Island","median_home_value",273800,4578,2018,"RI"
"6001","South Carolina","median_age",39.7,0.2,2018,"SC"
"6002","South Carolina","total_pop",5084127,NA,2018,"SC"
"6003","South Carolina","white",3407706,8711,2018,"SC"
"6004","South Carolina","black",1353599,9419,2018,"SC"
"6005","South Carolina","native",23672,4704,2018,"SC"
"6006","South Carolina","asian",80969,3690,2018,"SC"
"6007","South Carolina","pacific",4004,1941,2018,"SC"
"6008","South Carolina","other",92980,8350,2018,"SC"
"6009","South Carolina","multiracial",121197,9549,2018,"SC"
"6010","South Carolina","hispanic",294502,3786,2018,"SC"
"6011","South Carolina","college",627144,14001,2018,"SC"
"6012","South Carolina","masters",268230,8114,2018,"SC"
"6013","South Carolina","professional",54446,3575,2018,"SC"
"6014","South Carolina","doctorate",39515,3712,2018,"SC"
"6015","South Carolina","poverty",755215,23160,2018,"SC"
"6016","South Carolina","median_income",52306,631,2018,"SC"
"6017","South Carolina","labor_force",2444595,17507,2018,"SC"
"6018","South Carolina","unemployed",128847,6618,2018,"SC"
"6019","South Carolina","median_rent",892,12,2018,"SC"
"6020","South Carolina","median_home_value",170800,1570,2018,"SC"
"6021","South Dakota","median_age",37.2,0.3,2018,"SD"
"6022","South Dakota","total_pop",882235,NA,2018,"SD"
"6023","South Dakota","white",740870,2352,2018,"SD"
"6024","South Dakota","black",19057,2158,2018,"SD"
"6025","South Dakota","native",78068,2871,2018,"SD"
"6026","South Dakota","asian",15023,2237,2018,"SD"
"6027","South Dakota","pacific",51,77,2018,"SD"
"6028","South Dakota","other",5782,1672,2018,"SD"
"6029","South Dakota","multiracial",23384,3663,2018,"SD"
"6030","South Dakota","hispanic",33983,518,2018,"SD"
"6031","South Dakota","college",117943,4944,2018,"SD"
"6032","South Dakota","masters",36966,3191,2018,"SD"
"6033","South Dakota","professional",10011,1586,2018,"SD"
"6034","South Dakota","doctorate",5478,1025,2018,"SD"
"6035","South Dakota","poverty",111626,6667,2018,"SD"
"6036","South Dakota","median_income",56274,1454,2018,"SD"
"6037","South Dakota","labor_force",467568,6229,2018,"SD"
"6038","South Dakota","unemployed",13845,1915,2018,"SD"
"6039","South Dakota","median_rent",734,14,2018,"SD"
"6040","South Dakota","median_home_value",171500,3010,2018,"SD"
"6041","Tennessee","median_age",38.9,0.2,2018,"TN"
"6042","Tennessee","total_pop",6770010,NA,2018,"TN"
"6043","Tennessee","white",5235588,10176,2018,"TN"
"6044","Tennessee","black",1137801,10728,2018,"TN"
"6045","Tennessee","native",19136,2676,2018,"TN"
"6046","Tennessee","asian",119046,4317,2018,"TN"
"6047","Tennessee","pacific",5494,2158,2018,"TN"
"6048","Tennessee","other",101153,10106,2018,"TN"
"6049","Tennessee","multiracial",151792,8781,2018,"TN"
"6050","Tennessee","hispanic",372901,2097,2018,"TN"
"6051","Tennessee","college",801616,13331,2018,"TN"
"6052","Tennessee","masters",328826,10234,2018,"TN"
"6053","Tennessee","professional",86098,5772,2018,"TN"
"6054","Tennessee","doctorate",58885,3953,2018,"TN"
"6055","Tennessee","poverty",1011016,27948,2018,"TN"
"6056","Tennessee","median_income",52375,489,2018,"TN"
"6057","Tennessee","labor_force",3315104,17813,2018,"TN"
"6058","Tennessee","unemployed",181951,7816,2018,"TN"
"6059","Tennessee","median_rent",861,7,2018,"TN"
"6060","Tennessee","median_home_value",177500,1856,2018,"TN"
"6061","Texas","median_age",34.9,0.1,2018,"TX"
"6062","Texas","total_pop",28701845,NA,2018,"TX"
"6063","Texas","white",21099066,40621,2018,"TX"
"6064","Texas","black",3527027,21372,2018,"TX"
"6065","Texas","native",149997,12706,2018,"TX"
"6066","Texas","asian",1430857,9655,2018,"TX"
"6067","Texas","pacific",21463,3103,2018,"TX"
"6068","Texas","other",1709445,37101,2018,"TX"
"6069","Texas","multiracial",763990,22649,2018,"TX"
"6070","Texas","hispanic",11368844,NA,2018,"TX"
"6071","Texas","college",3627047,31015,2018,"TX"
"6072","Texas","masters",1438527,23390,2018,"TX"
"6073","Texas","professional",313592,10870,2018,"TX"
"6074","Texas","doctorate",221611,8767,2018,"TX"
"6075","Texas","poverty",4180675,65525,2018,"TX"
"6076","Texas","median_income",60629,279,2018,"TX"
"6077","Texas","labor_force",14185653,36802,2018,"TX"
"6078","Texas","unemployed",694485,16706,2018,"TX"
"6079","Texas","median_rent",1046,5,2018,"TX"
"6080","Texas","median_home_value",186000,1168,2018,"TX"
"6081","Utah","median_age",31,0.2,2018,"UT"
"6082","Utah","total_pop",3161105,NA,2018,"UT"
"6083","Utah","white",2708195,10034,2018,"UT"
"6084","Utah","black",40365,3450,2018,"UT"
"6085","Utah","native",34678,3615,2018,"UT"
"6086","Utah","asian",75898,3242,2018,"UT"
"6087","Utah","pacific",29362,2108,2018,"UT"
"6088","Utah","other",171456,10855,2018,"UT"
"6089","Utah","multiracial",101151,6568,2018,"UT"
"6090","Utah","hispanic",450220,NA,2018,"UT"
"6091","Utah","college",427561,9394,2018,"UT"
"6092","Utah","masters",160409,6293,2018,"UT"
"6093","Utah","professional",36599,2867,2018,"UT"
"6094","Utah","doctorate",27876,2176,2018,"UT"
"6095","Utah","poverty",280773,15853,2018,"UT"
"6096","Utah","median_income",71414,741,2018,"UT"
"6097","Utah","labor_force",1583737,9080,2018,"UT"
"6098","Utah","unemployed",50175,3854,2018,"UT"
"6099","Utah","median_rent",1043,15,2018,"UT"
"6100","Utah","median_home_value",303300,3085,2018,"UT"
"6101","Vermont","median_age",43.1,0.3,2018,"VT"
"6102","Vermont","total_pop",626299,NA,2018,"VT"
"6103","Vermont","white",589337,1241,2018,"VT"
"6104","Vermont","black",7621,1306,2018,"VT"
"6105","Vermont","native",1743,729,2018,"VT"
"6106","Vermont","asian",11859,1196,2018,"VT"
"6107","Vermont","pacific",139,220,2018,"VT"
"6108","Vermont","other",2815,938,2018,"VT"
"6109","Vermont","multiracial",12785,1710,2018,"VT"
"6110","Vermont","hispanic",12450,575,2018,"VT"
"6111","Vermont","college",103068,4007,2018,"VT"
"6112","Vermont","masters",49452,2775,2018,"VT"
"6113","Vermont","professional",10821,1437,2018,"VT"
"6114","Vermont","doctorate",9248,1358,2018,"VT"
"6115","Vermont","poverty",66013,5347,2018,"VT"
"6116","Vermont","median_income",60782,1551,2018,"VT"
"6117","Vermont","labor_force",344075,4777,2018,"VT"
"6118","Vermont","unemployed",13128,1549,2018,"VT"
"6119","Vermont","median_rent",969,29,2018,"VT"
"6120","Vermont","median_home_value",233100,4924,2018,"VT"
"6121","Virginia","median_age",38.3,0.1,2018,"VA"
"6122","Virginia","total_pop",8517685,NA,2018,"VA"
"6123","Virginia","white",5737580,15329,2018,"VA"
"6124","Virginia","black",1631512,12981,2018,"VA"
"6125","Virginia","native",22265,3362,2018,"VA"
"6126","Virginia","asian",555422,8506,2018,"VA"
"6127","Virginia","pacific",5659,1226,2018,"VA"
"6128","Virginia","other",215743,13057,2018,"VA"
"6129","Virginia","multiracial",349504,14736,2018,"VA"
"6130","Virginia","hispanic",812810,3129,2018,"VA"
"6131","Virginia","college",1296041,21309,2018,"VA"
"6132","Virginia","masters",731653,15812,2018,"VA"
"6133","Virginia","professional",153341,6404,2018,"VA"
"6134","Virginia","doctorate",109422,5488,2018,"VA"
"6135","Virginia","poverty",884647,27692,2018,"VA"
"6136","Virginia","median_income",72577,686,2018,"VA"
"6137","Virginia","labor_force",4364136,19061,2018,"VA"
"6138","Virginia","unemployed",183221,7622,2018,"VA"
"6139","Virginia","median_rent",1215,12,2018,"VA"
"6140","Virginia","median_home_value",281700,1804,2018,"VA"
"6141","Washington","median_age",37.7,0.2,2018,"WA"
"6142","Washington","total_pop",7535591,NA,2018,"WA"
"6143","Washington","white",5633263,17384,2018,"WA"
"6144","Washington","black",291808,8442,2018,"WA"
"6145","Washington","native",97329,6465,2018,"WA"
"6146","Washington","asian",661781,8253,2018,"WA"
"6147","Washington","pacific",53924,2794,2018,"WA"
"6148","Washington","other",344853,17208,2018,"WA"
"6149","Washington","multiracial",452633,15689,2018,"WA"
"6150","Washington","hispanic",970353,NA,2018,"WA"
"6151","Washington","college",1187508,17071,2018,"WA"
"6152","Washington","masters",524199,12480,2018,"WA"
"6153","Washington","professional",115719,4022,2018,"WA"
"6154","Washington","doctorate",85678,4533,2018,"WA"
"6155","Washington","poverty",759013,23800,2018,"WA"
"6156","Washington","median_income",74073,697,2018,"WA"
"6157","Washington","labor_force",3858829,19261,2018,"WA"
"6158","Washington","unemployed",166229,6968,2018,"WA"
"6159","Washington","median_rent",1316,12,2018,"WA"
"6160","Washington","median_home_value",373100,2028,2018,"WA"
"6161","West Virginia","median_age",42.8,0.2,2018,"WV"
"6162","West Virginia","total_pop",1805832,NA,2018,"WV"
"6163","West Virginia","white",1679773,2458,2018,"WV"
"6164","West Virginia","black",68679,2800,2018,"WV"
"6165","West Virginia","native",2629,839,2018,"WV"
"6166","West Virginia","asian",13459,2008,2018,"WV"
"6167","West Virginia","pacific",451,352,2018,"WV"
"6168","West Virginia","other",6430,2273,2018,"WV"
"6169","West Virginia","multiracial",34411,2884,2018,"WV"
"6170","West Virginia","hispanic",25569,1724,2018,"WV"
"6171","West Virginia","college",163614,6306,2018,"WV"
"6172","West Virginia","masters",76634,4381,2018,"WV"
"6173","West Virginia","professional",18825,2172,2018,"WV"
"6174","West Virginia","doctorate",14030,2055,2018,"WV"
"6175","West Virginia","poverty",312188,15244,2018,"WV"
"6176","West Virginia","median_income",44097,1016,2018,"WV"
"6177","West Virginia","labor_force",787456,8505,2018,"WV"
"6178","West Virginia","unemployed",45639,3675,2018,"WV"
"6179","West Virginia","median_rent",735,12,2018,"WV"
"6180","West Virginia","median_home_value",121300,2213,2018,"WV"
"6181","Wisconsin","median_age",39.6,0.2,2018,"WI"
"6182","Wisconsin","total_pop",5813568,NA,2018,"WI"
"6183","Wisconsin","white",4957243,8755,2018,"WI"
"6184","Wisconsin","black",370632,6232,2018,"WI"
"6185","Wisconsin","native",50364,2531,2018,"WI"
"6186","Wisconsin","asian",165380,4021,2018,"WI"
"6187","Wisconsin","pacific",1961,533,2018,"WI"
"6188","Wisconsin","other",121475,8843,2018,"WI"
"6189","Wisconsin","multiracial",146513,8731,2018,"WI"
"6190","Wisconsin","hispanic",403833,556,2018,"WI"
"6191","Wisconsin","college",775533,10334,2018,"WI"
"6192","Wisconsin","masters",299862,6813,2018,"WI"
"6193","Wisconsin","professional",70906,3780,2018,"WI"
"6194","Wisconsin","doctorate",51775,3257,2018,"WI"
"6195","Wisconsin","poverty",625826,17423,2018,"WI"
"6196","Wisconsin","median_income",60773,391,2018,"WI"
"6197","Wisconsin","labor_force",3091944,12008,2018,"WI"
"6198","Wisconsin","unemployed",98228,4756,2018,"WI"
"6199","Wisconsin","median_rent",847,6,2018,"WI"
"6200","Wisconsin","median_home_value",188500,1266,2018,"WI"
"6201","Wyoming","median_age",38.5,0.3,2018,"WY"
"6202","Wyoming","total_pop",577737,NA,2018,"WY"
"6203","Wyoming","white",528453,2729,2018,"WY"
"6204","Wyoming","black",3667,1164,2018,"WY"
"6205","Wyoming","native",16185,1713,2018,"WY"
"6206","Wyoming","asian",5807,1077,2018,"WY"
"6207","Wyoming","pacific",1111,877,2018,"WY"
"6208","Wyoming","other",8798,2427,2018,"WY"
"6209","Wyoming","multiracial",13716,2127,2018,"WY"
"6210","Wyoming","hispanic",57895,565,2018,"WY"
"6211","Wyoming","college",66449,4630,2018,"WY"
"6212","Wyoming","masters",28596,3003,2018,"WY"
"6213","Wyoming","professional",5523,1067,2018,"WY"
"6214","Wyoming","doctorate",5015,1271,2018,"WY"
"6215","Wyoming","poverty",62301,6775,2018,"WY"
"6216","Wyoming","median_income",61584,1401,2018,"WY"
"6217","Wyoming","labor_force",299120,5445,2018,"WY"
"6218","Wyoming","unemployed",11684,1906,2018,"WY"
"6219","Wyoming","median_rent",818,32,2018,"WY"
"6220","Wyoming","median_home_value",230500,4260,2018,"WY"
"6221","Puerto Rico","median_age",42.9,0.2,2018,"PR"
"6222","Puerto Rico","total_pop",3195153,NA,2018,"PR"
"6223","Puerto Rico","white",2079304,22148,2018,"PR"
"6224","Puerto Rico","black",400936,17309,2018,"PR"
"6225","Puerto Rico","native",4013,1404,2018,"PR"
"6226","Puerto Rico","asian",5144,1803,2018,"PR"
"6227","Puerto Rico","pacific",767,976,2018,"PR"
"6228","Puerto Rico","other",551773,17132,2018,"PR"
"6229","Puerto Rico","multiracial",153216,9563,2018,"PR"
"6230","Puerto Rico","hispanic",3154017,4708,2018,"PR"
"6231","Puerto Rico","college",430692,10597,2018,"PR"
"6232","Puerto Rico","masters",120713,6497,2018,"PR"
"6233","Puerto Rico","professional",32733,3322,2018,"PR"
"6234","Puerto Rico","doctorate",26565,2950,2018,"PR"
"6235","Puerto Rico","poverty",1363666,23647,2018,"PR"
"6236","Puerto Rico","median_income",20296,426,2018,"PR"
"6237","Puerto Rico","labor_force",1182648,12997,2018,"PR"
"6238","Puerto Rico","unemployed",178219,8193,2018,"PR"
"6239","Puerto Rico","median_rent",484,10,2018,"PR"
"6240","Puerto Rico","median_home_value",110800,1053,2018,"PR"
"6241","Alabama","median_age",38.9,0.2,2017,"AL"
"6242","Alabama","total_pop",4874747,NA,2017,"AL"
"6243","Alabama","white",3312718,7193,2017,"AL"
"6244","Alabama","black",1307467,6809,2017,"AL"
"6245","Alabama","native",25181,3067,2017,"AL"
"6246","Alabama","asian",66908,2994,2017,"AL"
"6247","Alabama","pacific",1581,800,2017,"AL"
"6248","Alabama","other",67308,6742,2017,"AL"
"6249","Alabama","multiracial",93584,6810,2017,"AL"
"6250","Alabama","hispanic",201970,2353,2017,"AL"
"6251","Alabama","college",528019,10136,2017,"AL"
"6252","Alabama","masters",228314,6902,2017,"AL"
"6253","Alabama","professional",51819,3781,2017,"AL"
"6254","Alabama","doctorate",36552,2923,2017,"AL"
"6255","Alabama","poverty",802656,24897,2017,"AL"
"6256","Alabama","median_income",48123,768,2017,"AL"
"6257","Alabama","labor_force",2194187,16557,2017,"AL"
"6258","Alabama","unemployed",128302,6480,2017,"AL"
"6259","Alabama","median_rent",750,11,2017,"AL"
"6260","Alabama","median_home_value",141300,1758,2017,"AL"
"6261","Alaska","median_age",34.5,0.3,2017,"AK"
"6262","Alaska","total_pop",739795,NA,2017,"AK"
"6263","Alaska","white",474856,3312,2017,"AK"
"6264","Alaska","black",22107,1923,2017,"AK"
"6265","Alaska","native",109948,4628,2017,"AK"
"6266","Alaska","asian",49385,2179,2017,"AK"
"6267","Alaska","pacific",8830,643,2017,"AK"
"6268","Alaska","other",11279,2328,2017,"AK"
"6269","Alaska","multiracial",63390,5290,2017,"AK"
"6270","Alaska","hispanic",51712,110,2017,"AK"
"6271","Alaska","college",86444,4760,2017,"AK"
"6272","Alaska","masters",37005,2673,2017,"AK"
"6273","Alaska","professional",10673,1723,2017,"AK"
"6274","Alaska","doctorate",4562,974,2017,"AK"
"6275","Alaska","poverty",80012,7303,2017,"AK"
"6276","Alaska","median_income",73181,2628,2017,"AK"
"6277","Alaska","labor_force",373249,5136,2017,"AK"
"6278","Alaska","unemployed",28267,2745,2017,"AK"
"6279","Alaska","median_rent",1201,41,2017,"AK"
"6280","Alaska","median_home_value",273100,5087,2017,"AK"
"6281","Arizona","median_age",37.7,0.1,2017,"AZ"
"6282","Arizona","total_pop",7016270,NA,2017,"AZ"
"6283","Arizona","white",5442417,25445,2017,"AZ"
"6284","Arizona","black",307655,6923,2017,"AZ"
"6285","Arizona","native",317974,8724,2017,"AZ"
"6286","Arizona","asian",232517,4814,2017,"AZ"
"6287","Arizona","pacific",16453,2059,2017,"AZ"
"6288","Arizona","other",432853,21141,2017,"AZ"
"6289","Arizona","multiracial",266401,12035,2017,"AZ"
"6290","Arizona","hispanic",2202173,NA,2017,"AZ"
"6291","Arizona","college",863062,15327,2017,"AZ"
"6292","Arizona","masters",373079,9412,2017,"AZ"
"6293","Arizona","professional",90457,5301,2017,"AZ"
"6294","Arizona","doctorate",56494,3946,2017,"AZ"
"6295","Arizona","poverty",1018935,28419,2017,"AZ"
"6296","Arizona","median_income",56581,516,2017,"AZ"
"6297","Arizona","labor_force",3318675,16144,2017,"AZ"
"6298","Arizona","unemployed",192721,9109,2017,"AZ"
"6299","Arizona","median_rent",1020,9,2017,"AZ"
"6300","Arizona","median_home_value",223400,1876,2017,"AZ"
"6301","Arkansas","median_age",38.1,0.3,2017,"AR"
"6302","Arkansas","total_pop",3004279,NA,2017,"AR"
"6303","Arkansas","white",2293307,7105,2017,"AR"
"6304","Arkansas","black",458367,5104,2017,"AR"
"6305","Arkansas","native",19110,2399,2017,"AR"
"6306","Arkansas","asian",47885,3261,2017,"AR"
"6307","Arkansas","pacific",8551,1976,2017,"AR"
"6308","Arkansas","other",91890,7755,2017,"AR"
"6309","Arkansas","multiracial",85169,5704,2017,"AR"
"6310","Arkansas","hispanic",223764,1357,2017,"AR"
"6311","Arkansas","college",301294,8647,2017,"AR"
"6312","Arkansas","masters",116823,5615,2017,"AR"
"6313","Arkansas","professional",30772,3043,2017,"AR"
"6314","Arkansas","doctorate",21225,2331,2017,"AR"
"6315","Arkansas","poverty",478365,17030,2017,"AR"
"6316","Arkansas","median_income",45869,760,2017,"AR"
"6317","Arkansas","labor_force",1373376,12065,2017,"AR"
"6318","Arkansas","unemployed",76495,4752,2017,"AR"
"6319","Arkansas","median_rent",711,10,2017,"AR"
"6320","Arkansas","median_home_value",128500,1841,2017,"AR"
"6321","California","median_age",36.5,0.2,2017,"CA"
"6322","California","total_pop",39536653,NA,2017,"CA"
"6323","California","white",23181769,68345,2017,"CA"
"6324","California","black",2271917,19745,2017,"CA"
"6325","California","native",313859,12442,2017,"CA"
"6326","California","asian",5765305,20570,2017,"CA"
"6327","California","pacific",153923,5688,2017,"CA"
"6328","California","other",5911803,64869,2017,"CA"
"6329","California","multiracial",1938077,38582,2017,"CA"
"6330","California","hispanic",15477306,NA,2017,"CA"
"6331","California","college",5616449,40234,2017,"CA"
"6332","California","masters",2286009,24642,2017,"CA"
"6333","California","professional",649019,14445,2017,"CA"
"6334","California","doctorate",424770,10352,2017,"CA"
"6335","California","poverty",5160208,71947,2017,"CA"
"6336","California","median_income",71805,294,2017,"CA"
"6337","California","labor_force",19936052,43965,2017,"CA"
"6338","California","unemployed",1178551,20290,2017,"CA"
"6339","California","median_rent",1447,5,2017,"CA"
"6340","California","median_home_value",509400,2199,2017,"CA"
"6341","Colorado","median_age",36.8,0.2,2017,"CO"
"6342","Colorado","total_pop",5607154,NA,2017,"CO"
"6343","Colorado","white",4720495,13280,2017,"CO"
"6344","Colorado","black",229436,6270,2017,"CO"
"6345","Colorado","native",56792,4293,2017,"CO"
"6346","Colorado","asian",179251,4255,2017,"CO"
"6347","Colorado","pacific",8400,1808,2017,"CO"
"6348","Colorado","other",219189,11815,2017,"CO"
"6349","Colorado","multiracial",193591,10824,2017,"CO"
"6350","Colorado","hispanic",1206724,NA,2017,"CO"
"6351","Colorado","college",994894,11943,2017,"CO"
"6352","Colorado","masters",421760,10057,2017,"CO"
"6353","Colorado","professional",91918,4622,2017,"CO"
"6354","Colorado","doctorate",66125,4602,2017,"CO"
"6355","Colorado","poverty",564312,17223,2017,"CO"
"6356","Colorado","median_income",69117,780,2017,"CO"
"6357","Colorado","labor_force",3027185,16683,2017,"CO"
"6358","Colorado","unemployed",127259,6272,2017,"CO"
"6359","Colorado","median_rent",1240,13,2017,"CO"
"6360","Colorado","median_home_value",348900,2122,2017,"CO"
"6361","Connecticut","median_age",40.9,0.2,2017,"CT"
"6362","Connecticut","total_pop",3588184,NA,2017,"CT"
"6363","Connecticut","white",2723013,12447,2017,"CT"
"6364","Connecticut","black",380578,7306,2017,"CT"
"6365","Connecticut","native",11268,2350,2017,"CT"
"6366","Connecticut","asian",163924,3110,2017,"CT"
"6367","Connecticut","pacific",525,407,2017,"CT"
"6368","Connecticut","other",191373,12750,2017,"CT"
"6369","Connecticut","multiracial",117503,7644,2017,"CT"
"6370","Connecticut","hispanic",578833,NA,2017,"CT"
"6371","Connecticut","college",533791,10420,2017,"CT"
"6372","Connecticut","masters",311043,7706,2017,"CT"
"6373","Connecticut","professional",76815,3821,2017,"CT"
"6374","Connecticut","doctorate",42958,3508,2017,"CT"
"6375","Connecticut","poverty",334128,18741,2017,"CT"
"6376","Connecticut","median_income",74168,1345,2017,"CT"
"6377","Connecticut","labor_force",1922383,13508,2017,"CT"
"6378","Connecticut","unemployed",117360,6268,2017,"CT"
"6379","Connecticut","median_rent",1125,13,2017,"CT"
"6380","Connecticut","median_home_value",273100,2088,2017,"CT"
"6381","Delaware","median_age",40.1,0.3,2017,"DE"
"6382","Delaware","total_pop",961939,NA,2017,"DE"
"6383","Delaware","white",662084,4020,2017,"DE"
"6384","Delaware","black",210356,3797,2017,"DE"
"6385","Delaware","native",2729,778,2017,"DE"
"6386","Delaware","asian",38930,1658,2017,"DE"
"6387","Delaware","pacific",244,214,2017,"DE"
"6388","Delaware","other",18372,3423,2017,"DE"
"6389","Delaware","multiracial",29224,3620,2017,"DE"
"6390","Delaware","hispanic",89540,NA,2017,"DE"
"6391","Delaware","college",121442,5053,2017,"DE"
"6392","Delaware","masters",65823,3892,2017,"DE"
"6393","Delaware","professional",12528,2114,2017,"DE"
"6394","Delaware","doctorate",12290,1997,2017,"DE"
"6395","Delaware","poverty",126986,9341,2017,"DE"
"6396","Delaware","median_income",62852,2464,2017,"DE"
"6397","Delaware","labor_force",460676,6448,2017,"DE"
"6398","Delaware","unemployed",24300,3055,2017,"DE"
"6399","Delaware","median_rent",1086,22,2017,"DE"
"6400","Delaware","median_home_value",252800,5052,2017,"DE"
"6401","District of Columbia","median_age",34,0.2,2017,"DC"
"6402","District of Columbia","total_pop",693972,NA,2017,"DC"
"6403","District of Columbia","white",284536,4734,2017,"DC"
"6404","District of Columbia","black",318220,3042,2017,"DC"
"6405","District of Columbia","native",1690,463,2017,"DC"
"6406","District of Columbia","asian",28499,1656,2017,"DC"
"6407","District of Columbia","pacific",302,209,2017,"DC"
"6408","District of Columbia","other",40116,5076,2017,"DC"
"6409","District of Columbia","multiracial",20609,3240,2017,"DC"
"6410","District of Columbia","hispanic",76526,NA,2017,"DC"
"6411","District of Columbia","college",118172,5279,2017,"DC"
"6412","District of Columbia","masters",103144,5381,2017,"DC"
"6413","District of Columbia","professional",39893,2834,2017,"DC"
"6414","District of Columbia","doctorate",22310,2391,2017,"DC"
"6415","District of Columbia","poverty",109920,7135,2017,"DC"
"6416","District of Columbia","median_income",82372,2651,2017,"DC"
"6417","District of Columbia","labor_force",405506,6192,2017,"DC"
"6418","District of Columbia","unemployed",26726,2853,2017,"DC"
"6419","District of Columbia","median_rent",1499,35,2017,"DC"
"6420","District of Columbia","median_home_value",607200,19159,2017,"DC"
"6421","Florida","median_age",42,0.2,2017,"FL"
"6422","Florida","total_pop",20984400,NA,2017,"FL"
"6423","Florida","white",15768315,33431,2017,"FL"
"6424","Florida","black",3394508,19514,2017,"FL"
"6425","Florida","native",63635,6958,2017,"FL"
"6426","Florida","asian",588087,7774,2017,"FL"
"6427","Florida","pacific",13937,3557,2017,"FL"
"6428","Florida","other",602032,29652,2017,"FL"
"6429","Florida","multiracial",553886,21776,2017,"FL"
"6430","Florida","hispanic",5370860,461,2017,"FL"
"6431","Florida","college",2839500,31510,2017,"FL"
"6432","Florida","masters",1127371,18713,2017,"FL"
"6433","Florida","professional",315744,8694,2017,"FL"
"6434","Florida","doctorate",171877,6541,2017,"FL"
"6435","Florida","poverty",2889506,57828,2017,"FL"
"6436","Florida","median_income",52594,364,2017,"FL"
"6437","Florida","labor_force",10040987,32824,2017,"FL"
"6438","Florida","unemployed",552245,13813,2017,"FL"
"6439","Florida","median_rent",1128,5,2017,"FL"
"6440","Florida","median_home_value",214000,1255,2017,"FL"
"6441","Georgia","median_age",36.8,0.1,2017,"GA"
"6442","Georgia","total_pop",10429379,NA,2017,"GA"
"6443","Georgia","white",6122956,19518,2017,"GA"
"6444","Georgia","black",3292061,14889,2017,"GA"
"6445","Georgia","native",36855,4978,2017,"GA"
"6446","Georgia","asian",410915,7362,2017,"GA"
"6447","Georgia","pacific",8594,4808,2017,"GA"
"6448","Georgia","other",271833,18068,2017,"GA"
"6449","Georgia","multiracial",286165,15074,2017,"GA"
"6450","Georgia","hispanic",1001472,3345,2017,"GA"
"6451","Georgia","college",1311611,19917,2017,"GA"
"6452","Georgia","masters",585455,14496,2017,"GA"
"6453","Georgia","professional",147724,6921,2017,"GA"
"6454","Georgia","doctorate",86688,5177,2017,"GA"
"6455","Georgia","poverty",1517702,49244,2017,"GA"
"6456","Georgia","median_income",56183,572,2017,"GA"
"6457","Georgia","labor_force",5137885,25556,2017,"GA"
"6458","Georgia","unemployed",296040,11224,2017,"GA"
"6459","Georgia","median_rent",958,8,2017,"GA"
"6460","Georgia","median_home_value",173700,1013,2017,"GA"
"6461","Hawaii","median_age",39.2,0.2,2017,"HI"
"6462","Hawaii","total_pop",1427538,NA,2017,"HI"
"6463","Hawaii","white",357113,4528,2017,"HI"
"6464","Hawaii","black",23386,2357,2017,"HI"
"6465","Hawaii","native",2661,899,2017,"HI"
"6466","Hawaii","asian",545639,8663,2017,"HI"
"6467","Hawaii","pacific",145271,6984,2017,"HI"
"6468","Hawaii","other",21476,3232,2017,"HI"
"6469","Hawaii","multiracial",331992,12399,2017,"HI"
"6470","Hawaii","hispanic",150125,NA,2017,"HI"
"6471","Hawaii","college",216993,6938,2017,"HI"
"6472","Hawaii","masters",77325,5259,2017,"HI"
"6473","Hawaii","professional",21497,2037,2017,"HI"
"6474","Hawaii","doctorate",12865,1604,2017,"HI"
"6475","Hawaii","poverty",132549,8537,2017,"HI"
"6476","Hawaii","median_income",77765,1795,2017,"HI"
"6477","Hawaii","labor_force",710267,8091,2017,"HI"
"6478","Hawaii","unemployed",29762,2742,2017,"HI"
"6479","Hawaii","median_rent",1573,36,2017,"HI"
"6480","Hawaii","median_home_value",617400,9241,2017,"HI"
"6481","Idaho","median_age",36.3,0.2,2017,"ID"
"6482","Idaho","total_pop",1716943,NA,2017,"ID"
"6483","Idaho","white",1546011,8292,2017,"ID"
"6484","Idaho","black",11347,2676,2017,"ID"
"6485","Idaho","native",21589,2376,2017,"ID"
"6486","Idaho","asian",23113,3357,2017,"ID"
"6487","Idaho","pacific",3079,1199,2017,"ID"
"6488","Idaho","other",59093,7378,2017,"ID"
"6489","Idaho","multiracial",52711,6054,2017,"ID"
"6490","Idaho","hispanic",213619,555,2017,"ID"
"6491","Idaho","college",202800,6832,2017,"ID"
"6492","Idaho","masters",66560,4250,2017,"ID"
"6493","Idaho","professional",14146,1978,2017,"ID"
"6494","Idaho","doctorate",14152,1961,2017,"ID"
"6495","Idaho","poverty",216309,12513,2017,"ID"
"6496","Idaho","median_income",52225,871,2017,"ID"
"6497","Idaho","labor_force",820913,8848,2017,"ID"
"6498","Idaho","unemployed",34000,3496,2017,"ID"
"6499","Idaho","median_rent",822,16,2017,"ID"
"6500","Idaho","median_home_value",207100,3368,2017,"ID"
"6501","Illinois","median_age",38,0.1,2017,"IL"
"6502","Illinois","total_pop",12802023,NA,2017,"IL"
"6503","Illinois","white",9119912,26997,2017,"IL"
"6504","Illinois","black",1818986,10407,2017,"IL"
"6505","Illinois","native",29910,4796,2017,"IL"
"6506","Illinois","asian",694968,6277,2017,"IL"
"6507","Illinois","pacific",4860,1837,2017,"IL"
"6508","Illinois","other",797916,26426,2017,"IL"
"6509","Illinois","multiracial",335471,13189,2017,"IL"
"6510","Illinois","hispanic",2206927,1564,2017,"IL"
"6511","Illinois","college",1829903,18718,2017,"IL"
"6512","Illinois","masters",857509,15987,2017,"IL"
"6513","Illinois","professional",195094,6962,2017,"IL"
"6514","Illinois","doctorate",115299,5680,2017,"IL"
"6515","Illinois","poverty",1569753,35647,2017,"IL"
"6516","Illinois","median_income",62992,544,2017,"IL"
"6517","Illinois","labor_force",6642821,23475,2017,"IL"
"6518","Illinois","unemployed",407967,12216,2017,"IL"
"6519","Illinois","median_rent",974,6,2017,"IL"
"6520","Illinois","median_home_value",195300,1257,2017,"IL"
"6521","Indiana","median_age",37.7,0.2,2017,"IN"
"6522","Indiana","total_pop",6666818,NA,2017,"IN"
"6523","Indiana","white",5577897,9067,2017,"IN"
"6524","Indiana","black",623961,6948,2017,"IN"
"6525","Indiana","native",12397,1742,2017,"IN"
"6526","Indiana","asian",148366,4377,2017,"IN"
"6527","Indiana","pacific",1441,727,2017,"IN"
"6528","Indiana","other",125725,8655,2017,"IN"
"6529","Indiana","multiracial",177031,8148,2017,"IN"
"6530","Indiana","hispanic",461618,1780,2017,"IN"
"6531","Indiana","college",753268,13970,2017,"IN"
"6532","Indiana","masters",320548,8855,2017,"IN"
"6533","Indiana","professional",65072,4763,2017,"IN"
"6534","Indiana","doctorate",50570,3910,2017,"IN"
"6535","Indiana","poverty",871247,27337,2017,"IN"
"6536","Indiana","median_income",54181,658,2017,"IN"
"6537","Indiana","labor_force",3342800,16352,2017,"IN"
"6538","Indiana","unemployed",158556,6552,2017,"IN"
"6539","Indiana","median_rent",793,6,2017,"IN"
"6540","Indiana","median_home_value",141100,1049,2017,"IN"
"6541","Iowa","median_age",38.3,0.2,2017,"IA"
"6542","Iowa","total_pop",3145711,NA,2017,"IA"
"6543","Iowa","white",2831066,5732,2017,"IA"
"6544","Iowa","black",107076,4342,2017,"IA"
"6545","Iowa","native",10791,2128,2017,"IA"
"6546","Iowa","asian",81714,2862,2017,"IA"
"6547","Iowa","pacific",5876,2224,2017,"IA"
"6548","Iowa","other",41459,5461,2017,"IA"
"6549","Iowa","multiracial",67729,5542,2017,"IA"
"6550","Iowa","hispanic",185746,1391,2017,"IA"
"6551","Iowa","college",406630,8590,2017,"IA"
"6552","Iowa","masters",141796,5114,2017,"IA"
"6553","Iowa","professional",32274,2699,2017,"IA"
"6554","Iowa","doctorate",25120,2483,2017,"IA"
"6555","Iowa","poverty",326636,11546,2017,"IA"
"6556","Iowa","median_income",58570,851,2017,"IA"
"6557","Iowa","labor_force",1679790,8618,2017,"IA"
"6558","Iowa","unemployed",60190,4018,2017,"IA"
"6559","Iowa","median_rent",760,9,2017,"IA"
"6560","Iowa","median_home_value",149100,1674,2017,"IA"
"6561","Kansas","median_age",36.7,0.2,2017,"KS"
"6562","Kansas","total_pop",2913123,NA,2017,"KS"
"6563","Kansas","white",2462215,8017,2017,"KS"
"6564","Kansas","black",167207,5245,2017,"KS"
"6565","Kansas","native",21426,2982,2017,"KS"
"6566","Kansas","asian",85840,3241,2017,"KS"
"6567","Kansas","pacific",3712,1793,2017,"KS"
"6568","Kansas","other",71385,7823,2017,"KS"
"6569","Kansas","multiracial",101338,6084,2017,"KS"
"6570","Kansas","hispanic",345510,919,2017,"KS"
"6571","Kansas","college",403542,8004,2017,"KS"
"6572","Kansas","masters",180331,6208,2017,"KS"
"6573","Kansas","professional",35827,2951,2017,"KS"
"6574","Kansas","doctorate",23042,2025,2017,"KS"
"6575","Kansas","poverty",336487,14398,2017,"KS"
"6576","Kansas","median_income",56422,702,2017,"KS"
"6577","Kansas","labor_force",1499885,9261,2017,"KS"
"6578","Kansas","unemployed",63084,3642,2017,"KS"
"6579","Kansas","median_rent",815,11,2017,"KS"
"6580","Kansas","median_home_value",150600,1802,2017,"KS"
"6581","Kentucky","median_age",38.9,0.2,2017,"KY"
"6582","Kentucky","total_pop",4454189,NA,2017,"KY"
"6583","Kentucky","white",3872670,6224,2017,"KY"
"6584","Kentucky","black",361637,6545,2017,"KY"
"6585","Kentucky","native",7777,1749,2017,"KY"
"6586","Kentucky","asian",64878,2732,2017,"KY"
"6587","Kentucky","pacific",3527,1493,2017,"KY"
"6588","Kentucky","other",42177,5939,2017,"KY"
"6589","Kentucky","multiracial",101523,6447,2017,"KY"
"6590","Kentucky","hispanic",155163,2309,2017,"KY"
"6591","Kentucky","college",423916,10015,2017,"KY"
"6592","Kentucky","masters",213672,8277,2017,"KY"
"6593","Kentucky","professional",56806,4240,2017,"KY"
"6594","Kentucky","doctorate",29158,2942,2017,"KY"
"6595","Kentucky","poverty",744239,20861,2017,"KY"
"6596","Kentucky","median_income",48375,630,2017,"KY"
"6597","Kentucky","labor_force",2091959,12740,2017,"KY"
"6598","Kentucky","unemployed",115271,5126,2017,"KY"
"6599","Kentucky","median_rent",724,8,2017,"KY"
"6600","Kentucky","median_home_value",141000,1619,2017,"KY"
"6601","Louisiana","median_age",36.8,0.1,2017,"LA"
"6602","Louisiana","total_pop",4684333,NA,2017,"LA"
"6603","Louisiana","white",2890818,7827,2017,"LA"
"6604","Louisiana","black",1521339,7479,2017,"LA"
"6605","Louisiana","native",23848,2438,2017,"LA"
"6606","Louisiana","asian",84816,2218,2017,"LA"
"6607","Louisiana","pacific",1517,848,2017,"LA"
"6608","Louisiana","other",75586,7165,2017,"LA"
"6609","Louisiana","multiracial",86409,7164,2017,"LA"
"6610","Louisiana","hispanic",243620,2482,2017,"LA"
"6611","Louisiana","college",482439,11918,2017,"LA"
"6612","Louisiana","masters",178692,8592,2017,"LA"
"6613","Louisiana","professional",53635,3500,2017,"LA"
"6614","Louisiana","doctorate",27759,2659,2017,"LA"
"6615","Louisiana","poverty",899039,27219,2017,"LA"
"6616","Louisiana","median_income",46145,634,2017,"LA"
"6617","Louisiana","labor_force",2164374,16450,2017,"LA"
"6618","Louisiana","unemployed",141608,7237,2017,"LA"
"6619","Louisiana","median_rent",836,9,2017,"LA"
"6620","Louisiana","median_home_value",162500,1272,2017,"LA"
"6621","Maine","median_age",44.6,0.2,2017,"ME"
"6622","Maine","total_pop",1335907,NA,2017,"ME"
"6623","Maine","white",1261611,1419,2017,"ME"
"6624","Maine","black",16372,1321,2017,"ME"
"6625","Maine","native",9340,1227,2017,"ME"
"6626","Maine","asian",15157,1289,2017,"ME"
"6627","Maine","pacific",228,186,2017,"ME"
"6628","Maine","other",2621,1063,2017,"ME"
"6629","Maine","multiracial",30578,2319,2017,"ME"
"6630","Maine","hispanic",21899,892,2017,"ME"
"6631","Maine","college",193860,5884,2017,"ME"
"6632","Maine","masters",84719,4533,2017,"ME"
"6633","Maine","professional",20094,1821,2017,"ME"
"6634","Maine","doctorate",12934,1865,2017,"ME"
"6635","Maine","poverty",144012,7961,2017,"ME"
"6636","Maine","median_income",56277,1168,2017,"ME"
"6637","Maine","labor_force",700979,6948,2017,"ME"
"6638","Maine","unemployed",29493,2870,2017,"ME"
"6639","Maine","median_rent",806,22,2017,"ME"
"6640","Maine","median_home_value",191200,3252,2017,"ME"
"6641","Maryland","median_age",38.7,0.2,2017,"MD"
"6642","Maryland","total_pop",6052177,NA,2017,"MD"
"6643","Maryland","white",3322483,13226,2017,"MD"
"6644","Maryland","black",1806673,11404,2017,"MD"
"6645","Maryland","native",18931,3269,2017,"MD"
"6646","Maryland","asian",391328,4619,2017,"MD"
"6647","Maryland","pacific",2143,792,2017,"MD"
"6648","Maryland","other",305303,13239,2017,"MD"
"6649","Maryland","multiracial",205316,11384,2017,"MD"
"6650","Maryland","hispanic",612709,502,2017,"MD"
"6651","Maryland","college",889090,13074,2017,"MD"
"6652","Maryland","masters",534613,11605,2017,"MD"
"6653","Maryland","professional",123599,5072,2017,"MD"
"6654","Maryland","doctorate",105278,4325,2017,"MD"
"6655","Maryland","poverty",549171,21371,2017,"MD"
"6656","Maryland","median_income",80776,707,2017,"MD"
"6657","Maryland","labor_force",3268601,12854,2017,"MD"
"6658","Maryland","unemployed",170419,6439,2017,"MD"
"6659","Maryland","median_rent",1337,12,2017,"MD"
"6660","Maryland","median_home_value",312500,2817,2017,"MD"
"6661","Massachusetts","median_age",39.5,0.1,2017,"MA"
"6662","Massachusetts","total_pop",6859819,NA,2017,"MA"
"6663","Massachusetts","white",5387411,16190,2017,"MA"
"6664","Massachusetts","black",531887,11002,2017,"MA"
"6665","Massachusetts","native",15097,2882,2017,"MA"
"6666","Massachusetts","asian",452717,5899,2017,"MA"
"6667","Massachusetts","pacific",993,700,2017,"MA"
"6668","Massachusetts","other",261841,16473,2017,"MA"
"6669","Massachusetts","multiracial",209873,13038,2017,"MA"
"6670","Massachusetts","hispanic",811292,150,2017,"MA"
"6671","Massachusetts","college",1146586,15427,2017,"MA"
"6672","Massachusetts","masters",653567,11646,2017,"MA"
"6673","Massachusetts","professional",146185,5996,2017,"MA"
"6674","Massachusetts","doctorate",132333,4995,2017,"MA"
"6675","Massachusetts","poverty",692201,22499,2017,"MA"
"6676","Massachusetts","median_income",77385,907,2017,"MA"
"6677","Massachusetts","labor_force",3771625,17084,2017,"MA"
"6678","Massachusetts","unemployed",172091,6738,2017,"MA"
"6679","Massachusetts","median_rent",1208,12,2017,"MA"
"6680","Massachusetts","median_home_value",385400,2465,2017,"MA"
"6681","Michigan","median_age",39.8,0.1,2017,"MI"
"6682","Michigan","total_pop",9962311,NA,2017,"MI"
"6683","Michigan","white",7814775,9756,2017,"MI"
"6684","Michigan","black",1374615,9426,2017,"MI"
"6685","Michigan","native",53461,3852,2017,"MI"
"6686","Michigan","asian",308052,5534,2017,"MI"
"6687","Michigan","pacific",2951,1127,2017,"MI"
"6688","Michigan","other",113928,8680,2017,"MI"
"6689","Michigan","multiracial",294529,10231,2017,"MI"
"6690","Michigan","hispanic",504398,804,2017,"MI"
"6691","Michigan","college",1201375,16053,2017,"MI"
"6692","Michigan","masters",588250,11085,2017,"MI"
"6693","Michigan","professional",119225,4902,2017,"MI"
"6694","Michigan","doctorate",76714,3852,2017,"MI"
"6695","Michigan","poverty",1377766,28586,2017,"MI"
"6696","Michigan","median_income",54909,440,2017,"MI"
"6697","Michigan","labor_force",4945632,19061,2017,"MI"
"6698","Michigan","unemployed",291020,7831,2017,"MI"
"6699","Michigan","median_rent",835,6,2017,"MI"
"6700","Michigan","median_home_value",155700,757,2017,"MI"
"6701","Minnesota","median_age",37.9,0.2,2017,"MN"
"6702","Minnesota","total_pop",5576606,NA,2017,"MN"
"6703","Minnesota","white",4610465,7477,2017,"MN"
"6704","Minnesota","black",361130,5956,2017,"MN"
"6705","Minnesota","native",60803,3655,2017,"MN"
"6706","Minnesota","asian",273194,4115,2017,"MN"
"6707","Minnesota","pacific",2044,791,2017,"MN"
"6708","Minnesota","other",110733,7416,2017,"MN"
"6709","Minnesota","multiracial",158237,8950,2017,"MN"
"6710","Minnesota","hispanic",296666,938,2017,"MN"
"6711","Minnesota","college",888880,12034,2017,"MN"
"6712","Minnesota","masters",330787,7214,2017,"MN"
"6713","Minnesota","professional",86812,4273,2017,"MN"
"6714","Minnesota","doctorate",55647,3854,2017,"MN"
"6715","Minnesota","poverty",517476,15252,2017,"MN"
"6716","Minnesota","median_income",68388,658,2017,"MN"
"6717","Minnesota","labor_force",3070881,11156,2017,"MN"
"6718","Minnesota","unemployed",110757,4979,2017,"MN"
"6719","Minnesota","median_rent",939,10,2017,"MN"
"6720","Minnesota","median_home_value",224000,1281,2017,"MN"
"6721","Mississippi","median_age",37.5,0.2,2017,"MS"
"6722","Mississippi","total_pop",2984100,NA,2017,"MS"
"6723","Mississippi","white",1735887,4826,2017,"MS"
"6724","Mississippi","black",1134333,6398,2017,"MS"
"6725","Mississippi","native",13746,2245,2017,"MS"
"6726","Mississippi","asian",27694,2806,2017,"MS"
"6727","Mississippi","pacific",1095,933,2017,"MS"
"6728","Mississippi","other",30914,3890,2017,"MS"
"6729","Mississippi","multiracial",40431,5134,2017,"MS"
"6730","Mississippi","hispanic",86035,3238,2017,"MS"
"6731","Mississippi","college",265220,9234,2017,"MS"
"6732","Mississippi","masters",117007,6605,2017,"MS"
"6733","Mississippi","professional",27568,2968,2017,"MS"
"6734","Mississippi","doctorate",18702,2327,2017,"MS"
"6735","Mississippi","poverty",571219,15607,2017,"MS"
"6736","Mississippi","median_income",43529,855,2017,"MS"
"6737","Mississippi","labor_force",1319719,12790,2017,"MS"
"6738","Mississippi","unemployed",92744,6010,2017,"MS"
"6739","Mississippi","median_rent",742,11,2017,"MS"
"6740","Mississippi","median_home_value",120200,1849,2017,"MS"
"6741","Missouri","median_age",38.5,0.2,2017,"MO"
"6742","Missouri","total_pop",6113532,NA,2017,"MO"
"6743","Missouri","white",5013597,7917,2017,"MO"
"6744","Missouri","black",698380,8685,2017,"MO"
"6745","Missouri","native",25567,3166,2017,"MO"
"6746","Missouri","asian",124518,4632,2017,"MO"
"6747","Missouri","pacific",8956,2809,2017,"MO"
"6748","Missouri","other",81237,8559,2017,"MO"
"6749","Missouri","multiracial",161277,8726,2017,"MO"
"6750","Missouri","hispanic",255803,2366,2017,"MO"
"6751","Missouri","college",743797,13029,2017,"MO"
"6752","Missouri","masters",333121,9451,2017,"MO"
"6753","Missouri","professional",74909,4292,2017,"MO"
"6754","Missouri","doctorate",54012,3566,2017,"MO"
"6755","Missouri","poverty",795732,21880,2017,"MO"
"6756","Missouri","median_income",53578,629,2017,"MO"
"6757","Missouri","labor_force",3061464,15051,2017,"MO"
"6758","Missouri","unemployed",141163,7206,2017,"MO"
"6759","Missouri","median_rent",800,9,2017,"MO"
"6760","Missouri","median_home_value",156700,1203,2017,"MO"
"6761","Montana","median_age",40,0.4,2017,"MT"
"6762","Montana","total_pop",1050493,NA,2017,"MT"
"6763","Montana","white",930548,2488,2017,"MT"
"6764","Montana","black",4635,1022,2017,"MT"
"6765","Montana","native",64908,3142,2017,"MT"
"6766","Montana","asian",7366,1202,2017,"MT"
"6767","Montana","pacific",1150,802,2017,"MT"
"6768","Montana","other",7788,1937,2017,"MT"
"6769","Montana","multiracial",34098,3173,2017,"MT"
"6770","Montana","hispanic",38933,616,2017,"MT"
"6771","Montana","college",157326,5731,2017,"MT"
"6772","Montana","masters",53533,3861,2017,"MT"
"6773","Montana","professional",13596,1747,2017,"MT"
"6774","Montana","doctorate",9362,1467,2017,"MT"
"6775","Montana","poverty",127777,8406,2017,"MT"
"6776","Montana","median_income",53386,1427,2017,"MT"
"6777","Montana","labor_force",538121,6144,2017,"MT"
"6778","Montana","unemployed",18844,2148,2017,"MT"
"6779","Montana","median_rent",759,20,2017,"MT"
"6780","Montana","median_home_value",231300,3808,2017,"MT"
"6781","Nebraska","median_age",36.5,0.2,2017,"NE"
"6782","Nebraska","total_pop",1920076,NA,2017,"NE"
"6783","Nebraska","white",1677092,5326,2017,"NE"
"6784","Nebraska","black",88952,3328,2017,"NE"
"6785","Nebraska","native",15619,1744,2017,"NE"
"6786","Nebraska","asian",47118,1953,2017,"NE"
"6787","Nebraska","pacific",1244,485,2017,"NE"
"6788","Nebraska","other",38823,4822,2017,"NE"
"6789","Nebraska","multiracial",51228,3493,2017,"NE"
"6790","Nebraska","hispanic",209917,624,2017,"NE"
"6791","Nebraska","college",263330,7089,2017,"NE"
"6792","Nebraska","masters",95439,4473,2017,"NE"
"6793","Nebraska","professional",23353,2115,2017,"NE"
"6794","Nebraska","doctorate",16658,1864,2017,"NE"
"6795","Nebraska","poverty",200909,11487,2017,"NE"
"6796","Nebraska","median_income",59970,1014,2017,"NE"
"6797","Nebraska","labor_force",1043919,6727,2017,"NE"
"6798","Nebraska","unemployed",34967,3601,2017,"NE"
"6799","Nebraska","median_rent",801,13,2017,"NE"
"6800","Nebraska","median_home_value",155800,1954,2017,"NE"
"6801","Nevada","median_age",38,0.2,2017,"NV"
"6802","Nevada","total_pop",2998039,NA,2017,"NV"
"6803","Nevada","white",1936859,16580,2017,"NV"
"6804","Nevada","black",274550,5204,2017,"NV"
"6805","Nevada","native",37910,3411,2017,"NV"
"6806","Nevada","asian",255025,4592,2017,"NV"
"6807","Nevada","pacific",20761,1706,2017,"NV"
"6808","Nevada","other",333731,16877,2017,"NV"
"6809","Nevada","multiracial",139203,8911,2017,"NV"
"6810","Nevada","hispanic",864663,NA,2017,"NV"
"6811","Nevada","college",340110,9439,2017,"NV"
"6812","Nevada","masters",120878,5016,2017,"NV"
"6813","Nevada","professional",34858,2776,2017,"NV"
"6814","Nevada","doctorate",17434,1971,2017,"NV"
"6815","Nevada","poverty",384120,18511,2017,"NV"
"6816","Nevada","median_income",58003,947,2017,"NV"
"6817","Nevada","labor_force",1514888,10407,2017,"NV"
"6818","Nevada","unemployed",90032,6064,2017,"NV"
"6819","Nevada","median_rent",1051,13,2017,"NV"
"6820","Nevada","median_home_value",258200,3014,2017,"NV"
"6821","New Hampshire","median_age",43.2,0.3,2017,"NH"
"6822","New Hampshire","total_pop",1342795,NA,2017,"NH"
"6823","New Hampshire","white",1249751,2780,2017,"NH"
"6824","New Hampshire","black",22409,2820,2017,"NH"
"6825","New Hampshire","native",1785,614,2017,"NH"
"6826","New Hampshire","asian",35663,1914,2017,"NH"
"6827","New Hampshire","pacific",560,462,2017,"NH"
"6828","New Hampshire","other",4518,1355,2017,"NH"
"6829","New Hampshire","multiracial",28109,2901,2017,"NH"
"6830","New Hampshire","hispanic",50393,1243,2017,"NH"
"6831","New Hampshire","college",216750,6656,2017,"NH"
"6832","New Hampshire","masters",104196,5687,2017,"NH"
"6833","New Hampshire","professional",18725,2136,2017,"NH"
"6834","New Hampshire","doctorate",14221,1717,2017,"NH"
"6835","New Hampshire","poverty",99966,7412,2017,"NH"
"6836","New Hampshire","median_income",73381,1694,2017,"NH"
"6837","New Hampshire","labor_force",756933,6456,2017,"NH"
"6838","New Hampshire","unemployed",28888,2682,2017,"NH"
"6839","New Hampshire","median_rent",1072,21,2017,"NH"
"6840","New Hampshire","median_home_value",263600,3064,2017,"NH"
"6841","New Jersey","median_age",39.8,0.2,2017,"NJ"
"6842","New Jersey","total_pop",9005644,NA,2017,"NJ"
"6843","New Jersey","white",6112238,22177,2017,"NJ"
"6844","New Jersey","black",1217572,10761,2017,"NJ"
"6845","New Jersey","native",17843,2730,2017,"NJ"
"6846","New Jersey","asian",886261,5549,2017,"NJ"
"6847","New Jersey","pacific",3771,1356,2017,"NJ"
"6848","New Jersey","other",538371,20351,2017,"NJ"
"6849","New Jersey","multiracial",229588,10637,2017,"NJ"
"6850","New Jersey","hispanic",1840433,NA,2017,"NJ"
"6851","New Jersey","college",1506899,18697,2017,"NJ"
"6852","New Jersey","masters",712061,9977,2017,"NJ"
"6853","New Jersey","professional",161480,6008,2017,"NJ"
"6854","New Jersey","doctorate",96267,4633,2017,"NJ"
"6855","New Jersey","poverty",882673,28071,2017,"NJ"
"6856","New Jersey","median_income",80088,672,2017,"NJ"
"6857","New Jersey","labor_force",4746329,20512,2017,"NJ"
"6858","New Jersey","unemployed",252810,8826,2017,"NJ"
"6859","New Jersey","median_rent",1284,11,2017,"NJ"
"6860","New Jersey","median_home_value",334900,1880,2017,"NJ"
"6861","New Mexico","median_age",37.7,0.3,2017,"NM"
"6862","New Mexico","total_pop",2088070,NA,2017,"NM"
"6863","New Mexico","white",1582020,11641,2017,"NM"
"6864","New Mexico","black",44431,3251,2017,"NM"
"6865","New Mexico","native",199887,4107,2017,"NM"
"6866","New Mexico","asian",29427,1834,2017,"NM"
"6867","New Mexico","pacific",1684,763,2017,"NM"
"6868","New Mexico","other",161056,10764,2017,"NM"
"6869","New Mexico","multiracial",69565,5524,2017,"NM"
"6870","New Mexico","hispanic",1018344,NA,2017,"NM"
"6871","New Mexico","college",211995,6750,2017,"NM"
"6872","New Mexico","masters",115804,4818,2017,"NM"
"6873","New Mexico","professional",25580,2649,2017,"NM"
"6874","New Mexico","doctorate",23121,2465,2017,"NM"
"6875","New Mexico","poverty",401755,16280,2017,"NM"
"6876","New Mexico","median_income",46744,1195,2017,"NM"
"6877","New Mexico","labor_force",931157,11221,2017,"NM"
"6878","New Mexico","unemployed",61065,5208,2017,"NM"
"6879","New Mexico","median_rent",813,18,2017,"NM"
"6880","New Mexico","median_home_value",171300,2181,2017,"NM"
"6881","New York","median_age",38.7,0.1,2017,"NY"
"6882","New York","total_pop",19849399,NA,2017,"NY"
"6883","New York","white",12523357,35841,2017,"NY"
"6884","New York","black",3136984,21590,2017,"NY"
"6885","New York","native",76069,6649,2017,"NY"
"6886","New York","asian",1734663,11426,2017,"NY"
"6887","New York","pacific",7397,1742,2017,"NY"
"6888","New York","other",1768858,37683,2017,"NY"
"6889","New York","multiracial",602071,18354,2017,"NY"
"6890","New York","hispanic",3811654,476,2017,"NY"
"6891","New York","college",2794920,26765,2017,"NY"
"6892","New York","masters",1592075,19765,2017,"NY"
"6893","New York","professional",391553,11247,2017,"NY"
"6894","New York","doctorate",201614,7129,2017,"NY"
"6895","New York","poverty",2722257,47366,2017,"NY"
"6896","New York","median_income",64894,507,2017,"NY"
"6897","New York","labor_force",10194438,31242,2017,"NY"
"6898","New York","unemployed",560001,15070,2017,"NY"
"6899","New York","median_rent",1226,8,2017,"NY"
"6900","New York","median_home_value",314500,2313,2017,"NY"
"6901","North Carolina","median_age",38.8,0.1,2017,"NC"
"6902","North Carolina","total_pop",10273419,NA,2017,"NC"
"6903","North Carolina","white",7066745,16775,2017,"NC"
"6904","North Carolina","black",2206579,12167,2017,"NC"
"6905","North Carolina","native",119909,5099,2017,"NC"
"6906","North Carolina","asian",295672,4895,2017,"NC"
"6907","North Carolina","pacific",8385,2541,2017,"NC"
"6908","North Carolina","other",309141,16321,2017,"NC"
"6909","North Carolina","multiracial",266988,13249,2017,"NC"
"6910","North Carolina","hispanic",962466,2657,2017,"NC"
"6911","North Carolina","college",1406739,17830,2017,"NC"
"6912","North Carolina","masters",571243,10296,2017,"NC"
"6913","North Carolina","professional",121058,6047,2017,"NC"
"6914","North Carolina","doctorate",91639,4747,2017,"NC"
"6915","North Carolina","poverty",1471339,35219,2017,"NC"
"6916","North Carolina","median_income",52752,510,2017,"NC"
"6917","North Carolina","labor_force",5049839,22571,2017,"NC"
"6918","North Carolina","unemployed",266777,10545,2017,"NC"
"6919","North Carolina","median_rent",861,6,2017,"NC"
"6920","North Carolina","median_home_value",171200,1016,2017,"NC"
"6921","North Dakota","median_age",35.4,0.3,2017,"ND"
"6922","North Dakota","total_pop",755393,NA,2017,"ND"
"6923","North Dakota","white",654116,2352,2017,"ND"
"6924","North Dakota","black",23294,2184,2017,"ND"
"6925","North Dakota","native",41706,2209,2017,"ND"
"6926","North Dakota","asian",12699,1981,2017,"ND"
"6927","North Dakota","pacific",540,445,2017,"ND"
"6928","North Dakota","other",8251,1916,2017,"ND"
"6929","North Dakota","multiracial",14787,2568,2017,"ND"
"6930","North Dakota","hispanic",26479,431,2017,"ND"
"6931","North Dakota","college",108045,4628,2017,"ND"
"6932","North Dakota","masters",30784,3011,2017,"ND"
"6933","North Dakota","professional",7948,1473,2017,"ND"
"6934","North Dakota","doctorate",5662,1366,2017,"ND"
"6935","North Dakota","poverty",75279,5405,2017,"ND"
"6936","North Dakota","median_income",61843,1052,2017,"ND"
"6937","North Dakota","labor_force",419182,4680,2017,"ND"
"6938","North Dakota","unemployed",12307,1886,2017,"ND"
"6939","North Dakota","median_rent",785,19,2017,"ND"
"6940","North Dakota","median_home_value",194700,5102,2017,"ND"
"6941","Ohio","median_age",39.3,0.1,2017,"OH"
"6942","Ohio","total_pop",11658609,NA,2017,"OH"
"6943","Ohio","white",9480074,9073,2017,"OH"
"6944","Ohio","black",1441353,10913,2017,"OH"
"6945","Ohio","native",23720,3264,2017,"OH"
"6946","Ohio","asian",257518,4828,2017,"OH"
"6947","Ohio","pacific",4216,1398,2017,"OH"
"6948","Ohio","other",110748,8860,2017,"OH"
"6949","Ohio","multiracial",340980,12350,2017,"OH"
"6950","Ohio","hispanic",436762,1528,2017,"OH"
"6951","Ohio","college",1381934,17454,2017,"OH"
"6952","Ohio","masters",626841,11145,2017,"OH"
"6953","Ohio","professional",134913,5757,2017,"OH"
"6954","Ohio","doctorate",87662,4494,2017,"OH"
"6955","Ohio","poverty",1582931,31003,2017,"OH"
"6956","Ohio","median_income",54021,411,2017,"OH"
"6957","Ohio","labor_force",5885356,19901,2017,"OH"
"6958","Ohio","unemployed",303348,9053,2017,"OH"
"6959","Ohio","median_rent",772,5,2017,"OH"
"6960","Ohio","median_home_value",144200,1015,2017,"OH"
"6961","Oklahoma","median_age",36.6,0.1,2017,"OK"
"6962","Oklahoma","total_pop",3930864,NA,2017,"OK"
"6963","Oklahoma","white",2837492,6995,2017,"OK"
"6964","Oklahoma","black",286716,5037,2017,"OK"
"6965","Oklahoma","native",302400,6392,2017,"OK"
"6966","Oklahoma","asian",86704,3193,2017,"OK"
"6967","Oklahoma","pacific",7163,2135,2017,"OK"
"6968","Oklahoma","other",107507,7386,2017,"OK"
"6969","Oklahoma","multiracial",302882,8985,2017,"OK"
"6970","Oklahoma","hispanic",417708,NA,2017,"OK"
"6971","Oklahoma","college",437243,8868,2017,"OK"
"6972","Oklahoma","masters",161597,4908,2017,"OK"
"6973","Oklahoma","professional",35948,2652,2017,"OK"
"6974","Oklahoma","doctorate",25748,2044,2017,"OK"
"6975","Oklahoma","poverty",603864,16323,2017,"OK"
"6976","Oklahoma","median_income",50051,575,2017,"OK"
"6977","Oklahoma","labor_force",1858021,12911,2017,"OK"
"6978","Oklahoma","unemployed",99619,4761,2017,"OK"
"6979","Oklahoma","median_rent",780,7,2017,"OK"
"6980","Oklahoma","median_home_value",137400,1523,2017,"OK"
"6981","Oregon","median_age",39.3,0.2,2017,"OR"
"6982","Oregon","total_pop",4142776,NA,2017,"OR"
"6983","Oregon","white",3497242,14004,2017,"OR"
"6984","Oregon","black",77750,3874,2017,"OR"
"6985","Oregon","native",47692,4485,2017,"OR"
"6986","Oregon","asian",181659,4496,2017,"OR"
"6987","Oregon","pacific",16144,2093,2017,"OR"
"6988","Oregon","other",123547,12664,2017,"OR"
"6989","Oregon","multiracial",198742,9132,2017,"OR"
"6990","Oregon","hispanic",540924,NA,2017,"OR"
"6991","Oregon","college",609160,10201,2017,"OR"
"6992","Oregon","masters",260431,6861,2017,"OR"
"6993","Oregon","professional",63263,4125,2017,"OR"
"6994","Oregon","doctorate",45563,4121,2017,"OR"
"6995","Oregon","poverty",537974,19115,2017,"OR"
"6996","Oregon","median_income",60212,796,2017,"OR"
"6997","Oregon","labor_force",2099999,14395,2017,"OR"
"6998","Oregon","unemployed",107100,6294,2017,"OR"
"6999","Oregon","median_rent",1079,12,2017,"OR"
"7000","Oregon","median_home_value",319200,3313,2017,"OR"
"7001","Pennsylvania","median_age",40.8,0.1,2017,"PA"
"7002","Pennsylvania","total_pop",12805537,NA,2017,"PA"
"7003","Pennsylvania","white",10339488,16063,2017,"PA"
"7004","Pennsylvania","black",1437081,14280,2017,"PA"
"7005","Pennsylvania","native",23523,2945,2017,"PA"
"7006","Pennsylvania","asian",444588,5037,2017,"PA"
"7007","Pennsylvania","pacific",3425,1423,2017,"PA"
"7008","Pennsylvania","other",243000,14284,2017,"PA"
"7009","Pennsylvania","multiracial",314432,14624,2017,"PA"
"7010","Pennsylvania","hispanic",938428,1252,2017,"PA"
"7011","Pennsylvania","college",1697397,16085,2017,"PA"
"7012","Pennsylvania","masters",800211,14807,2017,"PA"
"7013","Pennsylvania","professional",184166,6893,2017,"PA"
"7014","Pennsylvania","doctorate",135462,5555,2017,"PA"
"7015","Pennsylvania","poverty",1548720,31552,2017,"PA"
"7016","Pennsylvania","median_income",59195,443,2017,"PA"
"7017","Pennsylvania","labor_force",6518369,22798,2017,"PA"
"7018","Pennsylvania","unemployed",345226,11856,2017,"PA"
"7019","Pennsylvania","median_rent",893,5,2017,"PA"
"7020","Pennsylvania","median_home_value",181200,1167,2017,"PA"
"7021","Rhode Island","median_age",39.5,0.4,2017,"RI"
"7022","Rhode Island","total_pop",1059639,NA,2017,"RI"
"7023","Rhode Island","white",866258,7073,2017,"RI"
"7024","Rhode Island","black",66660,5240,2017,"RI"
"7025","Rhode Island","native",5580,2229,2017,"RI"
"7026","Rhode Island","asian",38058,1655,2017,"RI"
"7027","Rhode Island","pacific",1128,1171,2017,"RI"
"7028","Rhode Island","other",47303,7153,2017,"RI"
"7029","Rhode Island","multiracial",34652,5370,2017,"RI"
"7030","Rhode Island","hispanic",163346,578,2017,"RI"
"7031","Rhode Island","college",149699,5754,2017,"RI"
"7032","Rhode Island","masters",68812,4377,2017,"RI"
"7033","Rhode Island","professional",14606,1779,2017,"RI"
"7034","Rhode Island","doctorate",13407,1629,2017,"RI"
"7035","Rhode Island","poverty",118367,9887,2017,"RI"
"7036","Rhode Island","median_income",63870,1861,2017,"RI"
"7037","Rhode Island","labor_force",570665,5770,2017,"RI"
"7038","Rhode Island","unemployed",32751,3235,2017,"RI"
"7039","Rhode Island","median_rent",941,19,2017,"RI"
"7040","Rhode Island","median_home_value",257800,5409,2017,"RI"
"7041","South Carolina","median_age",39.4,0.2,2017,"SC"
"7042","South Carolina","total_pop",5024369,NA,2017,"SC"
"7043","South Carolina","white",3380219,8607,2017,"SC"
"7044","South Carolina","black",1357385,9443,2017,"SC"
"7045","South Carolina","native",15007,2574,2017,"SC"
"7046","South Carolina","asian",76181,3682,2017,"SC"
"7047","South Carolina","pacific",6389,4664,2017,"SC"
"7048","South Carolina","other",81959,8728,2017,"SC"
"7049","South Carolina","multiracial",107229,9891,2017,"SC"
"7050","South Carolina","hispanic",285990,942,2017,"SC"
"7051","South Carolina","college",607024,11807,2017,"SC"
"7052","South Carolina","masters",262659,8899,2017,"SC"
"7053","South Carolina","professional",53525,4184,2017,"SC"
"7054","South Carolina","doctorate",41132,2871,2017,"SC"
"7055","South Carolina","poverty",751907,19900,2017,"SC"
"7056","South Carolina","median_income",50570,532,2017,"SC"
"7057","South Carolina","labor_force",2412222,15235,2017,"SC"
"7058","South Carolina","unemployed",139747,7533,2017,"SC"
"7059","South Carolina","median_rent",848,9,2017,"SC"
"7060","South Carolina","median_home_value",161800,1398,2017,"SC"
"7061","South Dakota","median_age",36.9,0.3,2017,"SD"
"7062","South Dakota","total_pop",869666,NA,2017,"SD"
"7063","South Dakota","white",736581,2594,2017,"SD"
"7064","South Dakota","black",16987,1897,2017,"SD"
"7065","South Dakota","native",76078,2436,2017,"SD"
"7066","South Dakota","asian",10775,1976,2017,"SD"
"7067","South Dakota","pacific",944,628,2017,"SD"
"7068","South Dakota","other",5647,1821,2017,"SD"
"7069","South Dakota","multiracial",22654,2935,2017,"SD"
"7070","South Dakota","hispanic",31278,818,2017,"SD"
"7071","South Dakota","college",109803,4940,2017,"SD"
"7072","South Dakota","masters",35691,2949,2017,"SD"
"7073","South Dakota","professional",10754,1418,2017,"SD"
"7074","South Dakota","doctorate",5490,1389,2017,"SD"
"7075","South Dakota","poverty",109099,6423,2017,"SD"
"7076","South Dakota","median_income",56521,1314,2017,"SD"
"7077","South Dakota","labor_force",458678,5327,2017,"SD"
"7078","South Dakota","unemployed",16208,2173,2017,"SD"
"7079","South Dakota","median_rent",722,18,2017,"SD"
"7080","South Dakota","median_home_value",167600,2519,2017,"SD"
"7081","Tennessee","median_age",38.6,0.1,2017,"TN"
"7082","Tennessee","total_pop",6715984,NA,2017,"TN"
"7083","Tennessee","white",5221591,8339,2017,"TN"
"7084","Tennessee","black",1122675,7929,2017,"TN"
"7085","Tennessee","native",14637,2210,2017,"TN"
"7086","Tennessee","asian",119115,4010,2017,"TN"
"7087","Tennessee","pacific",6380,3151,2017,"TN"
"7088","Tennessee","other",89260,8454,2017,"TN"
"7089","Tennessee","multiracial",142326,8537,2017,"TN"
"7090","Tennessee","hispanic",361203,2416,2017,"TN"
"7091","Tennessee","college",790840,14517,2017,"TN"
"7092","Tennessee","masters",327029,11198,2017,"TN"
"7093","Tennessee","professional",78860,5067,2017,"TN"
"7094","Tennessee","doctorate",57433,4255,2017,"TN"
"7095","Tennessee","poverty",980284,25177,2017,"TN"
"7096","Tennessee","median_income",51340,410,2017,"TN"
"7097","Tennessee","labor_force",3292377,16664,2017,"TN"
"7098","Tennessee","unemployed",162289,8277,2017,"TN"
"7099","Tennessee","median_rent",833,9,2017,"TN"
"7100","Tennessee","median_home_value",167500,1112,2017,"TN"
"7101","Texas","median_age",34.7,0.1,2017,"TX"
"7102","Texas","total_pop",28304596,NA,2017,"TX"
"7103","Texas","white",20929140,49248,2017,"TX"
"7104","Texas","black",3423231,16872,2017,"TX"
"7105","Texas","native",135098,9085,2017,"TX"
"7106","Texas","asian",1360248,12057,2017,"TX"
"7107","Texas","pacific",23905,2603,2017,"TX"
"7108","Texas","other",1683894,47259,2017,"TX"
"7109","Texas","multiracial",749080,24596,2017,"TX"
"7110","Texas","hispanic",11158751,144,2017,"TX"
"7111","Texas","college",3510311,35839,2017,"TX"
"7112","Texas","masters",1371324,24099,2017,"TX"
"7113","Texas","professional",290221,9345,2017,"TX"
"7114","Texas","doctorate",199633,8030,2017,"TX"
"7115","Texas","poverty",4076905,62508,2017,"TX"
"7116","Texas","median_income",59206,490,2017,"TX"
"7117","Texas","labor_force",13918308,37311,2017,"TX"
"7118","Texas","unemployed",716417,19631,2017,"TX"
"7119","Texas","median_rent",987,5,2017,"TX"
"7120","Texas","median_home_value",172200,747,2017,"TX"
"7121","Utah","median_age",31,0.2,2017,"UT"
"7122","Utah","total_pop",3101833,NA,2017,"UT"
"7123","Utah","white",2657013,9210,2017,"UT"
"7124","Utah","black",37669,3034,2017,"UT"
"7125","Utah","native",32694,2620,2017,"UT"
"7126","Utah","asian",75691,3749,2017,"UT"
"7127","Utah","pacific",26547,3160,2017,"UT"
"7128","Utah","other",179943,9716,2017,"UT"
"7129","Utah","multiracial",92276,7549,2017,"UT"
"7130","Utah","hispanic",434290,NA,2017,"UT"
"7131","Utah","college",416804,9087,2017,"UT"
"7132","Utah","masters",157207,5747,2017,"UT"
"7133","Utah","professional",33505,2478,2017,"UT"
"7134","Utah","doctorate",24926,2195,2017,"UT"
"7135","Utah","poverty",296557,16717,2017,"UT"
"7136","Utah","median_income",68358,1229,2017,"UT"
"7137","Utah","labor_force",1560698,8142,2017,"UT"
"7138","Utah","unemployed",55695,3929,2017,"UT"
"7139","Utah","median_rent",986,15,2017,"UT"
"7140","Utah","median_home_value",275100,2649,2017,"UT"
"7141","Vermont","median_age",42.6,0.3,2017,"VT"
"7142","Vermont","total_pop",623657,NA,2017,"VT"
"7143","Vermont","white",587265,1192,2017,"VT"
"7144","Vermont","black",8260,1155,2017,"VT"
"7145","Vermont","native",2355,731,2017,"VT"
"7146","Vermont","asian",11270,1081,2017,"VT"
"7147","Vermont","pacific",166,230,2017,"VT"
"7148","Vermont","other",1392,534,2017,"VT"
"7149","Vermont","multiracial",12949,1611,2017,"VT"
"7150","Vermont","hispanic",11932,812,2017,"VT"
"7151","Vermont","college",98774,4432,2017,"VT"
"7152","Vermont","masters",48963,2824,2017,"VT"
"7153","Vermont","professional",11366,1443,2017,"VT"
"7154","Vermont","doctorate",9063,1421,2017,"VT"
"7155","Vermont","poverty",67841,5946,2017,"VT"
"7156","Vermont","median_income",57513,2088,2017,"VT"
"7157","Vermont","labor_force",338914,3890,2017,"VT"
"7158","Vermont","unemployed",12759,1669,2017,"VT"
"7159","Vermont","median_rent",950,28,2017,"VT"
"7160","Vermont","median_home_value",226300,3464,2017,"VT"
"7161","Virginia","median_age",38.2,0.2,2017,"VA"
"7162","Virginia","total_pop",8470020,NA,2017,"VA"
"7163","Virginia","white",5714699,15261,2017,"VA"
"7164","Virginia","black",1627641,10715,2017,"VA"
"7165","Virginia","native",26792,3555,2017,"VA"
"7166","Virginia","asian",545776,7330,2017,"VA"
"7167","Virginia","pacific",4225,1094,2017,"VA"
"7168","Virginia","other",219501,14571,2017,"VA"
"7169","Virginia","multiracial",331386,14713,2017,"VA"
"7170","Virginia","hispanic",790662,1672,2017,"VA"
"7171","Virginia","college",1270190,18538,2017,"VA"
"7172","Virginia","masters",712006,13071,2017,"VA"
"7173","Virginia","professional",145034,6899,2017,"VA"
"7174","Virginia","doctorate",109986,4927,2017,"VA"
"7175","Virginia","poverty",874483,27673,2017,"VA"
"7176","Virginia","median_income",71535,544,2017,"VA"
"7177","Virginia","labor_force",4365684,19578,2017,"VA"
"7178","Virginia","unemployed",200754,7156,2017,"VA"
"7179","Virginia","median_rent",1179,11,2017,"VA"
"7180","Virginia","median_home_value",273400,2310,2017,"VA"
"7181","Washington","median_age",37.7,0.2,2017,"WA"
"7182","Washington","total_pop",7405743,NA,2017,"WA"
"7183","Washington","white",5582361,14609,2017,"WA"
"7184","Washington","black",271584,8603,2017,"WA"
"7185","Washington","native",93038,6275,2017,"WA"
"7186","Washington","asian",632156,8576,2017,"WA"
"7187","Washington","pacific",48533,2714,2017,"WA"
"7188","Washington","other",339986,15931,2017,"WA"
"7189","Washington","multiracial",438085,14801,2017,"WA"
"7190","Washington","hispanic",940792,NA,2017,"WA"
"7191","Washington","college",1130392,15951,2017,"WA"
"7192","Washington","masters",492107,9402,2017,"WA"
"7193","Washington","professional",112889,5311,2017,"WA"
"7194","Washington","doctorate",75731,5090,2017,"WA"
"7195","Washington","poverty",802159,24114,2017,"WA"
"7196","Washington","median_income",70979,583,2017,"WA"
"7197","Washington","labor_force",3786167,15688,2017,"WA"
"7198","Washington","unemployed",186414,7156,2017,"WA"
"7199","Washington","median_rent",1216,13,2017,"WA"
"7200","Washington","median_home_value",339000,2463,2017,"WA"
"7201","West Virginia","median_age",42.4,0.2,2017,"WV"
"7202","West Virginia","total_pop",1815857,NA,2017,"WV"
"7203","West Virginia","white",1684321,4026,2017,"WV"
"7204","West Virginia","black",71991,4073,2017,"WV"
"7205","West Virginia","native",2438,1029,2017,"WV"
"7206","West Virginia","asian",13733,1791,2017,"WV"
"7207","West Virginia","pacific",344,483,2017,"WV"
"7208","West Virginia","other",12506,3687,2017,"WV"
"7209","West Virginia","multiracial",30524,3525,2017,"WV"
"7210","West Virginia","hispanic",22807,1672,2017,"WV"
"7211","West Virginia","college",156378,7086,2017,"WV"
"7212","West Virginia","masters",77079,3917,2017,"WV"
"7213","West Virginia","professional",15623,1839,2017,"WV"
"7214","West Virginia","doctorate",9376,1460,2017,"WV"
"7215","West Virginia","poverty",336301,14216,2017,"WV"
"7216","West Virginia","median_income",43469,1393,2017,"WV"
"7217","West Virginia","labor_force",777186,9802,2017,"WV"
"7218","West Virginia","unemployed",51986,4693,2017,"WV"
"7219","West Virginia","median_rent",690,15,2017,"WV"
"7220","West Virginia","median_home_value",119800,2297,2017,"WV"
"7221","Wisconsin","median_age",39.5,0.2,2017,"WI"
"7222","Wisconsin","total_pop",5795483,NA,2017,"WI"
"7223","Wisconsin","white",4942176,10663,2017,"WI"
"7224","Wisconsin","black",370335,4564,2017,"WI"
"7225","Wisconsin","native",49261,2660,2017,"WI"
"7226","Wisconsin","asian",159530,3156,2017,"WI"
"7227","Wisconsin","pacific",4177,2357,2017,"WI"
"7228","Wisconsin","other",126767,10372,2017,"WI"
"7229","Wisconsin","multiracial",143237,6903,2017,"WI"
"7230","Wisconsin","hispanic",397847,619,2017,"WI"
"7231","Wisconsin","college",782676,14060,2017,"WI"
"7232","Wisconsin","masters",301195,7112,2017,"WI"
"7233","Wisconsin","professional",70544,3540,2017,"WI"
"7234","Wisconsin","doctorate",48115,2775,2017,"WI"
"7235","Wisconsin","poverty",639564,18029,2017,"WI"
"7236","Wisconsin","median_income",59305,587,2017,"WI"
"7237","Wisconsin","labor_force",3086662,11322,2017,"WI"
"7238","Wisconsin","unemployed",107459,5010,2017,"WI"
"7239","Wisconsin","median_rent",819,6,2017,"WI"
"7240","Wisconsin","median_home_value",178900,1377,2017,"WI"
"7241","Wyoming","median_age",37.5,0.3,2017,"WY"
"7242","Wyoming","total_pop",579315,NA,2017,"WY"
"7243","Wyoming","white",528414,3065,2017,"WY"
"7244","Wyoming","black",5766,1755,2017,"WY"
"7245","Wyoming","native",13944,1327,2017,"WY"
"7246","Wyoming","asian",4832,1167,2017,"WY"
"7247","Wyoming","pacific",8,15,2017,"WY"
"7248","Wyoming","other",10001,2465,2017,"WY"
"7249","Wyoming","multiracial",16350,2542,2017,"WY"
"7250","Wyoming","hispanic",58122,NA,2017,"WY"
"7251","Wyoming","college",67312,4431,2017,"WY"
"7252","Wyoming","masters",30847,2840,2017,"WY"
"7253","Wyoming","professional",5754,1128,2017,"WY"
"7254","Wyoming","doctorate",3184,765,2017,"WY"
"7255","Wyoming","poverty",64054,6154,2017,"WY"
"7256","Wyoming","median_income",60434,1759,2017,"WY"
"7257","Wyoming","labor_force",297578,4550,2017,"WY"
"7258","Wyoming","unemployed",15376,2432,2017,"WY"
"7259","Wyoming","median_rent",832,26,2017,"WY"
"7260","Wyoming","median_home_value",214300,5510,2017,"WY"
"7261","Puerto Rico","median_age",41.4,0.3,2017,"PR"
"7262","Puerto Rico","total_pop",3337177,NA,2017,"PR"
"7263","Puerto Rico","white",2210728,25678,2017,"PR"
"7264","Puerto Rico","black",403659,18645,2017,"PR"
"7265","Puerto Rico","native",7934,2447,2017,"PR"
"7266","Puerto Rico","asian",5424,1934,2017,"PR"
"7267","Puerto Rico","pacific",0,262,2017,"PR"
"7268","Puerto Rico","other",533614,20287,2017,"PR"
"7269","Puerto Rico","multiracial",175818,11637,2017,"PR"
"7270","Puerto Rico","hispanic",3306460,4712,2017,"PR"
"7271","Puerto Rico","college",428558,12172,2017,"PR"
"7272","Puerto Rico","masters",121293,6814,2017,"PR"
"7273","Puerto Rico","professional",28569,4107,2017,"PR"
"7274","Puerto Rico","doctorate",24099,2751,2017,"PR"
"7275","Puerto Rico","poverty",1468798,31819,2017,"PR"
"7276","Puerto Rico","median_income",19343,404,2017,"PR"
"7277","Puerto Rico","labor_force",1199622,17430,2017,"PR"
"7278","Puerto Rico","unemployed",196859,8771,2017,"PR"
"7279","Puerto Rico","median_rent",453,11,2017,"PR"
"7280","Puerto Rico","median_home_value",109800,1476,2017,"PR"
"7281","Alabama","median_age",39,0.2,2016,"AL"
"7282","Alabama","total_pop",4863300,NA,2016,"AL"
"7283","Alabama","white",3316384,6545,2016,"AL"
"7284","Alabama","black",1301102,7468,2016,"AL"
"7285","Alabama","native",24509,3218,2016,"AL"
"7286","Alabama","asian",65611,3698,2016,"AL"
"7287","Alabama","pacific",1503,588,2016,"AL"
"7288","Alabama","other",70333,6866,2016,"AL"
"7289","Alabama","multiracial",83858,7172,2016,"AL"
"7290","Alabama","hispanic",199686,1768,2016,"AL"
"7291","Alabama","college",506680,11497,2016,"AL"
"7292","Alabama","masters",226164,6511,2016,"AL"
"7293","Alabama","professional",48931,3306,2016,"AL"
"7294","Alabama","doctorate",33747,2934,2016,"AL"
"7295","Alabama","poverty",810231,23417,2016,"AL"
"7296","Alabama","median_income",46257,677,2016,"AL"
"7297","Alabama","labor_force",2219288,14889,2016,"AL"
"7298","Alabama","unemployed",140963,6314,2016,"AL"
"7299","Alabama","median_rent",743,8,2016,"AL"
"7300","Alabama","median_home_value",136200,1645,2016,"AL"
"7301","Alaska","median_age",33.5,0.3,2016,"AK"
"7302","Alaska","total_pop",741894,NA,2016,"AK"
"7303","Alaska","white",477895,3267,2016,"AK"
"7304","Alaska","black",23753,1978,2016,"AK"
"7305","Alaska","native",108056,3723,2016,"AK"
"7306","Alaska","asian",45580,3124,2016,"AK"
"7307","Alaska","pacific",9937,849,2016,"AK"
"7308","Alaska","other",12712,3236,2016,"AK"
"7309","Alaska","multiracial",63961,5261,2016,"AK"
"7310","Alaska","hispanic",51304,276,2016,"AK"
"7311","Alaska","college",90861,4162,2016,"AK"
"7312","Alaska","masters",36182,2838,2016,"AK"
"7313","Alaska","professional",8730,1355,2016,"AK"
"7314","Alaska","doctorate",5804,1279,2016,"AK"
"7315","Alaska","poverty",71566,6534,2016,"AK"
"7316","Alaska","median_income",76440,2230,2016,"AK"
"7317","Alaska","labor_force",388062,5509,2016,"AK"
"7318","Alaska","unemployed",30964,3145,2016,"AK"
"7319","Alaska","median_rent",1208,34,2016,"AK"
"7320","Alaska","median_home_value",267800,5996,2016,"AK"
"7321","Arizona","median_age",37.5,0.2,2016,"AZ"
"7322","Arizona","total_pop",6931071,NA,2016,"AZ"
"7323","Arizona","white",5254944,21891,2016,"AZ"
"7324","Arizona","black",299674,6611,2016,"AZ"
"7325","Arizona","native",306247,6886,2016,"AZ"
"7326","Arizona","asian",220438,4835,2016,"AZ"
"7327","Arizona","pacific",14140,1489,2016,"AZ"
"7328","Arizona","other",585948,20745,2016,"AZ"
"7329","Arizona","multiracial",249680,13653,2016,"AZ"
"7330","Arizona","hispanic",2144775,NA,2016,"AZ"
"7331","Arizona","college",835779,13503,2016,"AZ"
"7332","Arizona","masters",359075,9336,2016,"AZ"
"7333","Arizona","professional",84523,5192,2016,"AZ"
"7334","Arizona","doctorate",56517,3204,2016,"AZ"
"7335","Arizona","poverty",1107464,27786,2016,"AZ"
"7336","Arizona","median_income",53558,634,2016,"AZ"
"7337","Arizona","labor_force",3242632,16643,2016,"AZ"
"7338","Arizona","unemployed",210851,7306,2016,"AZ"
"7339","Arizona","median_rent",976,7,2016,"AZ"
"7340","Arizona","median_home_value",205900,1953,2016,"AZ"
"7341","Arkansas","median_age",38,0.2,2016,"AR"
"7342","Arkansas","total_pop",2988248,NA,2016,"AR"
"7343","Arkansas","white",2290066,5262,2016,"AR"
"7344","Arkansas","black",464516,4871,2016,"AR"
"7345","Arkansas","native",18859,2030,2016,"AR"
"7346","Arkansas","asian",41781,2680,2016,"AR"
"7347","Arkansas","pacific",8808,1292,2016,"AR"
"7348","Arkansas","other",86797,6034,2016,"AR"
"7349","Arkansas","multiracial",77421,6277,2016,"AR"
"7350","Arkansas","hispanic",214544,1157,2016,"AR"
"7351","Arkansas","college",282608,9219,2016,"AR"
"7352","Arkansas","masters",118134,5826,2016,"AR"
"7353","Arkansas","professional",26203,2376,2016,"AR"
"7354","Arkansas","doctorate",18888,2380,2016,"AR"
"7355","Arkansas","poverty",499225,17721,2016,"AR"
"7356","Arkansas","median_income",44334,921,2016,"AR"
"7357","Arkansas","labor_force",1351706,12382,2016,"AR"
"7358","Arkansas","unemployed",69030,4808,2016,"AR"
"7359","Arkansas","median_rent",701,9,2016,"AR"
"7360","Arkansas","median_home_value",123300,1740,2016,"AR"
"7361","California","median_age",36.4,0.2,2016,"CA"
"7362","California","total_pop",39250017,NA,2016,"CA"
"7363","California","white",23420234,62421,2016,"CA"
"7364","California","black",2265280,14911,2016,"CA"
"7365","California","native",290133,15511,2016,"CA"
"7366","California","asian",5602074,18509,2016,"CA"
"7367","California","pacific",150521,6036,2016,"CA"
"7368","California","other",5642125,65579,2016,"CA"
"7369","California","multiracial",1879650,30456,2016,"CA"
"7370","California","hispanic",15280776,NA,2016,"CA"
"7371","California","college",5426164,33141,2016,"CA"
"7372","California","masters",2203376,25030,2016,"CA"
"7373","California","professional",622302,11977,2016,"CA"
"7374","California","doctorate",408628,11194,2016,"CA"
"7375","California","poverty",5525524,66544,2016,"CA"
"7376","California","median_income",67739,356,2016,"CA"
"7377","California","labor_force",19620589,43441,2016,"CA"
"7378","California","unemployed",1277331,20520,2016,"CA"
"7379","California","median_rent",1375,5,2016,"CA"
"7380","California","median_home_value",477500,1663,2016,"CA"
"7381","Colorado","median_age",36.7,0.2,2016,"CO"
"7382","Colorado","total_pop",5540545,NA,2016,"CO"
"7383","Colorado","white",4654921,13381,2016,"CO"
"7384","Colorado","black",234142,5678,2016,"CO"
"7385","Colorado","native",54743,4588,2016,"CO"
"7386","Colorado","asian",175951,4618,2016,"CO"
"7387","Colorado","pacific",8325,1566,2016,"CO"
"7388","Colorado","other",228102,12919,2016,"CO"
"7389","Colorado","multiracial",184361,9839,2016,"CO"
"7390","Colorado","hispanic",1181218,NA,2016,"CO"
"7391","Colorado","college",934273,12936,2016,"CO"
"7392","Colorado","masters",409712,8569,2016,"CO"
"7393","Colorado","professional",87779,3527,2016,"CO"
"7394","Colorado","doctorate",61117,3462,2016,"CO"
"7395","Colorado","poverty",598736,17942,2016,"CO"
"7396","Colorado","median_income",65685,636,2016,"CO"
"7397","Colorado","labor_force",2967774,15125,2016,"CO"
"7398","Colorado","unemployed",140434,6702,2016,"CO"
"7399","Colorado","median_rent",1171,10,2016,"CO"
"7400","Colorado","median_home_value",314200,2358,2016,"CO"
"7401","Connecticut","median_age",40.9,0.2,2016,"CT"
"7402","Connecticut","total_pop",3576452,NA,2016,"CT"
"7403","Connecticut","white",2741892,12294,2016,"CT"
"7404","Connecticut","black",378932,7603,2016,"CT"
"7405","Connecticut","native",9887,2998,2016,"CT"
"7406","Connecticut","asian",161950,3536,2016,"CT"
"7407","Connecticut","pacific",1259,597,2016,"CT"
"7408","Connecticut","other",171008,10843,2016,"CT"
"7409","Connecticut","multiracial",111524,8304,2016,"CT"
"7410","Connecticut","hispanic",562347,NA,2016,"CT"
"7411","Connecticut","college",541369,10224,2016,"CT"
"7412","Connecticut","masters",297488,7945,2016,"CT"
"7413","Connecticut","professional",74865,3938,2016,"CT"
"7414","Connecticut","doctorate",39866,3159,2016,"CT"
"7415","Connecticut","poverty",339128,14645,2016,"CT"
"7416","Connecticut","median_income",73433,1059,2016,"CT"
"7417","Connecticut","labor_force",1935653,11360,2016,"CT"
"7418","Connecticut","unemployed",123884,6343,2016,"CT"
"7419","Connecticut","median_rent",1115,11,2016,"CT"
"7420","Connecticut","median_home_value",274600,2322,2016,"CT"
"7421","Delaware","median_age",40.6,0.4,2016,"DE"
"7422","Delaware","total_pop",952065,NA,2016,"DE"
"7423","Delaware","white",659091,5072,2016,"DE"
"7424","Delaware","black",209911,4102,2016,"DE"
"7425","Delaware","native",4055,1038,2016,"DE"
"7426","Delaware","asian",35646,1583,2016,"DE"
"7427","Delaware","pacific",2053,1731,2016,"DE"
"7428","Delaware","other",15595,4525,2016,"DE"
"7429","Delaware","multiracial",25714,3500,2016,"DE"
"7430","Delaware","hispanic",87152,NA,2016,"DE"
"7431","Delaware","college",121717,6057,2016,"DE"
"7432","Delaware","masters",58672,4302,2016,"DE"
"7433","Delaware","professional",12881,1971,2016,"DE"
"7434","Delaware","doctorate",11799,1751,2016,"DE"
"7435","Delaware","poverty",108211,8223,2016,"DE"
"7436","Delaware","median_income",61757,1492,2016,"DE"
"7437","Delaware","labor_force",470999,6378,2016,"DE"
"7438","Delaware","unemployed",26678,3236,2016,"DE"
"7439","Delaware","median_rent",1048,25,2016,"DE"
"7440","Delaware","median_home_value",243400,3741,2016,"DE"
"7441","District of Columbia","median_age",33.9,0.2,2016,"DC"
"7442","District of Columbia","total_pop",681170,NA,2016,"DC"
"7443","District of Columbia","white",277268,3530,2016,"DC"
"7444","District of Columbia","black",320554,2554,2016,"DC"
"7445","District of Columbia","native",2004,567,2016,"DC"
"7446","District of Columbia","asian",26436,1256,2016,"DC"
"7447","District of Columbia","pacific",41,68,2016,"DC"
"7448","District of Columbia","other",37132,4302,2016,"DC"
"7449","District of Columbia","multiracial",17735,2345,2016,"DC"
"7450","District of Columbia","hispanic",74422,NA,2016,"DC"
"7451","District of Columbia","college",115097,4458,2016,"DC"
"7452","District of Columbia","masters",98988,4741,2016,"DC"
"7453","District of Columbia","professional",38236,2985,2016,"DC"
"7454","District of Columbia","doctorate",20554,2188,2016,"DC"
"7455","District of Columbia","poverty",120308,9084,2016,"DC"
"7456","District of Columbia","median_income",75506,3416,2016,"DC"
"7457","District of Columbia","labor_force",391916,5304,2016,"DC"
"7458","District of Columbia","unemployed",27119,2646,2016,"DC"
"7459","District of Columbia","median_rent",1376,32,2016,"DC"
"7460","District of Columbia","median_home_value",576100,17732,2016,"DC"
"7461","Florida","median_age",42.1,0.1,2016,"FL"
"7462","Florida","total_pop",20612439,NA,2016,"FL"
"7463","Florida","white",15574165,29122,2016,"FL"
"7464","Florida","black",3310428,22138,2016,"FL"
"7465","Florida","native",52738,5590,2016,"FL"
"7466","Florida","asian",559393,7440,2016,"FL"
"7467","Florida","pacific",12540,2425,2016,"FL"
"7468","Florida","other",570424,25434,2016,"FL"
"7469","Florida","multiracial",532751,22197,2016,"FL"
"7470","Florida","hispanic",5126578,555,2016,"FL"
"7471","Florida","college",2675907,28563,2016,"FL"
"7472","Florida","masters",1061264,17354,2016,"FL"
"7473","Florida","professional",307323,10789,2016,"FL"
"7474","Florida","doctorate",163962,7648,2016,"FL"
"7475","Florida","poverty",2973512,48474,2016,"FL"
"7476","Florida","median_income",50860,241,2016,"FL"
"7477","Florida","labor_force",9805388,34965,2016,"FL"
"7478","Florida","unemployed",585900,13381,2016,"FL"
"7479","Florida","median_rent",1086,6,2016,"FL"
"7480","Florida","median_home_value",197700,1318,2016,"FL"
"7481","Georgia","median_age",36.5,0.2,2016,"GA"
"7482","Georgia","total_pop",10310371,NA,2016,"GA"
"7483","Georgia","white",6054861,18041,2016,"GA"
"7484","Georgia","black",3254495,14771,2016,"GA"
"7485","Georgia","native",37939,5767,2016,"GA"
"7486","Georgia","asian",398897,6597,2016,"GA"
"7487","Georgia","pacific",6503,2014,2016,"GA"
"7488","Georgia","other",299220,21983,2016,"GA"
"7489","Georgia","multiracial",258456,13861,2016,"GA"
"7490","Georgia","hispanic",962334,2954,2016,"GA"
"7491","Georgia","college",1270275,16078,2016,"GA"
"7492","Georgia","masters",560593,10446,2016,"GA"
"7493","Georgia","professional",145085,7067,2016,"GA"
"7494","Georgia","doctorate",90323,4720,2016,"GA"
"7495","Georgia","poverty",1603013,34382,2016,"GA"
"7496","Georgia","median_income",53559,710,2016,"GA"
"7497","Georgia","labor_force",5036476,22276,2016,"GA"
"7498","Georgia","unemployed",300529,11741,2016,"GA"
"7499","Georgia","median_rent",933,7,2016,"GA"
"7500","Georgia","median_home_value",166800,1113,2016,"GA"
"7501","Hawaii","median_age",38.9,0.3,2016,"HI"
"7502","Hawaii","total_pop",1428557,NA,2016,"HI"
"7503","Hawaii","white",357994,5134,2016,"HI"
"7504","Hawaii","black",25898,2036,2016,"HI"
"7505","Hawaii","native",2649,849,2016,"HI"
"7506","Hawaii","asian",543448,10631,2016,"HI"
"7507","Hawaii","pacific",144568,6675,2016,"HI"
"7508","Hawaii","other",12321,2548,2016,"HI"
"7509","Hawaii","multiracial",341679,13209,2016,"HI"
"7510","Hawaii","hispanic",148150,NA,2016,"HI"
"7511","Hawaii","college",211850,6366,2016,"HI"
"7512","Hawaii","masters",67803,3870,2016,"HI"
"7513","Hawaii","professional",21989,2370,2016,"HI"
"7514","Hawaii","doctorate",14951,1932,2016,"HI"
"7515","Hawaii","poverty",129569,10361,2016,"HI"
"7516","Hawaii","median_income",74511,1776,2016,"HI"
"7517","Hawaii","labor_force",718283,7624,2016,"HI"
"7518","Hawaii","unemployed",31796,2920,2016,"HI"
"7519","Hawaii","median_rent",1483,28,2016,"HI"
"7520","Hawaii","median_home_value",592000,8539,2016,"HI"
"7521","Idaho","median_age",36.1,0.1,2016,"ID"
"7522","Idaho","total_pop",1683140,NA,2016,"ID"
"7523","Idaho","white",1510119,7573,2016,"ID"
"7524","Idaho","black",11437,2001,2016,"ID"
"7525","Idaho","native",26596,2540,2016,"ID"
"7526","Idaho","asian",24406,2239,2016,"ID"
"7527","Idaho","pacific",2375,1144,2016,"ID"
"7528","Idaho","other",66137,7319,2016,"ID"
"7529","Idaho","multiracial",42070,3150,2016,"ID"
"7530","Idaho","hispanic",207248,280,2016,"ID"
"7531","Idaho","college",203363,7001,2016,"ID"
"7532","Idaho","masters",65673,4443,2016,"ID"
"7533","Idaho","professional",17642,1958,2016,"ID"
"7534","Idaho","doctorate",13732,1752,2016,"ID"
"7535","Idaho","poverty",237445,15728,2016,"ID"
"7536","Idaho","median_income",51807,963,2016,"ID"
"7537","Idaho","labor_force",800291,9230,2016,"ID"
"7538","Idaho","unemployed",37503,3734,2016,"ID"
"7539","Idaho","median_rent",790,17,2016,"ID"
"7540","Idaho","median_home_value",189400,3057,2016,"ID"
"7541","Illinois","median_age",37.9,0.1,2016,"IL"
"7542","Illinois","total_pop",12801539,NA,2016,"IL"
"7543","Illinois","white",9123763,24574,2016,"IL"
"7544","Illinois","black",1813477,9631,2016,"IL"
"7545","Illinois","native",30470,3672,2016,"IL"
"7546","Illinois","asian",684783,5820,2016,"IL"
"7547","Illinois","pacific",4851,1396,2016,"IL"
"7548","Illinois","other",822784,24826,2016,"IL"
"7549","Illinois","multiracial",321411,13961,2016,"IL"
"7550","Illinois","hispanic",2178790,1616,2016,"IL"
"7551","Illinois","college",1813840,18696,2016,"IL"
"7552","Illinois","masters",830129,14153,2016,"IL"
"7553","Illinois","professional",188580,7028,2016,"IL"
"7554","Illinois","doctorate",109736,5086,2016,"IL"
"7555","Illinois","poverty",1621508,35297,2016,"IL"
"7556","Illinois","median_income",60960,389,2016,"IL"
"7557","Illinois","labor_force",6650518,19239,2016,"IL"
"7558","Illinois","unemployed",419099,9953,2016,"IL"
"7559","Illinois","median_rent",950,6,2016,"IL"
"7560","Illinois","median_home_value",186500,1417,2016,"IL"
"7561","Indiana","median_age",37.6,0.1,2016,"IN"
"7562","Indiana","total_pop",6633053,NA,2016,"IN"
"7563","Indiana","white",5536418,10307,2016,"IN"
"7564","Indiana","black",617745,7312,2016,"IN"
"7565","Indiana","native",17515,2431,2016,"IN"
"7566","Indiana","asian",141451,4471,2016,"IN"
"7567","Indiana","pacific",3526,1505,2016,"IN"
"7568","Indiana","other",157755,11013,2016,"IN"
"7569","Indiana","multiracial",158643,8640,2016,"IN"
"7570","Indiana","hispanic",448079,1492,2016,"IN"
"7571","Indiana","college",716293,12562,2016,"IN"
"7572","Indiana","masters",301847,8620,2016,"IN"
"7573","Indiana","professional",64188,4197,2016,"IN"
"7574","Indiana","doctorate",42518,2834,2016,"IN"
"7575","Indiana","poverty",906077,22930,2016,"IN"
"7576","Indiana","median_income",52314,371,2016,"IN"
"7577","Indiana","labor_force",3332231,13944,2016,"IN"
"7578","Indiana","unemployed",167215,6252,2016,"IN"
"7579","Indiana","median_rent",768,6,2016,"IN"
"7580","Indiana","median_home_value",134800,990,2016,"IN"
"7581","Iowa","median_age",38,0.2,2016,"IA"
"7582","Iowa","total_pop",3134693,NA,2016,"IA"
"7583","Iowa","white",2834162,5131,2016,"IA"
"7584","Iowa","black",111867,3477,2016,"IA"
"7585","Iowa","native",10488,1711,2016,"IA"
"7586","Iowa","asian",74805,2572,2016,"IA"
"7587","Iowa","pacific",3949,1754,2016,"IA"
"7588","Iowa","other",42129,4612,2016,"IA"
"7589","Iowa","multiracial",57293,3933,2016,"IA"
"7590","Iowa","hispanic",179062,1082,2016,"IA"
"7591","Iowa","college",398242,8617,2016,"IA"
"7592","Iowa","masters",135083,5328,2016,"IA"
"7593","Iowa","professional",35270,3213,2016,"IA"
"7594","Iowa","doctorate",24567,2609,2016,"IA"
"7595","Iowa","poverty",356378,12582,2016,"IA"
"7596","Iowa","median_income",56247,695,2016,"IA"
"7597","Iowa","labor_force",1679847,9451,2016,"IA"
"7598","Iowa","unemployed",66229,4180,2016,"IA"
"7599","Iowa","median_rent",741,9,2016,"IA"
"7600","Iowa","median_home_value",142300,1521,2016,"IA"
"7601","Kansas","median_age",36.5,0.2,2016,"KS"
"7602","Kansas","total_pop",2907289,NA,2016,"KS"
"7603","Kansas","white",2458966,7467,2016,"KS"
"7604","Kansas","black",166551,4607,2016,"KS"
"7605","Kansas","native",21620,2567,2016,"KS"
"7606","Kansas","asian",79741,3466,2016,"KS"
"7607","Kansas","pacific",2922,1343,2016,"KS"
"7608","Kansas","other",74123,7806,2016,"KS"
"7609","Kansas","multiracial",103366,5640,2016,"KS"
"7610","Kansas","hispanic",336909,914,2016,"KS"
"7611","Kansas","college",390861,8760,2016,"KS"
"7612","Kansas","masters",170982,5866,2016,"KS"
"7613","Kansas","professional",37627,2756,2016,"KS"
"7614","Kansas","doctorate",21956,2373,2016,"KS"
"7615","Kansas","poverty",342544,14393,2016,"KS"
"7616","Kansas","median_income",54935,893,2016,"KS"
"7617","Kansas","labor_force",1493137,8705,2016,"KS"
"7618","Kansas","unemployed",67003,4789,2016,"KS"
"7619","Kansas","median_rent",789,10,2016,"KS"
"7620","Kansas","median_home_value",144900,1865,2016,"KS"
"7621","Kentucky","median_age",38.7,0.2,2016,"KY"
"7622","Kentucky","total_pop",4436974,NA,2016,"KY"
"7623","Kentucky","white",3866333,6634,2016,"KY"
"7624","Kentucky","black",366157,6162,2016,"KY"
"7625","Kentucky","native",11140,2294,2016,"KY"
"7626","Kentucky","asian",61311,2866,2016,"KY"
"7627","Kentucky","pacific",2307,1047,2016,"KY"
"7628","Kentucky","other",37591,5245,2016,"KY"
"7629","Kentucky","multiracial",92135,6909,2016,"KY"
"7630","Kentucky","hispanic",151920,2234,2016,"KY"
"7631","Kentucky","college",419081,9942,2016,"KY"
"7632","Kentucky","masters",202997,6861,2016,"KY"
"7633","Kentucky","professional",51228,3344,2016,"KY"
"7634","Kentucky","doctorate",29035,2568,2016,"KY"
"7635","Kentucky","poverty",794060,24195,2016,"KY"
"7636","Kentucky","median_income",46659,600,2016,"KY"
"7637","Kentucky","labor_force",2079319,14342,2016,"KY"
"7638","Kentucky","unemployed",124677,6146,2016,"KY"
"7639","Kentucky","median_rent",707,8,2016,"KY"
"7640","Kentucky","median_home_value",135600,1429,2016,"KY"
"7641","Louisiana","median_age",36.5,0.2,2016,"LA"
"7642","Louisiana","total_pop",4681666,NA,2016,"LA"
"7643","Louisiana","white",2901495,5946,2016,"LA"
"7644","Louisiana","black",1514755,7221,2016,"LA"
"7645","Louisiana","native",25508,2617,2016,"LA"
"7646","Louisiana","asian",77921,2506,2016,"LA"
"7647","Louisiana","pacific",1030,495,2016,"LA"
"7648","Louisiana","other",68208,6424,2016,"LA"
"7649","Louisiana","multiracial",92749,8594,2016,"LA"
"7650","Louisiana","hispanic",231168,2152,2016,"LA"
"7651","Louisiana","college",473299,9993,2016,"LA"
"7652","Louisiana","masters",169554,6784,2016,"LA"
"7653","Louisiana","professional",56083,3918,2016,"LA"
"7654","Louisiana","doctorate",28970,2526,2016,"LA"
"7655","Louisiana","poverty",918187,25851,2016,"LA"
"7656","Louisiana","median_income",45146,776,2016,"LA"
"7657","Louisiana","labor_force",2172162,13296,2016,"LA"
"7658","Louisiana","unemployed",151211,6553,2016,"LA"
"7659","Louisiana","median_rent",808,10,2016,"LA"
"7660","Louisiana","median_home_value",158000,1441,2016,"LA"
"7661","Maine","median_age",44.5,0.2,2016,"ME"
"7662","Maine","total_pop",1331479,NA,2016,"ME"
"7663","Maine","white",1257120,1699,2016,"ME"
"7664","Maine","black",19963,1930,2016,"ME"
"7665","Maine","native",7893,1203,2016,"ME"
"7666","Maine","asian",17499,1510,2016,"ME"
"7667","Maine","pacific",214,200,2016,"ME"
"7668","Maine","other",2450,826,2016,"ME"
"7669","Maine","multiracial",26340,2599,2016,"ME"
"7670","Maine","hispanic",20714,785,2016,"ME"
"7671","Maine","college",181434,6126,2016,"ME"
"7672","Maine","masters",79538,4145,2016,"ME"
"7673","Maine","professional",18162,2222,2016,"ME"
"7674","Maine","doctorate",12004,1191,2016,"ME"
"7675","Maine","poverty",161749,10063,2016,"ME"
"7676","Maine","median_income",53079,1379,2016,"ME"
"7677","Maine","labor_force",689036,6497,2016,"ME"
"7678","Maine","unemployed",30560,2838,2016,"ME"
"7679","Maine","median_rent",797,23,2016,"ME"
"7680","Maine","median_home_value",184700,3005,2016,"ME"
"7681","Maryland","median_age",38.5,0.2,2016,"MD"
"7682","Maryland","total_pop",6016447,NA,2016,"MD"
"7683","Maryland","white",3397255,13132,2016,"MD"
"7684","Maryland","black",1793593,9302,2016,"MD"
"7685","Maryland","native",15234,2478,2016,"MD"
"7686","Maryland","asian",376518,4946,2016,"MD"
"7687","Maryland","pacific",2480,1196,2016,"MD"
"7688","Maryland","other",230326,12625,2016,"MD"
"7689","Maryland","multiracial",201041,10942,2016,"MD"
"7690","Maryland","hispanic",586730,252,2016,"MD"
"7691","Maryland","college",860491,13680,2016,"MD"
"7692","Maryland","masters",528502,11492,2016,"MD"
"7693","Maryland","professional",128976,5097,2016,"MD"
"7694","Maryland","doctorate",103160,4815,2016,"MD"
"7695","Maryland","poverty",567715,17097,2016,"MD"
"7696","Maryland","median_income",78945,737,2016,"MD"
"7697","Maryland","labor_force",3249158,13408,2016,"MD"
"7698","Maryland","unemployed",175235,6635,2016,"MD"
"7699","Maryland","median_rent",1314,10,2016,"MD"
"7700","Maryland","median_home_value",306900,2670,2016,"MD"
"7701","Massachusetts","median_age",39.5,0.1,2016,"MA"
"7702","Massachusetts","total_pop",6811779,NA,2016,"MA"
"7703","Massachusetts","white",5350175,16114,2016,"MA"
"7704","Massachusetts","black",506677,8067,2016,"MA"
"7705","Massachusetts","native",12547,2138,2016,"MA"
"7706","Massachusetts","asian",440845,5571,2016,"MA"
"7707","Massachusetts","pacific",3758,1532,2016,"MA"
"7708","Massachusetts","other",285412,15924,2016,"MA"
"7709","Massachusetts","multiracial",212365,11429,2016,"MA"
"7710","Massachusetts","hispanic",779696,1053,2016,"MA"
"7711","Massachusetts","college",1124295,12174,2016,"MA"
"7712","Massachusetts","masters",629351,11631,2016,"MA"
"7713","Massachusetts","professional",140558,5149,2016,"MA"
"7714","Massachusetts","doctorate",126142,4739,2016,"MA"
"7715","Massachusetts","poverty",686597,20435,2016,"MA"
"7716","Massachusetts","median_income",75297,771,2016,"MA"
"7717","Massachusetts","labor_force",3769850,17266,2016,"MA"
"7718","Massachusetts","unemployed",198840,7675,2016,"MA"
"7719","Massachusetts","median_rent",1179,12,2016,"MA"
"7720","Massachusetts","median_home_value",366900,2249,2016,"MA"
"7721","Michigan","median_age",39.7,0.2,2016,"MI"
"7722","Michigan","total_pop",9928300,NA,2016,"MI"
"7723","Michigan","white",7793481,10297,2016,"MI"
"7724","Michigan","black",1363336,9361,2016,"MI"
"7725","Michigan","native",51161,3519,2016,"MI"
"7726","Michigan","asian",292514,4773,2016,"MI"
"7727","Michigan","pacific",2967,841,2016,"MI"
"7728","Michigan","other",118621,8994,2016,"MI"
"7729","Michigan","multiracial",306220,11961,2016,"MI"
"7730","Michigan","hispanic",491430,741,2016,"MI"
"7731","Michigan","college",1162737,15121,2016,"MI"
"7732","Michigan","masters",547241,11010,2016,"MI"
"7733","Michigan","professional",119229,4842,2016,"MI"
"7734","Michigan","doctorate",80623,4121,2016,"MI"
"7735","Michigan","poverty",1451936,23392,2016,"MI"
"7736","Michigan","median_income",52492,402,2016,"MI"
"7737","Michigan","labor_force",4890801,18366,2016,"MI"
"7738","Michigan","unemployed",304288,8049,2016,"MI"
"7739","Michigan","median_rent",818,6,2016,"MI"
"7740","Michigan","median_home_value",147100,933,2016,"MI"
"7741","Minnesota","median_age",37.9,0.2,2016,"MN"
"7742","Minnesota","total_pop",5519952,NA,2016,"MN"
"7743","Minnesota","white",4596566,6383,2016,"MN"
"7744","Minnesota","black",331308,5844,2016,"MN"
"7745","Minnesota","native",63229,2949,2016,"MN"
"7746","Minnesota","asian",258899,4686,2016,"MN"
"7747","Minnesota","pacific",1452,500,2016,"MN"
"7748","Minnesota","other",111852,6950,2016,"MN"
"7749","Minnesota","multiracial",156646,7970,2016,"MN"
"7750","Minnesota","hispanic",288460,788,2016,"MN"
"7751","Minnesota","college",860125,12101,2016,"MN"
"7752","Minnesota","masters",304937,7754,2016,"MN"
"7753","Minnesota","professional",78752,3847,2016,"MN"
"7754","Minnesota","doctorate",53170,2817,2016,"MN"
"7755","Minnesota","poverty",533276,15913,2016,"MN"
"7756","Minnesota","median_income",65599,606,2016,"MN"
"7757","Minnesota","labor_force",3038164,9617,2016,"MN"
"7758","Minnesota","unemployed",116518,4890,2016,"MN"
"7759","Minnesota","median_rent",912,9,2016,"MN"
"7760","Minnesota","median_home_value",211800,1337,2016,"MN"
"7761","Mississippi","median_age",37.2,0.2,2016,"MS"
"7762","Mississippi","total_pop",2988726,NA,2016,"MS"
"7763","Mississippi","white",1748734,4269,2016,"MS"
"7764","Mississippi","black",1134958,6466,2016,"MS"
"7765","Mississippi","native",13260,1533,2016,"MS"
"7766","Mississippi","asian",26708,2267,2016,"MS"
"7767","Mississippi","pacific",631,519,2016,"MS"
"7768","Mississippi","other",30583,4250,2016,"MS"
"7769","Mississippi","multiracial",33852,4789,2016,"MS"
"7770","Mississippi","hispanic",86733,2997,2016,"MS"
"7771","Mississippi","college",264865,8398,2016,"MS"
"7772","Mississippi","masters",113113,5560,2016,"MS"
"7773","Mississippi","professional",27550,2514,2016,"MS"
"7774","Mississippi","doctorate",20735,2405,2016,"MS"
"7775","Mississippi","poverty",602768,21320,2016,"MS"
"7776","Mississippi","median_income",41754,556,2016,"MS"
"7777","Mississippi","labor_force",1330706,12719,2016,"MS"
"7778","Mississippi","unemployed",102894,6069,2016,"MS"
"7779","Mississippi","median_rent",728,11,2016,"MS"
"7780","Mississippi","median_home_value",113900,2115,2016,"MS"
"7781","Missouri","median_age",38.4,0.2,2016,"MO"
"7782","Missouri","total_pop",6093000,NA,2016,"MO"
"7783","Missouri","white",5011507,6627,2016,"MO"
"7784","Missouri","black",702946,7236,2016,"MO"
"7785","Missouri","native",30888,3351,2016,"MO"
"7786","Missouri","asian",117335,3722,2016,"MO"
"7787","Missouri","pacific",9193,2040,2016,"MO"
"7788","Missouri","other",71031,6374,2016,"MO"
"7789","Missouri","multiracial",150100,8621,2016,"MO"
"7790","Missouri","hispanic",243567,1739,2016,"MO"
"7791","Missouri","college",729511,12712,2016,"MO"
"7792","Missouri","masters",324191,9934,2016,"MO"
"7793","Missouri","professional",70157,4525,2016,"MO"
"7794","Missouri","doctorate",48791,3527,2016,"MO"
"7795","Missouri","poverty",826954,22623,2016,"MO"
"7796","Missouri","median_income",51746,374,2016,"MO"
"7797","Missouri","labor_force",3042309,16127,2016,"MO"
"7798","Missouri","unemployed",149445,6444,2016,"MO"
"7799","Missouri","median_rent",771,6,2016,"MO"
"7800","Missouri","median_home_value",151400,1188,2016,"MO"
"7801","Montana","median_age",40.1,0.3,2016,"MT"
"7802","Montana","total_pop",1042520,NA,2016,"MT"
"7803","Montana","white",927374,1791,2016,"MT"
"7804","Montana","black",3949,1039,2016,"MT"
"7805","Montana","native",66231,2513,2016,"MT"
"7806","Montana","asian",8432,1383,2016,"MT"
"7807","Montana","pacific",578,331,2016,"MT"
"7808","Montana","other",3738,1189,2016,"MT"
"7809","Montana","multiracial",32218,2943,2016,"MT"
"7810","Montana","hispanic",37090,1084,2016,"MT"
"7811","Montana","college",148944,4923,2016,"MT"
"7812","Montana","masters",48718,3194,2016,"MT"
"7813","Montana","professional",14909,1860,2016,"MT"
"7814","Montana","doctorate",8035,1242,2016,"MT"
"7815","Montana","poverty",135638,7800,2016,"MT"
"7816","Montana","median_income",50027,1096,2016,"MT"
"7817","Montana","labor_force",529223,5034,2016,"MT"
"7818","Montana","unemployed",25373,2311,2016,"MT"
"7819","Montana","median_rent",741,17,2016,"MT"
"7820","Montana","median_home_value",217200,3862,2016,"MT"
"7821","Nebraska","median_age",36.3,0.2,2016,"NE"
"7822","Nebraska","total_pop",1907116,NA,2016,"NE"
"7823","Nebraska","white",1674863,6044,2016,"NE"
"7824","Nebraska","black",89879,3076,2016,"NE"
"7825","Nebraska","native",15865,1390,2016,"NE"
"7826","Nebraska","asian",41548,3337,2016,"NE"
"7827","Nebraska","pacific",1227,579,2016,"NE"
"7828","Nebraska","other",38348,5844,2016,"NE"
"7829","Nebraska","multiracial",45386,4417,2016,"NE"
"7830","Nebraska","hispanic",202449,391,2016,"NE"
"7831","Nebraska","college",261931,6575,2016,"NE"
"7832","Nebraska","masters",90070,3541,2016,"NE"
"7833","Nebraska","professional",22938,2201,2016,"NE"
"7834","Nebraska","doctorate",16033,1597,2016,"NE"
"7835","Nebraska","poverty",211453,10293,2016,"NE"
"7836","Nebraska","median_income",56927,767,2016,"NE"
"7837","Nebraska","labor_force",1025545,7031,2016,"NE"
"7838","Nebraska","unemployed",37751,3408,2016,"NE"
"7839","Nebraska","median_rent",769,10,2016,"NE"
"7840","Nebraska","median_home_value",148100,1675,2016,"NE"
"7841","Nevada","median_age",37.9,0.2,2016,"NV"
"7842","Nevada","total_pop",2940058,NA,2016,"NV"
"7843","Nevada","white",1966690,14686,2016,"NV"
"7844","Nevada","black",260993,5352,2016,"NV"
"7845","Nevada","native",34267,3549,2016,"NV"
"7846","Nevada","asian",244373,5223,2016,"NV"
"7847","Nevada","pacific",20240,1777,2016,"NV"
"7848","Nevada","other",274293,14398,2016,"NV"
"7849","Nevada","multiracial",139202,9741,2016,"NV"
"7850","Nevada","hispanic",836626,NA,2016,"NV"
"7851","Nevada","college",308547,10637,2016,"NV"
"7852","Nevada","masters",114345,5451,2016,"NV"
"7853","Nevada","professional",32605,3008,2016,"NV"
"7854","Nevada","doctorate",16278,1687,2016,"NV"
"7855","Nevada","poverty",399420,18626,2016,"NV"
"7856","Nevada","median_income",55180,901,2016,"NV"
"7857","Nevada","labor_force",1473553,10070,2016,"NV"
"7858","Nevada","unemployed",98389,5478,2016,"NV"
"7859","Nevada","median_rent",1003,13,2016,"NV"
"7860","Nevada","median_home_value",239500,2206,2016,"NV"
"7861","New Hampshire","median_age",42.7,0.3,2016,"NH"
"7862","New Hampshire","total_pop",1334795,NA,2016,"NH"
"7863","New Hampshire","white",1247155,2813,2016,"NH"
"7864","New Hampshire","black",16671,1681,2016,"NH"
"7865","New Hampshire","native",1450,764,2016,"NH"
"7866","New Hampshire","asian",32679,2286,2016,"NH"
"7867","New Hampshire","pacific",66,87,2016,"NH"
"7868","New Hampshire","other",8057,2144,2016,"NH"
"7869","New Hampshire","multiracial",28717,2992,2016,"NH"
"7870","New Hampshire","hispanic",47271,886,2016,"NH"
"7871","New Hampshire","college",213461,6630,2016,"NH"
"7872","New Hampshire","masters",101003,5085,2016,"NH"
"7873","New Hampshire","professional",19392,2099,2016,"NH"
"7874","New Hampshire","doctorate",12822,1653,2016,"NH"
"7875","New Hampshire","poverty",94289,7685,2016,"NH"
"7876","New Hampshire","median_income",70936,1422,2016,"NH"
"7877","New Hampshire","labor_force",746865,7061,2016,"NH"
"7878","New Hampshire","unemployed",26942,2926,2016,"NH"
"7879","New Hampshire","median_rent",1026,23,2016,"NH"
"7880","New Hampshire","median_home_value",251100,3471,2016,"NH"
"7881","New Jersey","median_age",39.5,0.1,2016,"NJ"
"7882","New Jersey","total_pop",8944469,NA,2016,"NJ"
"7883","New Jersey","white",6090908,22621,2016,"NJ"
"7884","New Jersey","black",1194585,11078,2016,"NJ"
"7885","New Jersey","native",20185,3332,2016,"NJ"
"7886","New Jersey","asian",854181,6311,2016,"NJ"
"7887","New Jersey","pacific",3754,1973,2016,"NJ"
"7888","New Jersey","other",543530,20839,2016,"NJ"
"7889","New Jersey","multiracial",237326,12507,2016,"NJ"
"7890","New Jersey","hispanic",1786669,NA,2016,"NJ"
"7891","New Jersey","college",1460518,17545,2016,"NJ"
"7892","New Jersey","masters",670786,12006,2016,"NJ"
"7893","New Jersey","professional",153171,5541,2016,"NJ"
"7894","New Jersey","doctorate",95327,4593,2016,"NJ"
"7895","New Jersey","poverty",915913,28791,2016,"NJ"
"7896","New Jersey","median_income",76126,701,2016,"NJ"
"7897","New Jersey","labor_force",4693391,21160,2016,"NJ"
"7898","New Jersey","unemployed",282998,8298,2016,"NJ"
"7899","New Jersey","median_rent",1244,9,2016,"NJ"
"7900","New Jersey","median_home_value",328200,2191,2016,"NJ"
"7901","New Mexico","median_age",37.7,0.2,2016,"NM"
"7902","New Mexico","total_pop",2081015,NA,2016,"NM"
"7903","New Mexico","white",1539634,11642,2016,"NM"
"7904","New Mexico","black",41043,2715,2016,"NM"
"7905","New Mexico","native",194133,4641,2016,"NM"
"7906","New Mexico","asian",32346,2297,2016,"NM"
"7907","New Mexico","pacific",1428,667,2016,"NM"
"7908","New Mexico","other",206526,11007,2016,"NM"
"7909","New Mexico","multiracial",65905,6313,2016,"NM"
"7910","New Mexico","hispanic",1009876,NA,2016,"NM"
"7911","New Mexico","college",215691,6623,2016,"NM"
"7912","New Mexico","masters",116006,5227,2016,"NM"
"7913","New Mexico","professional",22128,2022,2016,"NM"
"7914","New Mexico","doctorate",24408,2371,2016,"NM"
"7915","New Mexico","poverty",404463,15353,2016,"NM"
"7916","New Mexico","median_income",46748,826,2016,"NM"
"7917","New Mexico","labor_force",952015,9204,2016,"NM"
"7918","New Mexico","unemployed",71339,5029,2016,"NM"
"7919","New Mexico","median_rent",804,16,2016,"NM"
"7920","New Mexico","median_home_value",167500,2143,2016,"NM"
"7921","New York","median_age",38.4,0.1,2016,"NY"
"7922","New York","total_pop",19745289,NA,2016,"NY"
"7923","New York","white",12530463,29879,2016,"NY"
"7924","New York","black",3080534,18978,2016,"NY"
"7925","New York","native",73052,6204,2016,"NY"
"7926","New York","asian",1668036,11780,2016,"NY"
"7927","New York","pacific",9236,2216,2016,"NY"
"7928","New York","other",1767107,34876,2016,"NY"
"7929","New York","multiracial",616861,22455,2016,"NY"
"7930","New York","hispanic",3747614,416,2016,"NY"
"7931","New York","college",2749619,27654,2016,"NY"
"7932","New York","masters",1521940,17492,2016,"NY"
"7933","New York","professional",391676,10635,2016,"NY"
"7934","New York","doctorate",204577,5851,2016,"NY"
"7935","New York","poverty",2832824,38578,2016,"NY"
"7936","New York","median_income",62909,631,2016,"NY"
"7937","New York","labor_force",10103433,23875,2016,"NY"
"7938","New York","unemployed",599965,14757,2016,"NY"
"7939","New York","median_rent",1194,7,2016,"NY"
"7940","New York","median_home_value",302400,2460,2016,"NY"
"7941","North Carolina","median_age",38.7,0.1,2016,"NC"
"7942","North Carolina","total_pop",10146788,NA,2016,"NC"
"7943","North Carolina","white",6989065,14006,2016,"NC"
"7944","North Carolina","black",2182212,12962,2016,"NC"
"7945","North Carolina","native",120843,4912,2016,"NC"
"7946","North Carolina","asian",275428,4413,2016,"NC"
"7947","North Carolina","pacific",6081,1112,2016,"NC"
"7948","North Carolina","other",304293,14221,2016,"NC"
"7949","North Carolina","multiracial",268866,12841,2016,"NC"
"7950","North Carolina","hispanic",931110,1223,2016,"NC"
"7951","North Carolina","college",1345615,18103,2016,"NC"
"7952","North Carolina","masters",543876,12126,2016,"NC"
"7953","North Carolina","professional",114036,4990,2016,"NC"
"7954","North Carolina","doctorate",87578,5027,2016,"NC"
"7955","North Carolina","poverty",1521880,32197,2016,"NC"
"7956","North Carolina","median_income",50584,292,2016,"NC"
"7957","North Carolina","labor_force",4955312,19936,2016,"NC"
"7958","North Carolina","unemployed",309063,9458,2016,"NC"
"7959","North Carolina","median_rent",839,5,2016,"NC"
"7960","North Carolina","median_home_value",165400,1041,2016,"NC"
"7961","North Dakota","median_age",35,0.3,2016,"ND"
"7962","North Dakota","total_pop",757953,NA,2016,"ND"
"7963","North Dakota","white",660919,3096,2016,"ND"
"7964","North Dakota","black",19250,2426,2016,"ND"
"7965","North Dakota","native",41649,2292,2016,"ND"
"7966","North Dakota","asian",9200,1807,2016,"ND"
"7967","North Dakota","pacific",233,278,2016,"ND"
"7968","North Dakota","other",5114,2109,2016,"ND"
"7969","North Dakota","multiracial",21588,2952,2016,"ND"
"7970","North Dakota","hispanic",26434,1861,2016,"ND"
"7971","North Dakota","college",107578,4161,2016,"ND"
"7972","North Dakota","masters",28550,2613,2016,"ND"
"7973","North Dakota","professional",5718,1034,2016,"ND"
"7974","North Dakota","doctorate",4477,847,2016,"ND"
"7975","North Dakota","poverty",78464,6184,2016,"ND"
"7976","North Dakota","median_income",60656,1528,2016,"ND"
"7977","North Dakota","labor_force",419151,4369,2016,"ND"
"7978","North Dakota","unemployed",11782,1894,2016,"ND"
"7979","North Dakota","median_rent",776,17,2016,"ND"
"7980","North Dakota","median_home_value",184100,3927,2016,"ND"
"7981","Ohio","median_age",39.3,0.1,2016,"OH"
"7982","Ohio","total_pop",11614373,NA,2016,"OH"
"7983","Ohio","white",9476221,11069,2016,"OH"
"7984","Ohio","black",1443510,10409,2016,"OH"
"7985","Ohio","native",18081,2486,2016,"OH"
"7986","Ohio","asian",239025,3799,2016,"OH"
"7987","Ohio","pacific",4031,1045,2016,"OH"
"7988","Ohio","other",109073,9109,2016,"OH"
"7989","Ohio","multiracial",324432,12837,2016,"OH"
"7990","Ohio","hispanic",420081,1636,2016,"OH"
"7991","Ohio","college",1362205,16368,2016,"OH"
"7992","Ohio","masters",598321,11011,2016,"OH"
"7993","Ohio","professional",130456,4677,2016,"OH"
"7994","Ohio","doctorate",88699,4031,2016,"OH"
"7995","Ohio","poverty",1645382,32693,2016,"OH"
"7996","Ohio","median_income",52334,275,2016,"OH"
"7997","Ohio","labor_force",5875897,21622,2016,"OH"
"7998","Ohio","unemployed",332095,10111,2016,"OH"
"7999","Ohio","median_rent",759,4,2016,"OH"
"8000","Ohio","median_home_value",140100,755,2016,"OH"
"8001","Oklahoma","median_age",36.4,0.2,2016,"OK"
"8002","Oklahoma","total_pop",3923561,NA,2016,"OK"
"8003","Oklahoma","white",2841467,7869,2016,"OK"
"8004","Oklahoma","black",287373,4830,2016,"OK"
"8005","Oklahoma","native",297948,7020,2016,"OK"
"8006","Oklahoma","asian",79246,2991,2016,"OK"
"8007","Oklahoma","pacific",6143,1280,2016,"OK"
"8008","Oklahoma","other",107778,7573,2016,"OK"
"8009","Oklahoma","multiracial",303606,7998,2016,"OK"
"8010","Oklahoma","hispanic",403936,NA,2016,"OK"
"8011","Oklahoma","college",432922,9518,2016,"OK"
"8012","Oklahoma","masters",157183,5110,2016,"OK"
"8013","Oklahoma","professional",35356,2767,2016,"OK"
"8014","Oklahoma","doctorate",23204,2247,2016,"OK"
"8015","Oklahoma","poverty",620377,15205,2016,"OK"
"8016","Oklahoma","median_income",49176,625,2016,"OK"
"8017","Oklahoma","labor_force",1853639,11078,2016,"OK"
"8018","Oklahoma","unemployed",110892,6032,2016,"OK"
"8019","Oklahoma","median_rent",744,7,2016,"OK"
"8020","Oklahoma","median_home_value",132200,1454,2016,"OK"
"8021","Oregon","median_age",39.2,0.2,2016,"OR"
"8022","Oregon","total_pop",4093465,NA,2016,"OR"
"8023","Oregon","white",3455810,13019,2016,"OR"
"8024","Oregon","black",79575,4274,2016,"OR"
"8025","Oregon","native",45426,4348,2016,"OR"
"8026","Oregon","asian",169459,4996,2016,"OR"
"8027","Oregon","pacific",14823,2564,2016,"OR"
"8028","Oregon","other",120779,10539,2016,"OR"
"8029","Oregon","multiracial",207593,10682,2016,"OR"
"8030","Oregon","hispanic",522568,NA,2016,"OR"
"8031","Oregon","college",572508,9970,2016,"OR"
"8032","Oregon","masters",247973,7003,2016,"OR"
"8033","Oregon","professional",66154,3859,2016,"OR"
"8034","Oregon","doctorate",47895,3319,2016,"OR"
"8035","Oregon","poverty",536146,18071,2016,"OR"
"8036","Oregon","median_income",57532,855,2016,"OR"
"8037","Oregon","labor_force",2058323,13080,2016,"OR"
"8038","Oregon","unemployed",117641,6563,2016,"OR"
"8039","Oregon","median_rent",1015,14,2016,"OR"
"8040","Oregon","median_home_value",287100,2326,2016,"OR"
"8041","Pennsylvania","median_age",40.6,0.1,2016,"PA"
"8042","Pennsylvania","total_pop",12784227,NA,2016,"PA"
"8043","Pennsylvania","white",10340877,15158,2016,"PA"
"8044","Pennsylvania","black",1407047,11772,2016,"PA"
"8045","Pennsylvania","native",23556,3760,2016,"PA"
"8046","Pennsylvania","asian",423180,5309,2016,"PA"
"8047","Pennsylvania","pacific",3417,1040,2016,"PA"
"8048","Pennsylvania","other",262396,14058,2016,"PA"
"8049","Pennsylvania","multiracial",323754,13735,2016,"PA"
"8050","Pennsylvania","hispanic",900002,1330,2016,"PA"
"8051","Pennsylvania","college",1676971,21471,2016,"PA"
"8052","Pennsylvania","masters",765331,11753,2016,"PA"
"8053","Pennsylvania","professional",175633,6165,2016,"PA"
"8054","Pennsylvania","doctorate",129802,5488,2016,"PA"
"8055","Pennsylvania","poverty",1592045,30765,2016,"PA"
"8056","Pennsylvania","median_income",56907,360,2016,"PA"
"8057","Pennsylvania","labor_force",6471221,23345,2016,"PA"
"8058","Pennsylvania","unemployed",373872,10663,2016,"PA"
"8059","Pennsylvania","median_rent",881,5,2016,"PA"
"8060","Pennsylvania","median_home_value",174100,736,2016,"PA"
"8061","Rhode Island","median_age",40.2,0.2,2016,"RI"
"8062","Rhode Island","total_pop",1056426,NA,2016,"RI"
"8063","Rhode Island","white",850105,6310,2016,"RI"
"8064","Rhode Island","black",67526,4174,2016,"RI"
"8065","Rhode Island","native",5304,1774,2016,"RI"
"8066","Rhode Island","asian",36875,2185,2016,"RI"
"8067","Rhode Island","pacific",1437,945,2016,"RI"
"8068","Rhode Island","other",62292,6199,2016,"RI"
"8069","Rhode Island","multiracial",32887,4436,2016,"RI"
"8070","Rhode Island","hispanic",157352,NA,2016,"RI"
"8071","Rhode Island","college",151195,5781,2016,"RI"
"8072","Rhode Island","masters",70435,4856,2016,"RI"
"8073","Rhode Island","professional",17015,2106,2016,"RI"
"8074","Rhode Island","doctorate",11620,1642,2016,"RI"
"8075","Rhode Island","poverty",129932,9143,2016,"RI"
"8076","Rhode Island","median_income",60596,1591,2016,"RI"
"8077","Rhode Island","labor_force",554893,6688,2016,"RI"
"8078","Rhode Island","unemployed",33014,2940,2016,"RI"
"8079","Rhode Island","median_rent",948,17,2016,"RI"
"8080","Rhode Island","median_home_value",247700,3609,2016,"RI"
"8081","South Carolina","median_age",39.1,0.2,2016,"SC"
"8082","South Carolina","total_pop",4961119,NA,2016,"SC"
"8083","South Carolina","white",3342552,9869,2016,"SC"
"8084","South Carolina","black",1337644,8535,2016,"SC"
"8085","South Carolina","native",16010,2758,2016,"SC"
"8086","South Carolina","asian",76870,3837,2016,"SC"
"8087","South Carolina","pacific",2561,1146,2016,"SC"
"8088","South Carolina","other",77386,9581,2016,"SC"
"8089","South Carolina","multiracial",108096,9006,2016,"SC"
"8090","South Carolina","hispanic",272791,3468,2016,"SC"
"8091","South Carolina","college",591086,11410,2016,"SC"
"8092","South Carolina","masters",242201,7936,2016,"SC"
"8093","South Carolina","professional",53013,3536,2016,"SC"
"8094","South Carolina","doctorate",36206,3389,2016,"SC"
"8095","South Carolina","poverty",735960,23271,2016,"SC"
"8096","South Carolina","median_income",49501,601,2016,"SC"
"8097","South Carolina","labor_force",2378487,15979,2016,"SC"
"8098","South Carolina","unemployed",149213,7050,2016,"SC"
"8099","South Carolina","median_rent",841,9,2016,"SC"
"8100","South Carolina","median_home_value",153900,1435,2016,"SC"
"8101","South Dakota","median_age",36.8,0.3,2016,"SD"
"8102","South Dakota","total_pop",865454,NA,2016,"SD"
"8103","South Dakota","white",732939,2644,2016,"SD"
"8104","South Dakota","black",14524,1410,2016,"SD"
"8105","South Dakota","native",77378,3710,2016,"SD"
"8106","South Dakota","asian",12953,1806,2016,"SD"
"8107","South Dakota","pacific",218,228,2016,"SD"
"8108","South Dakota","other",5894,1933,2016,"SD"
"8109","South Dakota","multiracial",21548,2935,2016,"SD"
"8110","South Dakota","hispanic",32227,1422,2016,"SD"
"8111","South Dakota","college",111002,4685,2016,"SD"
"8112","South Dakota","masters",35829,2821,2016,"SD"
"8113","South Dakota","professional",9174,1301,2016,"SD"
"8114","South Dakota","doctorate",7256,1192,2016,"SD"
"8115","South Dakota","poverty",110962,6706,2016,"SD"
"8116","South Dakota","median_income",54467,1289,2016,"SD"
"8117","South Dakota","labor_force",455465,5183,2016,"SD"
"8118","South Dakota","unemployed",17838,1806,2016,"SD"
"8119","South Dakota","median_rent",706,19,2016,"SD"
"8120","South Dakota","median_home_value",160700,2613,2016,"SD"
"8121","Tennessee","median_age",38.6,0.2,2016,"TN"
"8122","Tennessee","total_pop",6651194,NA,2016,"TN"
"8123","Tennessee","white",5177478,9138,2016,"TN"
"8124","Tennessee","black",1114434,9305,2016,"TN"
"8125","Tennessee","native",19053,2905,2016,"TN"
"8126","Tennessee","asian",116375,3917,2016,"TN"
"8127","Tennessee","pacific",4798,2309,2016,"TN"
"8128","Tennessee","other",79206,7466,2016,"TN"
"8129","Tennessee","multiracial",139850,9818,2016,"TN"
"8130","Tennessee","hispanic",347442,2164,2016,"TN"
"8131","Tennessee","college",756055,14474,2016,"TN"
"8132","Tennessee","masters",303704,8740,2016,"TN"
"8133","Tennessee","professional",73385,4931,2016,"TN"
"8134","Tennessee","doctorate",49711,3216,2016,"TN"
"8135","Tennessee","poverty",1023177,25829,2016,"TN"
"8136","Tennessee","median_income",48547,675,2016,"TN"
"8137","Tennessee","labor_force",3201340,15521,2016,"TN"
"8138","Tennessee","unemployed",176743,7489,2016,"TN"
"8139","Tennessee","median_rent",806,8,2016,"TN"
"8140","Tennessee","median_home_value",157700,1194,2016,"TN"
"8141","Texas","median_age",34.5,0.2,2016,"TX"
"8142","Texas","total_pop",27862596,NA,2016,"TX"
"8143","Texas","white",20702709,41751,2016,"TX"
"8144","Texas","black",3362283,16932,2016,"TX"
"8145","Texas","native",135275,9522,2016,"TX"
"8146","Texas","asian",1300300,10959,2016,"TX"
"8147","Texas","pacific",25228,3345,2016,"TX"
"8148","Texas","other",1622087,41067,2016,"TX"
"8149","Texas","multiracial",714714,21781,2016,"TX"
"8150","Texas","hispanic",10883279,217,2016,"TX"
"8151","Texas","college",3362678,30607,2016,"TX"
"8152","Texas","masters",1281070,17892,2016,"TX"
"8153","Texas","professional",295098,9096,2016,"TX"
"8154","Texas","doctorate",196841,8112,2016,"TX"
"8155","Texas","poverty",4261337,60018,2016,"TX"
"8156","Texas","median_income",56565,300,2016,"TX"
"8157","Texas","labor_force",13687703,37125,2016,"TX"
"8158","Texas","unemployed",760247,15892,2016,"TX"
"8159","Texas","median_rent",956,4,2016,"TX"
"8160","Texas","median_home_value",161500,797,2016,"TX"
"8161","Utah","median_age",30.7,0.1,2016,"UT"
"8162","Utah","total_pop",3051217,NA,2016,"UT"
"8163","Utah","white",2633283,10649,2016,"UT"
"8164","Utah","black",32800,2988,2016,"UT"
"8165","Utah","native",31702,2887,2016,"UT"
"8166","Utah","asian",70150,3381,2016,"UT"
"8167","Utah","pacific",29463,2219,2016,"UT"
"8168","Utah","other",164775,9993,2016,"UT"
"8169","Utah","multiracial",89044,6578,2016,"UT"
"8170","Utah","hispanic",420440,NA,2016,"UT"
"8171","Utah","college",381130,8023,2016,"UT"
"8172","Utah","masters",140249,4695,2016,"UT"
"8173","Utah","professional",33569,3299,2016,"UT"
"8174","Utah","doctorate",25987,2398,2016,"UT"
"8175","Utah","poverty",306902,15189,2016,"UT"
"8176","Utah","median_income",65977,955,2016,"UT"
"8177","Utah","labor_force",1515318,10149,2016,"UT"
"8178","Utah","unemployed",61917,4117,2016,"UT"
"8179","Utah","median_rent",954,14,2016,"UT"
"8180","Utah","median_home_value",250300,2721,2016,"UT"
"8181","Vermont","median_age",43.1,0.3,2016,"VT"
"8182","Vermont","total_pop",624594,NA,2016,"VT"
"8183","Vermont","white",589379,961,2016,"VT"
"8184","Vermont","black",7893,1034,2016,"VT"
"8185","Vermont","native",2177,936,2016,"VT"
"8186","Vermont","asian",9406,1088,2016,"VT"
"8187","Vermont","pacific",252,261,2016,"VT"
"8188","Vermont","other",3163,1496,2016,"VT"
"8189","Vermont","multiracial",12324,1632,2016,"VT"
"8190","Vermont","hispanic",12546,1061,2016,"VT"
"8191","Vermont","college",92871,3198,2016,"VT"
"8192","Vermont","masters",46671,2857,2016,"VT"
"8193","Vermont","professional",12297,1560,2016,"VT"
"8194","Vermont","doctorate",8016,1131,2016,"VT"
"8195","Vermont","poverty",71329,5685,2016,"VT"
"8196","Vermont","median_income",57677,1672,2016,"VT"
"8197","Vermont","labor_force",338091,4276,2016,"VT"
"8198","Vermont","unemployed",13267,1842,2016,"VT"
"8199","Vermont","median_rent",925,21,2016,"VT"
"8200","Vermont","median_home_value",223700,4009,2016,"VT"
"8201","Virginia","median_age",38.2,0.2,2016,"VA"
"8202","Virginia","total_pop",8411808,NA,2016,"VA"
"8203","Virginia","white",5707035,12066,2016,"VA"
"8204","Virginia","black",1601868,11353,2016,"VA"
"8205","Virginia","native",23156,3519,2016,"VA"
"8206","Virginia","asian",532320,7196,2016,"VA"
"8207","Virginia","pacific",8379,2085,2016,"VA"
"8208","Virginia","other",228627,12459,2016,"VA"
"8209","Virginia","multiracial",310423,12755,2016,"VA"
"8210","Virginia","hispanic",760611,3151,2016,"VA"
"8211","Virginia","college",1241751,18218,2016,"VA"
"8212","Virginia","masters",695229,11550,2016,"VA"
"8213","Virginia","professional",142532,5001,2016,"VA"
"8214","Virginia","doctorate",99173,4553,2016,"VA"
"8215","Virginia","poverty",896440,28235,2016,"VA"
"8216","Virginia","median_income",68114,748,2016,"VA"
"8217","Virginia","labor_force",4333640,17497,2016,"VA"
"8218","Virginia","unemployed",218154,8946,2016,"VA"
"8219","Virginia","median_rent",1159,13,2016,"VA"
"8220","Virginia","median_home_value",264000,2048,2016,"VA"
"8221","Washington","median_age",37.7,0.2,2016,"WA"
"8222","Washington","total_pop",7288000,NA,2016,"WA"
"8223","Washington","white",5516602,14010,2016,"WA"
"8224","Washington","black",266977,8785,2016,"WA"
"8225","Washington","native",94637,6519,2016,"WA"
"8226","Washington","asian",597215,8484,2016,"WA"
"8227","Washington","pacific",48182,3043,2016,"WA"
"8228","Washington","other",350251,13940,2016,"WA"
"8229","Washington","multiracial",414136,15502,2016,"WA"
"8230","Washington","hispanic",906451,882,2016,"WA"
"8231","Washington","college",1098509,13876,2016,"WA"
"8232","Washington","masters",472318,10733,2016,"WA"
"8233","Washington","professional",109063,5493,2016,"WA"
"8234","Washington","doctorate",75820,4187,2016,"WA"
"8235","Washington","poverty",805691,22400,2016,"WA"
"8236","Washington","median_income",67106,595,2016,"WA"
"8237","Washington","labor_force",3696275,18820,2016,"WA"
"8238","Washington","unemployed",200134,7451,2016,"WA"
"8239","Washington","median_rent",1135,10,2016,"WA"
"8240","Washington","median_home_value",306400,2570,2016,"WA"
"8241","West Virginia","median_age",42.3,0.3,2016,"WV"
"8242","West Virginia","total_pop",1831102,NA,2016,"WV"
"8243","West Virginia","white",1704195,2452,2016,"WV"
"8244","West Virginia","black",69721,3260,2016,"WV"
"8245","West Virginia","native",3851,1223,2016,"WV"
"8246","West Virginia","asian",14133,1491,2016,"WV"
"8247","West Virginia","pacific",404,375,2016,"WV"
"8248","West Virginia","other",7494,1784,2016,"WV"
"8249","West Virginia","multiracial",31304,3390,2016,"WV"
"8250","West Virginia","hispanic",26783,2423,2016,"WV"
"8251","West Virginia","college",162243,6282,2016,"WV"
"8252","West Virginia","masters",78802,4753,2016,"WV"
"8253","West Virginia","professional",16651,2177,2016,"WV"
"8254","West Virginia","doctorate",11061,1680,2016,"WV"
"8255","West Virginia","poverty",319063,13661,2016,"WV"
"8256","West Virginia","median_income",43385,1112,2016,"WV"
"8257","West Virginia","labor_force",801304,8581,2016,"WV"
"8258","West Virginia","unemployed",60791,4180,2016,"WV"
"8259","West Virginia","median_rent",682,15,2016,"WV"
"8260","West Virginia","median_home_value",117900,2342,2016,"WV"
"8261","Wisconsin","median_age",39.4,0.1,2016,"WI"
"8262","Wisconsin","total_pop",5778709,NA,2016,"WI"
"8263","Wisconsin","white",4941688,8179,2016,"WI"
"8264","Wisconsin","black",361653,4783,2016,"WI"
"8265","Wisconsin","native",52608,2643,2016,"WI"
"8266","Wisconsin","asian",155252,3125,2016,"WI"
"8267","Wisconsin","pacific",1534,560,2016,"WI"
"8268","Wisconsin","other",125644,7705,2016,"WI"
"8269","Wisconsin","multiracial",140330,7902,2016,"WI"
"8270","Wisconsin","hispanic",387015,573,2016,"WI"
"8271","Wisconsin","college",758503,11623,2016,"WI"
"8272","Wisconsin","masters",288536,6850,2016,"WI"
"8273","Wisconsin","professional",69338,3209,2016,"WI"
"8274","Wisconsin","doctorate",43798,3124,2016,"WI"
"8275","Wisconsin","poverty",661565,19715,2016,"WI"
"8276","Wisconsin","median_income",56811,549,2016,"WI"
"8277","Wisconsin","labor_force",3088665,12182,2016,"WI"
"8278","Wisconsin","unemployed",125970,5164,2016,"WI"
"8279","Wisconsin","median_rent",802,7,2016,"WI"
"8280","Wisconsin","median_home_value",173200,1053,2016,"WI"
"8281","Wyoming","median_age",37.2,0.4,2016,"WY"
"8282","Wyoming","total_pop",585501,NA,2016,"WY"
"8283","Wyoming","white",538819,2339,2016,"WY"
"8284","Wyoming","black",5970,1540,2016,"WY"
"8285","Wyoming","native",13194,1467,2016,"WY"
"8286","Wyoming","asian",6012,1394,2016,"WY"
"8287","Wyoming","pacific",420,518,2016,"WY"
"8288","Wyoming","other",5782,1948,2016,"WY"
"8289","Wyoming","multiracial",15304,2090,2016,"WY"
"8290","Wyoming","hispanic",56264,683,2016,"WY"
"8291","Wyoming","college",67845,3782,2016,"WY"
"8292","Wyoming","masters",26068,2568,2016,"WY"
"8293","Wyoming","professional",6551,1380,2016,"WY"
"8294","Wyoming","doctorate",5453,1071,2016,"WY"
"8295","Wyoming","poverty",64663,5547,2016,"WY"
"8296","Wyoming","median_income",59882,2214,2016,"WY"
"8297","Wyoming","labor_force",304583,4764,2016,"WY"
"8298","Wyoming","unemployed",17000,1977,2016,"WY"
"8299","Wyoming","median_rent",840,32,2016,"WY"
"8300","Wyoming","median_home_value",209500,6113,2016,"WY"
"8301","Puerto Rico","median_age",40.7,0.2,2016,"PR"
"8302","Puerto Rico","total_pop",3411307,NA,2016,"PR"
"8303","Puerto Rico","white",2278731,20296,2016,"PR"
"8304","Puerto Rico","black",395069,12347,2016,"PR"
"8305","Puerto Rico","native",8082,2395,2016,"PR"
"8306","Puerto Rico","asian",5691,1571,2016,"PR"
"8307","Puerto Rico","pacific",193,196,2016,"PR"
"8308","Puerto Rico","other",575686,19645,2016,"PR"
"8309","Puerto Rico","multiracial",147855,10164,2016,"PR"
"8310","Puerto Rico","hispanic",3365841,5205,2016,"PR"
"8311","Puerto Rico","college",433120,11357,2016,"PR"
"8312","Puerto Rico","masters",112925,5908,2016,"PR"
"8313","Puerto Rico","professional",26678,2967,2016,"PR"
"8314","Puerto Rico","doctorate",27168,3374,2016,"PR"
"8315","Puerto Rico","poverty",1469382,26573,2016,"PR"
"8316","Puerto Rico","median_income",20078,354,2016,"PR"
"8317","Puerto Rico","labor_force",1254914,11437,2016,"PR"
"8318","Puerto Rico","unemployed",202760,8681,2016,"PR"
"8319","Puerto Rico","median_rent",463,12,2016,"PR"
"8320","Puerto Rico","median_home_value",111900,1100,2016,"PR"
"8321","Alabama","median_age",38.7,0.2,2015,"AL"
"8322","Alabama","total_pop",4858979,NA,2015,"AL"
"8323","Alabama","white",3329913,5703,2015,"AL"
"8324","Alabama","black",1303298,5731,2015,"AL"
"8325","Alabama","native",20503,2947,2015,"AL"
"8326","Alabama","asian",59393,2341,2015,"AL"
"8327","Alabama","pacific",4448,2823,2015,"AL"
"8328","Alabama","other",54105,6092,2015,"AL"
"8329","Alabama","multiracial",87319,6593,2015,"AL"
"8330","Alabama","hispanic",192870,2261,2015,"AL"
"8331","Alabama","college",504626,11402,2015,"AL"
"8332","Alabama","masters",207767,8234,2015,"AL"
"8333","Alabama","professional",47504,3227,2015,"AL"
"8334","Alabama","doctorate",32979,3050,2015,"AL"
"8335","Alabama","poverty",876016,23918,2015,"AL"
"8336","Alabama","median_income",44765,744,2015,"AL"
"8337","Alabama","labor_force",2197662,15461,2015,"AL"
"8338","Alabama","unemployed",157544,6651,2015,"AL"
"8339","Alabama","median_rent",729,9,2015,"AL"
"8340","Alabama","median_home_value",134100,1954,2015,"AL"
"8341","Alaska","median_age",33.3,0.3,2015,"AK"
"8342","Alaska","total_pop",738432,NA,2015,"AK"
"8343","Alaska","white",481314,3176,2015,"AK"
"8344","Alaska","black",26176,1808,2015,"AK"
"8345","Alaska","native",101133,3272,2015,"AK"
"8346","Alaska","asian",47295,2541,2015,"AK"
"8347","Alaska","pacific",6762,1818,2015,"AK"
"8348","Alaska","other",12467,3116,2015,"AK"
"8349","Alaska","multiracial",63285,4721,2015,"AK"
"8350","Alaska","hispanic",51825,NA,2015,"AK"
"8351","Alaska","college",87869,4250,2015,"AK"
"8352","Alaska","masters",36260,2506,2015,"AK"
"8353","Alaska","professional",10814,1644,2015,"AK"
"8354","Alaska","doctorate",4473,973,2015,"AK"
"8355","Alaska","poverty",74532,5835,2015,"AK"
"8356","Alaska","median_income",73355,2316,2015,"AK"
"8357","Alaska","labor_force",385165,4843,2015,"AK"
"8358","Alaska","unemployed",30399,2820,2015,"AK"
"8359","Alaska","median_rent",1163,25,2015,"AK"
"8360","Alaska","median_home_value",259600,5619,2015,"AK"
"8361","Arizona","median_age",37.4,0.1,2015,"AZ"
"8362","Arizona","total_pop",6828065,NA,2015,"AZ"
"8363","Arizona","white",5285994,24068,2015,"AZ"
"8364","Arizona","black",300685,6487,2015,"AZ"
"8365","Arizona","native",308469,7402,2015,"AZ"
"8366","Arizona","asian",217556,5352,2015,"AZ"
"8367","Arizona","pacific",11284,1274,2015,"AZ"
"8368","Arizona","other",481631,21623,2015,"AZ"
"8369","Arizona","multiracial",222446,10813,2015,"AZ"
"8370","Arizona","hispanic",2098411,NA,2015,"AZ"
"8371","Arizona","college",788933,13333,2015,"AZ"
"8372","Arizona","masters",339377,9160,2015,"AZ"
"8373","Arizona","professional",74683,4010,2015,"AZ"
"8374","Arizona","doctorate",54456,3365,2015,"AZ"
"8375","Arizona","poverty",1159043,29822,2015,"AZ"
"8376","Arizona","median_income",51492,431,2015,"AZ"
"8377","Arizona","labor_force",3153950,17733,2015,"AZ"
"8378","Arizona","unemployed",216440,8058,2015,"AZ"
"8379","Arizona","median_rent",933,9,2015,"AZ"
"8380","Arizona","median_home_value",194300,1518,2015,"AZ"
"8381","Arkansas","median_age",37.9,0.2,2015,"AR"
"8382","Arkansas","total_pop",2978204,NA,2015,"AR"
"8383","Arkansas","white",2308047,6642,2015,"AR"
"8384","Arkansas","black",469555,5093,2015,"AR"
"8385","Arkansas","native",20797,2908,2015,"AR"
"8386","Arkansas","asian",42404,2472,2015,"AR"
"8387","Arkansas","pacific",7639,907,2015,"AR"
"8388","Arkansas","other",65542,6352,2015,"AR"
"8389","Arkansas","multiracial",64220,5652,2015,"AR"
"8390","Arkansas","hispanic",207743,2071,2015,"AR"
"8391","Arkansas","college",278975,7518,2015,"AR"
"8392","Arkansas","masters",109389,5216,2015,"AR"
"8393","Arkansas","professional",25259,2772,2015,"AR"
"8394","Arkansas","doctorate",19758,2279,2015,"AR"
"8395","Arkansas","poverty",550508,17473,2015,"AR"
"8396","Arkansas","median_income",41995,477,2015,"AR"
"8397","Arkansas","labor_force",1349814,10653,2015,"AR"
"8398","Arkansas","unemployed",78751,4965,2015,"AR"
"8399","Arkansas","median_rent",695,8,2015,"AR"
"8400","Arkansas","median_home_value",120700,1544,2015,"AR"
"8401","California","median_age",36.2,0.1,2015,"CA"
"8402","California","total_pop",39144818,NA,2015,"CA"
"8403","California","white",23824254,64923,2015,"CA"
"8404","California","black",2277229,14769,2015,"CA"
"8405","California","native",282777,13225,2015,"CA"
"8406","California","asian",5548936,20371,2015,"CA"
"8407","California","pacific",157554,6508,2015,"CA"
"8408","California","other",5300297,63956,2015,"CA"
"8409","California","multiracial",1753771,30465,2015,"CA"
"8410","California","hispanic",15184545,NA,2015,"CA"
"8411","California","college",5285754,37074,2015,"CA"
"8412","California","masters",2116434,23675,2015,"CA"
"8413","California","professional",593576,10108,2015,"CA"
"8414","California","doctorate",419926,9800,2015,"CA"
"8415","California","poverty",5891678,66827,2015,"CA"
"8416","California","median_income",64500,395,2015,"CA"
"8417","California","labor_force",19463807,40863,2015,"CA"
"8418","California","unemployed",1418357,20800,2015,"CA"
"8419","California","median_rent",1311,5,2015,"CA"
"8420","California","median_home_value",449100,1441,2015,"CA"
"8421","Colorado","median_age",36.4,0.1,2015,"CO"
"8422","Colorado","total_pop",5456574,NA,2015,"CO"
"8423","Colorado","white",4607390,13594,2015,"CO"
"8424","Colorado","black",224809,6222,2015,"CO"
"8425","Colorado","native",49138,4089,2015,"CO"
"8426","Colorado","asian",162880,5083,2015,"CO"
"8427","Colorado","pacific",9136,1514,2015,"CO"
"8428","Colorado","other",209890,13025,2015,"CO"
"8429","Colorado","multiracial",193331,9623,2015,"CO"
"8430","Colorado","hispanic",1164278,NA,2015,"CO"
"8431","Colorado","college",909032,12164,2015,"CO"
"8432","Colorado","masters",390965,9139,2015,"CO"
"8433","Colorado","professional",81730,3883,2015,"CO"
"8434","Colorado","doctorate",59049,4062,2015,"CO"
"8435","Colorado","poverty",613549,20501,2015,"CO"
"8436","Colorado","median_income",63909,891,2015,"CO"
"8437","Colorado","labor_force",2916718,15603,2015,"CO"
"8438","Colorado","unemployed",151603,7524,2015,"CO"
"8439","Colorado","median_rent",1111,11,2015,"CO"
"8440","Colorado","median_home_value",283800,2168,2015,"CO"
"8441","Connecticut","median_age",40.6,0.2,2015,"CT"
"8442","Connecticut","total_pop",3590886,NA,2015,"CT"
"8443","Connecticut","white",2747943,12766,2015,"CT"
"8444","Connecticut","black",380571,6628,2015,"CT"
"8445","Connecticut","native",8893,1859,2015,"CT"
"8446","Connecticut","asian",156249,2710,2015,"CT"
"8447","Connecticut","pacific",519,229,2015,"CT"
"8448","Connecticut","other",180107,12856,2015,"CT"
"8449","Connecticut","multiracial",116604,7769,2015,"CT"
"8450","Connecticut","hispanic",553783,NA,2015,"CT"
"8451","Connecticut","college",535933,9838,2015,"CT"
"8452","Connecticut","masters",301008,7426,2015,"CT"
"8453","Connecticut","professional",69842,3629,2015,"CT"
"8454","Connecticut","doctorate",41261,3355,2015,"CT"
"8455","Connecticut","poverty",366909,15789,2015,"CT"
"8456","Connecticut","median_income",71346,783,2015,"CT"
"8457","Connecticut","labor_force",1941592,10751,2015,"CT"
"8458","Connecticut","unemployed",134494,5344,2015,"CT"
"8459","Connecticut","median_rent",1108,12,2015,"CT"
"8460","Connecticut","median_home_value",270900,2053,2015,"CT"
"8461","Delaware","median_age",39.7,0.4,2015,"DE"
"8462","Delaware","total_pop",945934,NA,2015,"DE"
"8463","Delaware","white",654904,4740,2015,"DE"
"8464","Delaware","black",203863,3106,2015,"DE"
"8465","Delaware","native",3121,1020,2015,"DE"
"8466","Delaware","asian",36114,1597,2015,"DE"
"8467","Delaware","pacific",334,285,2015,"DE"
"8468","Delaware","other",19157,3844,2015,"DE"
"8469","Delaware","multiracial",28441,3973,2015,"DE"
"8470","Delaware","hispanic",85306,NA,2015,"DE"
"8471","Delaware","college",117581,4752,2015,"DE"
"8472","Delaware","masters",60228,3646,2015,"DE"
"8473","Delaware","professional",13582,1887,2015,"DE"
"8474","Delaware","doctorate",10538,1511,2015,"DE"
"8475","Delaware","poverty",114360,9567,2015,"DE"
"8476","Delaware","median_income",61255,1281,2015,"DE"
"8477","Delaware","labor_force",475209,5761,2015,"DE"
"8478","Delaware","unemployed",27693,2475,2015,"DE"
"8479","Delaware","median_rent",1049,26,2015,"DE"
"8480","Delaware","median_home_value",240200,3936,2015,"DE"
"8481","District of Columbia","median_age",33.8,0.2,2015,"DC"
"8482","District of Columbia","total_pop",672228,NA,2015,"DC"
"8483","District of Columbia","white",269143,3524,2015,"DC"
"8484","District of Columbia","black",318831,2822,2015,"DC"
"8485","District of Columbia","native",1661,1142,2015,"DC"
"8486","District of Columbia","asian",25944,1021,2015,"DC"
"8487","District of Columbia","pacific",475,358,2015,"DC"
"8488","District of Columbia","other",34797,4077,2015,"DC"
"8489","District of Columbia","multiracial",21377,2579,2015,"DC"
"8490","District of Columbia","hispanic",71129,NA,2015,"DC"
"8491","District of Columbia","college",112629,5205,2015,"DC"
"8492","District of Columbia","masters",97445,3909,2015,"DC"
"8493","District of Columbia","professional",37729,3341,2015,"DC"
"8494","District of Columbia","doctorate",20542,2076,2015,"DC"
"8495","District of Columbia","poverty",110500,8628,2015,"DC"
"8496","District of Columbia","median_income",75628,2493,2015,"DC"
"8497","District of Columbia","labor_force",389414,4950,2015,"DC"
"8498","District of Columbia","unemployed",28235,2606,2015,"DC"
"8499","District of Columbia","median_rent",1417,39,2015,"DC"
"8500","District of Columbia","median_home_value",551300,20660,2015,"DC"
"8501","Florida","median_age",41.8,0.1,2015,"FL"
"8502","Florida","total_pop",20271272,NA,2015,"FL"
"8503","Florida","white",15357374,27705,2015,"FL"
"8504","Florida","black",3280778,15532,2015,"FL"
"8505","Florida","native",47032,5060,2015,"FL"
"8506","Florida","asian",544068,8941,2015,"FL"
"8507","Florida","pacific",11898,2694,2015,"FL"
"8508","Florida","other",528266,22821,2015,"FL"
"8509","Florida","multiracial",501856,20371,2015,"FL"
"8510","Florida","hispanic",4962905,1011,2015,"FL"
"8511","Florida","college",2620339,25196,2015,"FL"
"8512","Florida","masters",1012174,16471,2015,"FL"
"8513","Florida","professional",290401,8512,2015,"FL"
"8514","Florida","doctorate",169424,7219,2015,"FL"
"8515","Florida","poverty",3116886,47330,2015,"FL"
"8516","Florida","median_income",49426,331,2015,"FL"
"8517","Florida","labor_force",9668285,27839,2015,"FL"
"8518","Florida","unemployed",678064,17193,2015,"FL"
"8519","Florida","median_rent",1046,5,2015,"FL"
"8520","Florida","median_home_value",179800,1270,2015,"FL"
"8521","Georgia","median_age",36.4,0.2,2015,"GA"
"8522","Georgia","total_pop",10214860,NA,2015,"GA"
"8523","Georgia","white",6077438,15641,2015,"GA"
"8524","Georgia","black",3197929,14494,2015,"GA"
"8525","Georgia","native",28491,4538,2015,"GA"
"8526","Georgia","asian",388457,5862,2015,"GA"
"8527","Georgia","pacific",4337,1726,2015,"GA"
"8528","Georgia","other",284084,16303,2015,"GA"
"8529","Georgia","multiracial",234124,14764,2015,"GA"
"8530","Georgia","hispanic",950093,1771,2015,"GA"
"8531","Georgia","college",1244449,20604,2015,"GA"
"8532","Georgia","masters",534649,12827,2015,"GA"
"8533","Georgia","professional",132042,5520,2015,"GA"
"8534","Georgia","doctorate",88973,5139,2015,"GA"
"8535","Georgia","poverty",1694988,33156,2015,"GA"
"8536","Georgia","median_income",51244,372,2015,"GA"
"8537","Georgia","labor_force",4957832,21508,2015,"GA"
"8538","Georgia","unemployed",352199,11045,2015,"GA"
"8539","Georgia","median_rent",909,6,2015,"GA"
"8540","Georgia","median_home_value",159300,1021,2015,"GA"
"8541","Hawaii","median_age",37.7,0.2,2015,"HI"
"8542","Hawaii","total_pop",1431603,NA,2015,"HI"
"8543","Hawaii","white",372252,4443,2015,"HI"
"8544","Hawaii","black",29644,2122,2015,"HI"
"8545","Hawaii","native",3899,1122,2015,"HI"
"8546","Hawaii","asian",531268,10112,2015,"HI"
"8547","Hawaii","pacific",134232,5671,2015,"HI"
"8548","Hawaii","other",10135,1858,2015,"HI"
"8549","Hawaii","multiracial",350173,11268,2015,"HI"
"8550","Hawaii","hispanic",148705,NA,2015,"HI"
"8551","Hawaii","college",205033,6153,2015,"HI"
"8552","Hawaii","masters",66761,3486,2015,"HI"
"8553","Hawaii","professional",24187,2015,2015,"HI"
"8554","Hawaii","doctorate",13213,1627,2015,"HI"
"8555","Hawaii","poverty",147984,8530,2015,"HI"
"8556","Hawaii","median_income",73486,2012,2015,"HI"
"8557","Hawaii","labor_force",710239,8033,2015,"HI"
"8558","Hawaii","unemployed",35025,3151,2015,"HI"
"8559","Hawaii","median_rent",1500,41,2015,"HI"
"8560","Hawaii","median_home_value",566900,8903,2015,"HI"
"8561","Idaho","median_age",35.8,0.2,2015,"ID"
"8562","Idaho","total_pop",1654930,NA,2015,"ID"
"8563","Idaho","white",1514404,5361,2015,"ID"
"8564","Idaho","black",8828,1371,2015,"ID"
"8565","Idaho","native",23516,2780,2015,"ID"
"8566","Idaho","asian",21145,2248,2015,"ID"
"8567","Idaho","pacific",1931,1013,2015,"ID"
"8568","Idaho","other",37682,4854,2015,"ID"
"8569","Idaho","multiracial",47424,3957,2015,"ID"
"8570","Idaho","hispanic",199840,1220,2015,"ID"
"8571","Idaho","college",189566,6926,2015,"ID"
"8572","Idaho","masters",60161,4223,2015,"ID"
"8573","Idaho","professional",15330,2035,2015,"ID"
"8574","Idaho","doctorate",11855,1804,2015,"ID"
"8575","Idaho","poverty",245551,13820,2015,"ID"
"8576","Idaho","median_income",48275,1093,2015,"ID"
"8577","Idaho","labor_force",786377,8117,2015,"ID"
"8578","Idaho","unemployed",42149,3752,2015,"ID"
"8579","Idaho","median_rent",770,15,2015,"ID"
"8580","Idaho","median_home_value",176300,2572,2015,"ID"
"8581","Illinois","median_age",37.7,0.2,2015,"IL"
"8582","Illinois","total_pop",12859995,NA,2015,"IL"
"8583","Illinois","white",9238679,23235,2015,"IL"
"8584","Illinois","black",1844624,9309,2015,"IL"
"8585","Illinois","native",28792,3784,2015,"IL"
"8586","Illinois","asian",674236,6487,2015,"IL"
"8587","Illinois","pacific",4514,1103,2015,"IL"
"8588","Illinois","other",773685,24560,2015,"IL"
"8589","Illinois","multiracial",295465,10735,2015,"IL"
"8590","Illinois","hispanic",2171988,1131,2015,"IL"
"8591","Illinois","college",1757697,15944,2015,"IL"
"8592","Illinois","masters",803408,14204,2015,"IL"
"8593","Illinois","professional",184590,7258,2015,"IL"
"8594","Illinois","doctorate",107845,5086,2015,"IL"
"8595","Illinois","poverty",1703258,35831,2015,"IL"
"8596","Illinois","median_income",59588,511,2015,"IL"
"8597","Illinois","labor_force",6657355,20551,2015,"IL"
"8598","Illinois","unemployed",460831,13244,2015,"IL"
"8599","Illinois","median_rent",936,6,2015,"IL"
"8600","Illinois","median_home_value",180300,1228,2015,"IL"
"8601","Indiana","median_age",37.5,0.1,2015,"IN"
"8602","Indiana","total_pop",6619680,NA,2015,"IN"
"8603","Indiana","white",5559694,9753,2015,"IN"
"8604","Indiana","black",605660,8094,2015,"IN"
"8605","Indiana","native",15704,2436,2015,"IN"
"8606","Indiana","asian",138664,4048,2015,"IN"
"8607","Indiana","pacific",2602,1294,2015,"IN"
"8608","Indiana","other",140617,10232,2015,"IN"
"8609","Indiana","multiracial",156739,9223,2015,"IN"
"8610","Indiana","hispanic",439094,1784,2015,"IN"
"8611","Indiana","college",697223,12539,2015,"IN"
"8612","Indiana","masters",286021,7778,2015,"IN"
"8613","Indiana","professional",61351,3815,2015,"IN"
"8614","Indiana","doctorate",43525,3528,2015,"IN"
"8615","Indiana","poverty",933181,24656,2015,"IN"
"8616","Indiana","median_income",50532,387,2015,"IN"
"8617","Indiana","labor_force",3312603,16738,2015,"IN"
"8618","Indiana","unemployed",192637,8688,2015,"IN"
"8619","Indiana","median_rent",758,7,2015,"IN"
"8620","Indiana","median_home_value",131000,967,2015,"IN"
"8621","Iowa","median_age",38.1,0.2,2015,"IA"
"8622","Iowa","total_pop",3123899,NA,2015,"IA"
"8623","Iowa","white",2826672,5945,2015,"IA"
"8624","Iowa","black",106610,4123,2015,"IA"
"8625","Iowa","native",11554,2216,2015,"IA"
"8626","Iowa","asian",68505,3291,2015,"IA"
"8627","Iowa","pacific",3282,1772,2015,"IA"
"8628","Iowa","other",47404,5301,2015,"IA"
"8629","Iowa","multiracial",59872,4566,2015,"IA"
"8630","Iowa","hispanic",174318,952,2015,"IA"
"8631","Iowa","college",377035,9018,2015,"IA"
"8632","Iowa","masters",124708,4386,2015,"IA"
"8633","Iowa","professional",33674,2506,2015,"IA"
"8634","Iowa","doctorate",21174,1869,2015,"IA"
"8635","Iowa","poverty",367414,13279,2015,"IA"
"8636","Iowa","median_income",54736,787,2015,"IA"
"8637","Iowa","labor_force",1669321,10259,2015,"IA"
"8638","Iowa","unemployed",69428,4471,2015,"IA"
"8639","Iowa","median_rent",718,8,2015,"IA"
"8640","Iowa","median_home_value",136100,1245,2015,"IA"
"8641","Kansas","median_age",36.2,0.2,2015,"KS"
"8642","Kansas","total_pop",2911641,NA,2015,"KS"
"8643","Kansas","white",2465799,7726,2015,"KS"
"8644","Kansas","black",172109,4919,2015,"KS"
"8645","Kansas","native",27041,3024,2015,"KS"
"8646","Kansas","asian",84221,2647,2015,"KS"
"8647","Kansas","pacific",2197,1182,2015,"KS"
"8648","Kansas","other",67275,6490,2015,"KS"
"8649","Kansas","multiracial",92999,6001,2015,"KS"
"8650","Kansas","hispanic",336321,1186,2015,"KS"
"8651","Kansas","college",384495,8102,2015,"KS"
"8652","Kansas","masters",157694,5288,2015,"KS"
"8653","Kansas","professional",33557,2210,2015,"KS"
"8654","Kansas","doctorate",23317,1911,2015,"KS"
"8655","Kansas","poverty",368879,13898,2015,"KS"
"8656","Kansas","median_income",53906,872,2015,"KS"
"8657","Kansas","labor_force",1486201,10339,2015,"KS"
"8658","Kansas","unemployed",69132,4299,2015,"KS"
"8659","Kansas","median_rent",782,10,2015,"KS"
"8660","Kansas","median_home_value",141200,1556,2015,"KS"
"8661","Kentucky","median_age",38.8,0.3,2015,"KY"
"8662","Kentucky","total_pop",4425092,NA,2015,"KY"
"8663","Kentucky","white",3865712,5045,2015,"KY"
"8664","Kentucky","black",355718,5355,2015,"KY"
"8665","Kentucky","native",8914,1879,2015,"KY"
"8666","Kentucky","asian",59626,2828,2015,"KY"
"8667","Kentucky","pacific",2765,1066,2015,"KY"
"8668","Kentucky","other",38122,4649,2015,"KY"
"8669","Kentucky","multiracial",94235,6001,2015,"KY"
"8670","Kentucky","hispanic",146127,2782,2015,"KY"
"8671","Kentucky","college",406865,8649,2015,"KY"
"8672","Kentucky","masters",207579,7610,2015,"KY"
"8673","Kentucky","professional",52767,2903,2015,"KY"
"8674","Kentucky","doctorate",28963,2547,2015,"KY"
"8675","Kentucky","poverty",794055,21101,2015,"KY"
"8676","Kentucky","median_income",45215,470,2015,"KY"
"8677","Kentucky","labor_force",2062779,12486,2015,"KY"
"8678","Kentucky","unemployed",133812,5321,2015,"KY"
"8679","Kentucky","median_rent",702,8,2015,"KY"
"8680","Kentucky","median_home_value",130000,1285,2015,"KY"
"8681","Louisiana","median_age",36.4,0.1,2015,"LA"
"8682","Louisiana","total_pop",4670724,NA,2015,"LA"
"8683","Louisiana","white",2914693,7522,2015,"LA"
"8684","Louisiana","black",1502375,7155,2015,"LA"
"8685","Louisiana","native",22645,2192,2015,"LA"
"8686","Louisiana","asian",81039,1904,2015,"LA"
"8687","Louisiana","pacific",1146,456,2015,"LA"
"8688","Louisiana","other",51153,6010,2015,"LA"
"8689","Louisiana","multiracial",97673,7420,2015,"LA"
"8690","Louisiana","hispanic",228578,1686,2015,"LA"
"8691","Louisiana","college",470739,10264,2015,"LA"
"8692","Louisiana","masters",170535,6596,2015,"LA"
"8693","Louisiana","professional",49216,3339,2015,"LA"
"8694","Louisiana","doctorate",27568,2320,2015,"LA"
"8695","Louisiana","poverty",889946,24422,2015,"LA"
"8696","Louisiana","median_income",45727,670,2015,"LA"
"8697","Louisiana","labor_force",2193370,15432,2015,"LA"
"8698","Louisiana","unemployed",155558,7833,2015,"LA"
"8699","Louisiana","median_rent",800,9,2015,"LA"
"8700","Louisiana","median_home_value",155600,1445,2015,"LA"
"8701","Maine","median_age",44.6,0.2,2015,"ME"
"8702","Maine","total_pop",1329328,NA,2015,"ME"
"8703","Maine","white",1258074,1424,2015,"ME"
"8704","Maine","black",14795,1718,2015,"ME"
"8705","Maine","native",8966,1152,2015,"ME"
"8706","Maine","asian",13291,1358,2015,"ME"
"8707","Maine","pacific",652,436,2015,"ME"
"8708","Maine","other",2957,1083,2015,"ME"
"8709","Maine","multiracial",30593,2478,2015,"ME"
"8710","Maine","hispanic",20152,592,2015,"ME"
"8711","Maine","college",187513,5838,2015,"ME"
"8712","Maine","masters",71715,3427,2015,"ME"
"8713","Maine","professional",18480,1859,2015,"ME"
"8714","Maine","doctorate",11845,1457,2015,"ME"
"8715","Maine","poverty",172620,9255,2015,"ME"
"8716","Maine","median_income",51494,854,2015,"ME"
"8717","Maine","labor_force",685216,7283,2015,"ME"
"8718","Maine","unemployed",36802,3134,2015,"ME"
"8719","Maine","median_rent",792,16,2015,"ME"
"8720","Maine","median_home_value",180300,3031,2015,"ME"
"8721","Maryland","median_age",38.3,0.2,2015,"MD"
"8722","Maryland","total_pop",6006401,NA,2015,"MD"
"8723","Maryland","white",3395048,10270,2015,"MD"
"8724","Maryland","black",1770161,10035,2015,"MD"
"8725","Maryland","native",15403,2830,2015,"MD"
"8726","Maryland","asian",385167,4604,2015,"MD"
"8727","Maryland","pacific",2911,801,2015,"MD"
"8728","Maryland","other",250417,12016,2015,"MD"
"8729","Maryland","multiracial",187294,10053,2015,"MD"
"8730","Maryland","hispanic",572263,165,2015,"MD"
"8731","Maryland","college",866352,13975,2015,"MD"
"8732","Maryland","masters",505272,10918,2015,"MD"
"8733","Maryland","professional",112754,5380,2015,"MD"
"8734","Maryland","doctorate",107236,5057,2015,"MD"
"8735","Maryland","poverty",570776,21279,2015,"MD"
"8736","Maryland","median_income",75847,591,2015,"MD"
"8737","Maryland","labor_force",3207268,15641,2015,"MD"
"8738","Maryland","unemployed",175802,7499,2015,"MD"
"8739","Maryland","median_rent",1278,14,2015,"MD"
"8740","Maryland","median_home_value",299800,2083,2015,"MD"
"8741","Massachusetts","median_age",39.4,0.1,2015,"MA"
"8742","Massachusetts","total_pop",6794422,NA,2015,"MA"
"8743","Massachusetts","white",5373238,12798,2015,"MA"
"8744","Massachusetts","black",499357,8709,2015,"MA"
"8745","Massachusetts","native",10663,1777,2015,"MA"
"8746","Massachusetts","asian",430739,4536,2015,"MA"
"8747","Massachusetts","pacific",1410,690,2015,"MA"
"8748","Massachusetts","other",280631,12650,2015,"MA"
"8749","Massachusetts","multiracial",198384,10100,2015,"MA"
"8750","Massachusetts","hispanic",757948,675,2015,"MA"
"8751","Massachusetts","college",1086715,13983,2015,"MA"
"8752","Massachusetts","masters",601150,11576,2015,"MA"
"8753","Massachusetts","professional",135323,5311,2015,"MA"
"8754","Massachusetts","doctorate",128501,4968,2015,"MA"
"8755","Massachusetts","poverty",752071,21473,2015,"MA"
"8756","Massachusetts","median_income",70628,620,2015,"MA"
"8757","Massachusetts","labor_force",3739683,14836,2015,"MA"
"8758","Massachusetts","unemployed",217480,7674,2015,"MA"
"8759","Massachusetts","median_rent",1164,11,2015,"MA"
"8760","Massachusetts","median_home_value",352100,2202,2015,"MA"
"8761","Michigan","median_age",39.7,0.1,2015,"MI"
"8762","Michigan","total_pop",9922576,NA,2015,"MI"
"8763","Michigan","white",7801483,8387,2015,"MI"
"8764","Michigan","black",1378111,9749,2015,"MI"
"8765","Michigan","native",53668,3628,2015,"MI"
"8766","Michigan","asian",293157,3884,2015,"MI"
"8767","Michigan","pacific",3757,1092,2015,"MI"
"8768","Michigan","other",120463,7841,2015,"MI"
"8769","Michigan","multiracial",271937,10737,2015,"MI"
"8770","Michigan","hispanic",485972,777,2015,"MI"
"8771","Michigan","college",1145546,13438,2015,"MI"
"8772","Michigan","masters",535769,11486,2015,"MI"
"8773","Michigan","professional",111288,4649,2015,"MI"
"8774","Michigan","doctorate",77870,3579,2015,"MI"
"8775","Michigan","poverty",1529645,27659,2015,"MI"
"8776","Michigan","median_income",51084,244,2015,"MI"
"8777","Michigan","labor_force",4862037,15451,2015,"MI"
"8778","Michigan","unemployed",349396,8597,2015,"MI"
"8779","Michigan","median_rent",803,6,2015,"MI"
"8780","Michigan","median_home_value",137500,796,2015,"MI"
"8781","Minnesota","median_age",37.9,0.1,2015,"MN"
"8782","Minnesota","total_pop",5489594,NA,2015,"MN"
"8783","Minnesota","white",4614799,7190,2015,"MN"
"8784","Minnesota","black",320267,5209,2015,"MN"
"8785","Minnesota","native",55212,2866,2015,"MN"
"8786","Minnesota","asian",258839,4929,2015,"MN"
"8787","Minnesota","pacific",1570,490,2015,"MN"
"8788","Minnesota","other",83169,6087,2015,"MN"
"8789","Minnesota","multiracial",155738,6670,2015,"MN"
"8790","Minnesota","hispanic",282040,950,2015,"MN"
"8791","Minnesota","college",847584,12158,2015,"MN"
"8792","Minnesota","masters",305569,7229,2015,"MN"
"8793","Minnesota","professional",78232,3841,2015,"MN"
"8794","Minnesota","doctorate",52622,3039,2015,"MN"
"8795","Minnesota","poverty",546431,16392,2015,"MN"
"8796","Minnesota","median_income",63488,669,2015,"MN"
"8797","Minnesota","labor_force",3039536,9743,2015,"MN"
"8798","Minnesota","unemployed",126360,5095,2015,"MN"
"8799","Minnesota","median_rent",888,9,2015,"MN"
"8800","Minnesota","median_home_value",2e+05,1224,2015,"MN"
"8801","Mississippi","median_age",37,0.2,2015,"MS"
"8802","Mississippi","total_pop",2992333,NA,2015,"MS"
"8803","Mississippi","white",1758586,4423,2015,"MS"
"8804","Mississippi","black",1128475,4848,2015,"MS"
"8805","Mississippi","native",11723,1059,2015,"MS"
"8806","Mississippi","asian",30540,2306,2015,"MS"
"8807","Mississippi","pacific",834,628,2015,"MS"
"8808","Mississippi","other",26315,4523,2015,"MS"
"8809","Mississippi","multiracial",35860,4205,2015,"MS"
"8810","Mississippi","hispanic",85758,2774,2015,"MS"
"8811","Mississippi","college",253036,8078,2015,"MS"
"8812","Mississippi","masters",111893,6006,2015,"MS"
"8813","Mississippi","professional",24201,2617,2015,"MS"
"8814","Mississippi","doctorate",17469,2199,2015,"MS"
"8815","Mississippi","poverty",637128,21554,2015,"MS"
"8816","Mississippi","median_income",40593,543,2015,"MS"
"8817","Mississippi","labor_force",1324308,9956,2015,"MS"
"8818","Mississippi","unemployed",117629,6392,2015,"MS"
"8819","Mississippi","median_rent",724,10,2015,"MS"
"8820","Mississippi","median_home_value",112700,1963,2015,"MS"
"8821","Missouri","median_age",38.4,0.2,2015,"MO"
"8822","Missouri","total_pop",6083672,NA,2015,"MO"
"8823","Missouri","white",5011327,7416,2015,"MO"
"8824","Missouri","black",709969,6726,2015,"MO"
"8825","Missouri","native",25808,2716,2015,"MO"
"8826","Missouri","asian",114889,3501,2015,"MO"
"8827","Missouri","pacific",6199,1594,2015,"MO"
"8828","Missouri","other",65614,5724,2015,"MO"
"8829","Missouri","multiracial",149866,8432,2015,"MO"
"8830","Missouri","hispanic",240413,2092,2015,"MO"
"8831","Missouri","college",706922,13550,2015,"MO"
"8832","Missouri","masters",320428,7202,2015,"MO"
"8833","Missouri","professional",67649,4267,2015,"MO"
"8834","Missouri","doctorate",45861,3222,2015,"MO"
"8835","Missouri","poverty",875495,21660,2015,"MO"
"8836","Missouri","median_income",50238,415,2015,"MO"
"8837","Missouri","labor_force",3042538,15734,2015,"MO"
"8838","Missouri","unemployed",162229,6576,2015,"MO"
"8839","Missouri","median_rent",763,7,2015,"MO"
"8840","Missouri","median_home_value",147800,1270,2015,"MO"
"8841","Montana","median_age",39.9,0.4,2015,"MT"
"8842","Montana","total_pop",1032949,NA,2015,"MT"
"8843","Montana","white",918701,2213,2015,"MT"
"8844","Montana","black",4725,1068,2015,"MT"
"8845","Montana","native",65106,2658,2015,"MT"
"8846","Montana","asian",9071,1235,2015,"MT"
"8847","Montana","pacific",1034,658,2015,"MT"
"8848","Montana","other",7142,1882,2015,"MT"
"8849","Montana","multiracial",27170,3166,2015,"MT"
"8850","Montana","hispanic",37302,630,2015,"MT"
"8851","Montana","college",144135,5843,2015,"MT"
"8852","Montana","masters",50044,3458,2015,"MT"
"8853","Montana","professional",11866,1614,2015,"MT"
"8854","Montana","doctorate",10129,1438,2015,"MT"
"8855","Montana","poverty",147287,8916,2015,"MT"
"8856","Montana","median_income",49509,1410,2015,"MT"
"8857","Montana","labor_force",513209,6106,2015,"MT"
"8858","Montana","unemployed",23334,2264,2015,"MT"
"8859","Montana","median_rent",763,15,2015,"MT"
"8860","Montana","median_home_value",209500,3739,2015,"MT"
"8861","Nebraska","median_age",36.1,0.2,2015,"NE"
"8862","Nebraska","total_pop",1896190,NA,2015,"NE"
"8863","Nebraska","white",1671988,6529,2015,"NE"
"8864","Nebraska","black",90535,2978,2015,"NE"
"8865","Nebraska","native",17360,2077,2015,"NE"
"8866","Nebraska","asian",39906,1996,2015,"NE"
"8867","Nebraska","pacific",1221,765,2015,"NE"
"8868","Nebraska","other",31466,5873,2015,"NE"
"8869","Nebraska","multiracial",43714,3916,2015,"NE"
"8870","Nebraska","hispanic",196968,458,2015,"NE"
"8871","Nebraska","college",244556,5820,2015,"NE"
"8872","Nebraska","masters",90029,3893,2015,"NE"
"8873","Nebraska","professional",21162,2326,2015,"NE"
"8874","Nebraska","doctorate",16541,1813,2015,"NE"
"8875","Nebraska","poverty",231321,10619,2015,"NE"
"8876","Nebraska","median_income",54996,830,2015,"NE"
"8877","Nebraska","labor_force",1019543,6418,2015,"NE"
"8878","Nebraska","unemployed",32754,2446,2015,"NE"
"8879","Nebraska","median_rent",750,11,2015,"NE"
"8880","Nebraska","median_home_value",141600,1690,2015,"NE"
"8881","Nevada","median_age",37.8,0.2,2015,"NV"
"8882","Nevada","total_pop",2890845,NA,2015,"NV"
"8883","Nevada","white",1952341,14544,2015,"NV"
"8884","Nevada","black",246720,4756,2015,"NV"
"8885","Nevada","native",33607,3481,2015,"NV"
"8886","Nevada","asian",231566,4314,2015,"NV"
"8887","Nevada","pacific",18326,1544,2015,"NV"
"8888","Nevada","other",264719,12674,2015,"NV"
"8889","Nevada","multiracial",143566,8121,2015,"NV"
"8890","Nevada","hispanic",813394,NA,2015,"NV"
"8891","Nevada","college",304948,9025,2015,"NV"
"8892","Nevada","masters",112195,5483,2015,"NV"
"8893","Nevada","professional",28328,2562,2015,"NV"
"8894","Nevada","doctorate",18210,1948,2015,"NV"
"8895","Nevada","poverty",418243,18129,2015,"NV"
"8896","Nevada","median_income",52431,978,2015,"NV"
"8897","Nevada","labor_force",1446814,10247,2015,"NV"
"8898","Nevada","unemployed",115018,6255,2015,"NV"
"8899","Nevada","median_rent",980,11,2015,"NV"
"8900","Nevada","median_home_value",221400,2226,2015,"NV"
"8901","New Hampshire","median_age",42.8,0.2,2015,"NH"
"8902","New Hampshire","total_pop",1330608,NA,2015,"NH"
"8903","New Hampshire","white",1245262,1995,2015,"NH"
"8904","New Hampshire","black",21292,1989,2015,"NH"
"8905","New Hampshire","native",1561,592,2015,"NH"
"8906","New Hampshire","asian",34014,1938,2015,"NH"
"8907","New Hampshire","pacific",254,231,2015,"NH"
"8908","New Hampshire","other",5663,1465,2015,"NH"
"8909","New Hampshire","multiracial",22562,2362,2015,"NH"
"8910","New Hampshire","hispanic",44355,724,2015,"NH"
"8911","New Hampshire","college",205513,6066,2015,"NH"
"8912","New Hampshire","masters",97780,4778,2015,"NH"
"8913","New Hampshire","professional",17948,1987,2015,"NH"
"8914","New Hampshire","doctorate",13072,1823,2015,"NH"
"8915","New Hampshire","poverty",106046,8442,2015,"NH"
"8916","New Hampshire","median_income",70303,1254,2015,"NH"
"8917","New Hampshire","labor_force",744971,7103,2015,"NH"
"8918","New Hampshire","unemployed",31658,2567,2015,"NH"
"8919","New Hampshire","median_rent",1017,25,2015,"NH"
"8920","New Hampshire","median_home_value",244500,3056,2015,"NH"
"8921","New Jersey","median_age",39.6,0.2,2015,"NJ"
"8922","New Jersey","total_pop",8958013,NA,2015,"NJ"
"8923","New Jersey","white",6060267,21214,2015,"NJ"
"8924","New Jersey","black",1198613,9845,2015,"NJ"
"8925","New Jersey","native",16870,3382,2015,"NJ"
"8926","New Jersey","asian",849240,5820,2015,"NJ"
"8927","New Jersey","pacific",3556,1308,2015,"NJ"
"8928","New Jersey","other",585855,21114,2015,"NJ"
"8929","New Jersey","multiracial",243612,11255,2015,"NJ"
"8930","New Jersey","hispanic",1762179,NA,2015,"NJ"
"8931","New Jersey","college",1437307,16909,2015,"NJ"
"8932","New Jersey","masters",638113,13514,2015,"NJ"
"8933","New Jersey","professional",151341,5541,2015,"NJ"
"8934","New Jersey","doctorate",91312,4349,2015,"NJ"
"8935","New Jersey","poverty",946114,26304,2015,"NJ"
"8936","New Jersey","median_income",72222,610,2015,"NJ"
"8937","New Jersey","labor_force",4684036,19931,2015,"NJ"
"8938","New Jersey","unemployed",309500,8976,2015,"NJ"
"8939","New Jersey","median_rent",1214,8,2015,"NJ"
"8940","New Jersey","median_home_value",322600,1769,2015,"NJ"
"8941","New Mexico","median_age",37.4,0.2,2015,"NM"
"8942","New Mexico","total_pop",2085109,NA,2015,"NM"
"8943","New Mexico","white",1530670,13867,2015,"NM"
"8944","New Mexico","black",47873,3058,2015,"NM"
"8945","New Mexico","native",193512,4537,2015,"NM"
"8946","New Mexico","asian",29282,2691,2015,"NM"
"8947","New Mexico","pacific",1355,819,2015,"NM"
"8948","New Mexico","other",211620,13501,2015,"NM"
"8949","New Mexico","multiracial",70797,6162,2015,"NM"
"8950","New Mexico","hispanic",1001264,NA,2015,"NM"
"8951","New Mexico","college",198116,6168,2015,"NM"
"8952","New Mexico","masters",115927,5229,2015,"NM"
"8953","New Mexico","professional",24107,2701,2015,"NM"
"8954","New Mexico","doctorate",26312,2487,2015,"NM"
"8955","New Mexico","poverty",417834,15720,2015,"NM"
"8956","New Mexico","median_income",45382,870,2015,"NM"
"8957","New Mexico","labor_force",950312,11090,2015,"NM"
"8958","New Mexico","unemployed",70505,4343,2015,"NM"
"8959","New Mexico","median_rent",783,15,2015,"NM"
"8960","New Mexico","median_home_value",164100,2119,2015,"NM"
"8961","New York","median_age",38.3,0.2,2015,"NY"
"8962","New York","total_pop",19795791,NA,2015,"NY"
"8963","New York","white",12621132,30579,2015,"NY"
"8964","New York","black",3081333,16953,2015,"NY"
"8965","New York","native",69933,5571,2015,"NY"
"8966","New York","asian",1672186,9568,2015,"NY"
"8967","New York","pacific",6446,1887,2015,"NY"
"8968","New York","other",1763351,31551,2015,"NY"
"8969","New York","multiracial",581410,23387,2015,"NY"
"8970","New York","hispanic",3725193,1157,2015,"NY"
"8971","New York","college",2727078,26972,2015,"NY"
"8972","New York","masters",1474536,14998,2015,"NY"
"8973","New York","professional",372093,9632,2015,"NY"
"8974","New York","doctorate",204756,7032,2015,"NY"
"8975","New York","poverty",2970032,47607,2015,"NY"
"8976","New York","median_income",60850,306,2015,"NY"
"8977","New York","labor_force",10128222,28253,2015,"NY"
"8978","New York","unemployed",654885,14001,2015,"NY"
"8979","New York","median_rent",1173,7,2015,"NY"
"8980","New York","median_home_value",293500,2405,2015,"NY"
"8981","North Carolina","median_age",38.4,0.1,2015,"NC"
"8982","North Carolina","total_pop",10042802,NA,2015,"NC"
"8983","North Carolina","white",6934715,14528,2015,"NC"
"8984","North Carolina","black",2172492,10565,2015,"NC"
"8985","North Carolina","native",120513,4986,2015,"NC"
"8986","North Carolina","asian",268322,5310,2015,"NC"
"8987","North Carolina","pacific",4990,1430,2015,"NC"
"8988","North Carolina","other",300313,15723,2015,"NC"
"8989","North Carolina","multiracial",241457,10393,2015,"NC"
"8990","North Carolina","hispanic",911674,1723,2015,"NC"
"8991","North Carolina","college",1277412,14785,2015,"NC"
"8992","North Carolina","masters",511174,12097,2015,"NC"
"8993","North Carolina","professional",110281,4667,2015,"NC"
"8994","North Carolina","doctorate",92190,4541,2015,"NC"
"8995","North Carolina","poverty",1607835,31818,2015,"NC"
"8996","North Carolina","median_income",47830,521,2015,"NC"
"8997","North Carolina","labor_force",4886759,20583,2015,"NC"
"8998","North Carolina","unemployed",335787,12282,2015,"NC"
"8999","North Carolina","median_rent",827,6,2015,"NC"
"9000","North Carolina","median_home_value",160100,1031,2015,"NC"
"9001","North Dakota","median_age",34.9,0.3,2015,"ND"
"9002","North Dakota","total_pop",756928,NA,2015,"ND"
"9003","North Dakota","white",667900,2285,2015,"ND"
"9004","North Dakota","black",15681,1519,2015,"ND"
"9005","North Dakota","native",37745,1750,2015,"ND"
"9006","North Dakota","asian",10104,829,2015,"ND"
"9007","North Dakota","pacific",445,409,2015,"ND"
"9008","North Dakota","other",6119,1662,2015,"ND"
"9009","North Dakota","multiracial",18934,2508,2015,"ND"
"9010","North Dakota","hispanic",26059,927,2015,"ND"
"9011","North Dakota","college",105625,4478,2015,"ND"
"9012","North Dakota","masters",24169,2293,2015,"ND"
"9013","North Dakota","professional",7182,1261,2015,"ND"
"9014","North Dakota","doctorate",6427,1126,2015,"ND"
"9015","North Dakota","poverty",80170,5329,2015,"ND"
"9016","North Dakota","median_income",60557,1661,2015,"ND"
"9017","North Dakota","labor_force",415475,4498,2015,"ND"
"9018","North Dakota","unemployed",10886,1787,2015,"ND"
"9019","North Dakota","median_rent",775,16,2015,"ND"
"9020","North Dakota","median_home_value",180900,3683,2015,"ND"
"9021","Ohio","median_age",39.3,0.1,2015,"OH"
"9022","Ohio","total_pop",11613423,NA,2015,"OH"
"9023","Ohio","white",9519055,8894,2015,"OH"
"9024","Ohio","black",1426291,11547,2015,"OH"
"9025","Ohio","native",21901,3439,2015,"OH"
"9026","Ohio","asian",233468,4811,2015,"OH"
"9027","Ohio","pacific",4995,2361,2015,"OH"
"9028","Ohio","other",98382,7123,2015,"OH"
"9029","Ohio","multiracial",309331,13713,2015,"OH"
"9030","Ohio","hispanic",411202,1884,2015,"OH"
"9031","Ohio","college",1329009,16436,2015,"OH"
"9032","Ohio","masters",573041,9686,2015,"OH"
"9033","Ohio","professional",126835,4931,2015,"OH"
"9034","Ohio","doctorate",86231,4684,2015,"OH"
"9035","Ohio","poverty",1674415,34580,2015,"OH"
"9036","Ohio","median_income",51075,233,2015,"OH"
"9037","Ohio","labor_force",5863639,20392,2015,"OH"
"9038","Ohio","unemployed",373897,9226,2015,"OH"
"9039","Ohio","median_rent",746,4,2015,"OH"
"9040","Ohio","median_home_value",136400,838,2015,"OH"
"9041","Oklahoma","median_age",36.3,0.1,2015,"OK"
"9042","Oklahoma","total_pop",3911338,NA,2015,"OK"
"9043","Oklahoma","white",2838386,6875,2015,"OK"
"9044","Oklahoma","black",286314,5378,2015,"OK"
"9045","Oklahoma","native",286598,6783,2015,"OK"
"9046","Oklahoma","asian",78528,2737,2015,"OK"
"9047","Oklahoma","pacific",3541,946,2015,"OK"
"9048","Oklahoma","other",108268,7114,2015,"OK"
"9049","Oklahoma","multiracial",309703,8731,2015,"OK"
"9050","Oklahoma","hispanic",396464,NA,2015,"OK"
"9051","Oklahoma","college",421765,8107,2015,"OK"
"9052","Oklahoma","masters",149714,5515,2015,"OK"
"9053","Oklahoma","professional",32723,2638,2015,"OK"
"9054","Oklahoma","doctorate",25802,2050,2015,"OK"
"9055","Oklahoma","poverty",610828,15093,2015,"OK"
"9056","Oklahoma","median_income",48568,514,2015,"OK"
"9057","Oklahoma","labor_force",1854533,9722,2015,"OK"
"9058","Oklahoma","unemployed",101088,4577,2015,"OK"
"9059","Oklahoma","median_rent",759,7,2015,"OK"
"9060","Oklahoma","median_home_value",126800,1492,2015,"OK"
"9061","Oregon","median_age",39.1,0.2,2015,"OR"
"9062","Oregon","total_pop",4028977,NA,2015,"OR"
"9063","Oregon","white",3433909,9509,2015,"OR"
"9064","Oregon","black",76980,3389,2015,"OR"
"9065","Oregon","native",50126,4304,2015,"OR"
"9066","Oregon","asian",164291,4505,2015,"OR"
"9067","Oregon","pacific",14239,2030,2015,"OR"
"9068","Oregon","other",106607,8516,2015,"OR"
"9069","Oregon","multiracial",182825,9150,2015,"OR"
"9070","Oregon","hispanic",511898,NA,2015,"OR"
"9071","Oregon","college",566244,11190,2015,"OR"
"9072","Oregon","masters",233801,7207,2015,"OR"
"9073","Oregon","professional",59402,3252,2015,"OR"
"9074","Oregon","doctorate",42220,3024,2015,"OR"
"9075","Oregon","poverty",607029,22484,2015,"OR"
"9076","Oregon","median_income",54148,912,2015,"OR"
"9077","Oregon","labor_force",2018994,11479,2015,"OR"
"9078","Oregon","unemployed",137739,7121,2015,"OR"
"9079","Oregon","median_rent",943,9,2015,"OR"
"9080","Oregon","median_home_value",264100,2568,2015,"OR"
"9081","Pennsylvania","median_age",40.7,0.1,2015,"PA"
"9082","Pennsylvania","total_pop",12802503,NA,2015,"PA"
"9083","Pennsylvania","white",10386678,12857,2015,"PA"
"9084","Pennsylvania","black",1408512,9508,2015,"PA"
"9085","Pennsylvania","native",25085,3616,2015,"PA"
"9086","Pennsylvania","asian",420116,5025,2015,"PA"
"9087","Pennsylvania","pacific",4253,1249,2015,"PA"
"9088","Pennsylvania","other",248488,13541,2015,"PA"
"9089","Pennsylvania","multiracial",309371,11537,2015,"PA"
"9090","Pennsylvania","hispanic",870209,988,2015,"PA"
"9091","Pennsylvania","college",1611499,17068,2015,"PA"
"9092","Pennsylvania","masters",740396,12267,2015,"PA"
"9093","Pennsylvania","professional",169282,6126,2015,"PA"
"9094","Pennsylvania","doctorate",119846,4962,2015,"PA"
"9095","Pennsylvania","poverty",1629995,31848,2015,"PA"
"9096","Pennsylvania","median_income",55702,377,2015,"PA"
"9097","Pennsylvania","labor_force",6518212,19421,2015,"PA"
"9098","Pennsylvania","unemployed",408542,10957,2015,"PA"
"9099","Pennsylvania","median_rent",868,5,2015,"PA"
"9100","Pennsylvania","median_home_value",170600,718,2015,"PA"
"9101","Rhode Island","median_age",39.7,0.3,2015,"RI"
"9102","Rhode Island","total_pop",1056298,NA,2015,"RI"
"9103","Rhode Island","white",848845,6308,2015,"RI"
"9104","Rhode Island","black",65504,4156,2015,"RI"
"9105","Rhode Island","native",4563,1167,2015,"RI"
"9106","Rhode Island","asian",35540,2074,2015,"RI"
"9107","Rhode Island","pacific",211,268,2015,"RI"
"9108","Rhode Island","other",65257,6793,2015,"RI"
"9109","Rhode Island","multiracial",36378,4754,2015,"RI"
"9110","Rhode Island","hispanic",152085,NA,2015,"RI"
"9111","Rhode Island","college",141131,6187,2015,"RI"
"9112","Rhode Island","masters",69245,3842,2015,"RI"
"9113","Rhode Island","professional",15107,1583,2015,"RI"
"9114","Rhode Island","doctorate",13335,1785,2015,"RI"
"9115","Rhode Island","poverty",141035,9670,2015,"RI"
"9116","Rhode Island","median_income",58073,2421,2015,"RI"
"9117","Rhode Island","labor_force",559733,7174,2015,"RI"
"9118","Rhode Island","unemployed",34758,2973,2015,"RI"
"9119","Rhode Island","median_rent",938,13,2015,"RI"
"9120","Rhode Island","median_home_value",241000,3947,2015,"RI"
"9121","South Carolina","median_age",39,0.2,2015,"SC"
"9122","South Carolina","total_pop",4896146,NA,2015,"SC"
"9123","South Carolina","white",3292094,7581,2015,"SC"
"9124","South Carolina","black",1344114,7124,2015,"SC"
"9125","South Carolina","native",13761,1890,2015,"SC"
"9126","South Carolina","asian",70342,2659,2015,"SC"
"9127","South Carolina","pacific",3361,1751,2015,"SC"
"9128","South Carolina","other",68788,6965,2015,"SC"
"9129","South Carolina","multiracial",103686,6465,2015,"SC"
"9130","South Carolina","hispanic",262555,2215,2015,"SC"
"9131","South Carolina","college",575843,10818,2015,"SC"
"9132","South Carolina","masters",234180,7643,2015,"SC"
"9133","South Carolina","professional",46010,3334,2015,"SC"
"9134","South Carolina","doctorate",34208,2807,2015,"SC"
"9135","South Carolina","poverty",790715,22651,2015,"SC"
"9136","South Carolina","median_income",47238,547,2015,"SC"
"9137","South Carolina","labor_force",2336291,16302,2015,"SC"
"9138","South Carolina","unemployed",170589,6867,2015,"SC"
"9139","South Carolina","median_rent",819,9,2015,"SC"
"9140","South Carolina","median_home_value",148600,1745,2015,"SC"
"9141","South Dakota","median_age",36.9,0.3,2015,"SD"
"9142","South Dakota","total_pop",858469,NA,2015,"SD"
"9143","South Dakota","white",725937,2619,2015,"SD"
"9144","South Dakota","black",13172,1389,2015,"SD"
"9145","South Dakota","native",71102,2895,2015,"SD"
"9146","South Dakota","asian",11911,1378,2015,"SD"
"9147","South Dakota","pacific",737,524,2015,"SD"
"9148","South Dakota","other",10213,2321,2015,"SD"
"9149","South Dakota","multiracial",25397,2727,2015,"SD"
"9150","South Dakota","hispanic",30079,845,2015,"SD"
"9151","South Dakota","college",110562,4922,2015,"SD"
"9152","South Dakota","masters",30370,2403,2015,"SD"
"9153","South Dakota","professional",6912,1124,2015,"SD"
"9154","South Dakota","doctorate",7041,1236,2015,"SD"
"9155","South Dakota","poverty",114071,7467,2015,"SD"
"9156","South Dakota","median_income",53017,1096,2015,"SD"
"9157","South Dakota","labor_force",454996,6037,2015,"SD"
"9158","South Dakota","unemployed",18144,2100,2015,"SD"
"9159","South Dakota","median_rent",675,18,2015,"SD"
"9160","South Dakota","median_home_value",152800,2490,2015,"SD"
"9161","Tennessee","median_age",38.7,0.1,2015,"TN"
"9162","Tennessee","total_pop",6600299,NA,2015,"TN"
"9163","Tennessee","white",5129336,8520,2015,"TN"
"9164","Tennessee","black",1110412,8543,2015,"TN"
"9165","Tennessee","native",19294,2549,2015,"TN"
"9166","Tennessee","asian",107075,3696,2015,"TN"
"9167","Tennessee","pacific",2909,1195,2015,"TN"
"9168","Tennessee","other",90293,7353,2015,"TN"
"9169","Tennessee","multiracial",140980,9160,2015,"TN"
"9170","Tennessee","hispanic",333460,2079,2015,"TN"
"9171","Tennessee","college",719980,12572,2015,"TN"
"9172","Tennessee","masters",306012,8175,2015,"TN"
"9173","Tennessee","professional",70973,3905,2015,"TN"
"9174","Tennessee","doctorate",54115,3777,2015,"TN"
"9175","Tennessee","poverty",1077900,30450,2015,"TN"
"9176","Tennessee","median_income",47275,489,2015,"TN"
"9177","Tennessee","labor_force",3198285,16330,2015,"TN"
"9178","Tennessee","unemployed",199471,8079,2015,"TN"
"9179","Tennessee","median_rent",785,6,2015,"TN"
"9180","Tennessee","median_home_value",150600,1195,2015,"TN"
"9181","Texas","median_age",34.4,0.1,2015,"TX"
"9182","Texas","total_pop",27469114,NA,2015,"TX"
"9183","Texas","white",20587917,39722,2015,"TX"
"9184","Texas","black",3298173,17739,2015,"TX"
"9185","Texas","native",132948,9458,2015,"TX"
"9186","Texas","asian",1248823,9581,2015,"TX"
"9187","Texas","pacific",20071,2687,2015,"TX"
"9188","Texas","other",1489855,35287,2015,"TX"
"9189","Texas","multiracial",691327,21395,2015,"TX"
"9190","Texas","hispanic",10672216,417,2015,"TX"
"9191","Texas","college",3266266,31535,2015,"TX"
"9192","Texas","masters",1239900,20009,2015,"TX"
"9193","Texas","professional",262623,8692,2015,"TX"
"9194","Texas","doctorate",186585,6666,2015,"TX"
"9195","Texas","poverty",4255517,65900,2015,"TX"
"9196","Texas","median_income",55653,314,2015,"TX"
"9197","Texas","labor_force",13437133,33499,2015,"TX"
"9198","Texas","unemployed",743232,18947,2015,"TX"
"9199","Texas","median_rent",932,5,2015,"TX"
"9200","Texas","median_home_value",152000,782,2015,"TX"
"9201","Utah","median_age",30.6,0.1,2015,"UT"
"9202","Utah","total_pop",2995919,NA,2015,"UT"
"9203","Utah","white",2611340,11303,2015,"UT"
"9204","Utah","black",34524,2077,2015,"UT"
"9205","Utah","native",35407,3544,2015,"UT"
"9206","Utah","asian",68945,2917,2015,"UT"
"9207","Utah","pacific",23886,2762,2015,"UT"
"9208","Utah","other",135580,9562,2015,"UT"
"9209","Utah","multiracial",86237,6919,2015,"UT"
"9210","Utah","hispanic",409310,415,2015,"UT"
"9211","Utah","college",368302,8387,2015,"UT"
"9212","Utah","masters",133071,5551,2015,"UT"
"9213","Utah","professional",29826,1704,2015,"UT"
"9214","Utah","doctorate",23513,1827,2015,"UT"
"9215","Utah","poverty",331854,15217,2015,"UT"
"9216","Utah","median_income",62912,1223,2015,"UT"
"9217","Utah","labor_force",1472535,11466,2015,"UT"
"9218","Utah","unemployed",58198,4106,2015,"UT"
"9219","Utah","median_rent",925,12,2015,"UT"
"9220","Utah","median_home_value",234600,1959,2015,"UT"
"9221","Vermont","median_age",43.1,0.3,2015,"VT"
"9222","Vermont","total_pop",626042,NA,2015,"VT"
"9223","Vermont","white",593056,1306,2015,"VT"
"9224","Vermont","black",7996,907,2015,"VT"
"9225","Vermont","native",2698,709,2015,"VT"
"9226","Vermont","asian",8627,883,2015,"VT"
"9227","Vermont","pacific",387,368,2015,"VT"
"9228","Vermont","other",2129,1066,2015,"VT"
"9229","Vermont","multiracial",11149,1344,2015,"VT"
"9230","Vermont","hispanic",10422,634,2015,"VT"
"9231","Vermont","college",97824,3782,2015,"VT"
"9232","Vermont","masters",45406,2892,2015,"VT"
"9233","Vermont","professional",10940,1544,2015,"VT"
"9234","Vermont","doctorate",7902,1103,2015,"VT"
"9235","Vermont","poverty",61314,5009,2015,"VT"
"9236","Vermont","median_income",56990,1325,2015,"VT"
"9237","Vermont","labor_force",340689,3379,2015,"VT"
"9238","Vermont","unemployed",12848,1899,2015,"VT"
"9239","Vermont","median_rent",923,22,2015,"VT"
"9240","Vermont","median_home_value",223700,4508,2015,"VT"
"9241","Virginia","median_age",37.8,0.1,2015,"VA"
"9242","Virginia","total_pop",8382993,NA,2015,"VA"
"9243","Virginia","white",5718051,14388,2015,"VA"
"9244","Virginia","black",1612831,11194,2015,"VA"
"9245","Virginia","native",22773,3258,2015,"VA"
"9246","Virginia","asian",524476,6496,2015,"VA"
"9247","Virginia","pacific",5506,1079,2015,"VA"
"9248","Virginia","other",203193,14178,2015,"VA"
"9249","Virginia","multiracial",296163,11097,2015,"VA"
"9250","Virginia","hispanic",753353,2570,2015,"VA"
"9251","Virginia","college",1209217,15736,2015,"VA"
"9252","Virginia","masters",651715,13528,2015,"VA"
"9253","Virginia","professional",137045,4881,2015,"VA"
"9254","Virginia","doctorate",104067,5303,2015,"VA"
"9255","Virginia","poverty",909346,25335,2015,"VA"
"9256","Virginia","median_income",66262,541,2015,"VA"
"9257","Virginia","labor_force",4317898,17061,2015,"VA"
"9258","Virginia","unemployed",236298,8488,2015,"VA"
"9259","Virginia","median_rent",1144,10,2015,"VA"
"9260","Virginia","median_home_value",257800,2248,2015,"VA"
"9261","Washington","median_age",37.5,0.2,2015,"WA"
"9262","Washington","total_pop",7170351,NA,2015,"WA"
"9263","Washington","white",5513655,12496,2015,"WA"
"9264","Washington","black",262552,7397,2015,"WA"
"9265","Washington","native",92403,4540,2015,"WA"
"9266","Washington","asian",568108,7057,2015,"WA"
"9267","Washington","pacific",46453,2417,2015,"WA"
"9268","Washington","other",289942,11884,2015,"WA"
"9269","Washington","multiracial",397238,12928,2015,"WA"
"9270","Washington","hispanic",886419,NA,2015,"WA"
"9271","Washington","college",1059707,14025,2015,"WA"
"9272","Washington","masters",435599,10952,2015,"WA"
"9273","Washington","professional",101103,5072,2015,"WA"
"9274","Washington","doctorate",74484,4648,2015,"WA"
"9275","Washington","poverty",857801,23751,2015,"WA"
"9276","Washington","median_income",64129,794,2015,"WA"
"9277","Washington","labor_force",3613427,17422,2015,"WA"
"9278","Washington","unemployed",215453,7344,2015,"WA"
"9279","Washington","median_rent",1080,10,2015,"WA"
"9280","Washington","median_home_value",284000,1701,2015,"WA"
"9281","West Virginia","median_age",42.2,0.2,2015,"WV"
"9282","West Virginia","total_pop",1844128,NA,2015,"WV"
"9283","West Virginia","white",1722847,2814,2015,"WV"
"9284","West Virginia","black",71194,3663,2015,"WV"
"9285","West Virginia","native",2140,825,2015,"WV"
"9286","West Virginia","asian",14137,1353,2015,"WV"
"9287","West Virginia","pacific",479,321,2015,"WV"
"9288","West Virginia","other",3870,1197,2015,"WV"
"9289","West Virginia","multiracial",29461,3345,2015,"WV"
"9290","West Virginia","hispanic",26663,1708,2015,"WV"
"9291","West Virginia","college",152256,6356,2015,"WV"
"9292","West Virginia","masters",74951,3955,2015,"WV"
"9293","West Virginia","professional",15674,1931,2015,"WV"
"9294","West Virginia","doctorate",11533,1511,2015,"WV"
"9295","West Virginia","poverty",321583,14177,2015,"WV"
"9296","West Virginia","median_income",42019,793,2015,"WV"
"9297","West Virginia","labor_force",796708,7625,2015,"WV"
"9298","West Virginia","unemployed",58270,4083,2015,"WV"
"9299","West Virginia","median_rent",675,12,2015,"WV"
"9300","West Virginia","median_home_value",112100,1903,2015,"WV"
"9301","Wisconsin","median_age",39.4,0.1,2015,"WI"
"9302","Wisconsin","total_pop",5771337,NA,2015,"WI"
"9303","Wisconsin","white",4965524,9672,2015,"WI"
"9304","Wisconsin","black",362290,4469,2015,"WI"
"9305","Wisconsin","native",51752,2655,2015,"WI"
"9306","Wisconsin","asian",156192,3592,2015,"WI"
"9307","Wisconsin","pacific",1643,547,2015,"WI"
"9308","Wisconsin","other",102235,8210,2015,"WI"
"9309","Wisconsin","multiracial",131701,7861,2015,"WI"
"9310","Wisconsin","hispanic",381149,497,2015,"WI"
"9311","Wisconsin","college",742544,11028,2015,"WI"
"9312","Wisconsin","masters",265265,6681,2015,"WI"
"9313","Wisconsin","professional",60698,3011,2015,"WI"
"9314","Wisconsin","doctorate",43951,2917,2015,"WI"
"9315","Wisconsin","poverty",677964,19332,2015,"WI"
"9316","Wisconsin","median_income",55638,427,2015,"WI"
"9317","Wisconsin","labor_force",3091421,10766,2015,"WI"
"9318","Wisconsin","unemployed",131766,5292,2015,"WI"
"9319","Wisconsin","median_rent",792,5,2015,"WI"
"9320","Wisconsin","median_home_value",168300,807,2015,"WI"
"9321","Wyoming","median_age",36.5,0.5,2015,"WY"
"9322","Wyoming","total_pop",586107,NA,2015,"WY"
"9323","Wyoming","white",536320,3624,2015,"WY"
"9324","Wyoming","black",4727,1391,2015,"WY"
"9325","Wyoming","native",12968,1357,2015,"WY"
"9326","Wyoming","asian",4885,993,2015,"WY"
"9327","Wyoming","pacific",260,223,2015,"WY"
"9328","Wyoming","other",10612,3081,2015,"WY"
"9329","Wyoming","multiracial",16335,2133,2015,"WY"
"9330","Wyoming","hispanic",57845,1129,2015,"WY"
"9331","Wyoming","college",67108,4107,2015,"WY"
"9332","Wyoming","masters",25746,2788,2015,"WY"
"9333","Wyoming","professional",5441,1092,2015,"WY"
"9334","Wyoming","doctorate",3739,939,2015,"WY"
"9335","Wyoming","poverty",63425,7239,2015,"WY"
"9336","Wyoming","median_income",60214,1582,2015,"WY"
"9337","Wyoming","labor_force",310369,5577,2015,"WY"
"9338","Wyoming","unemployed",15041,2490,2015,"WY"
"9339","Wyoming","median_rent",815,32,2015,"WY"
"9340","Wyoming","median_home_value",212500,3739,2015,"WY"
"9341","Puerto Rico","median_age",40,0.2,2015,"PR"
"9342","Puerto Rico","total_pop",3474182,NA,2015,"PR"
"9343","Puerto Rico","white",2355164,19257,2015,"PR"
"9344","Puerto Rico","black",341710,12882,2015,"PR"
"9345","Puerto Rico","native",10984,2741,2015,"PR"
"9346","Puerto Rico","asian",7264,2632,2015,"PR"
"9347","Puerto Rico","pacific",0,221,2015,"PR"
"9348","Puerto Rico","other",592114,14496,2015,"PR"
"9349","Puerto Rico","multiracial",166946,12111,2015,"PR"
"9350","Puerto Rico","hispanic",3437388,3897,2015,"PR"
"9351","Puerto Rico","college",424255,9110,2015,"PR"
"9352","Puerto Rico","masters",115599,6083,2015,"PR"
"9353","Puerto Rico","professional",26234,2944,2015,"PR"
"9354","Puerto Rico","doctorate",24140,2750,2015,"PR"
"9355","Puerto Rico","poverty",1586285,22921,2015,"PR"
"9356","Puerto Rico","median_income",18626,332,2015,"PR"
"9357","Puerto Rico","labor_force",1265236,10098,2015,"PR"
"9358","Puerto Rico","unemployed",238625,8401,2015,"PR"
"9359","Puerto Rico","median_rent",433,9,2015,"PR"
"9360","Puerto Rico","median_home_value",114100,1119,2015,"PR"
"9361","Alabama","median_age",38.6,0.2,2014,"AL"
"9362","Alabama","total_pop",4849377,NA,2014,"AL"
"9363","Alabama","white",3320273,6197,2014,"AL"
"9364","Alabama","black",1291826,7415,2014,"AL"
"9365","Alabama","native",22553,2263,2014,"AL"
"9366","Alabama","asian",58456,3055,2014,"AL"
"9367","Alabama","pacific",1446,723,2014,"AL"
"9368","Alabama","other",69859,6642,2014,"AL"
"9369","Alabama","multiracial",84964,6399,2014,"AL"
"9370","Alabama","hispanic",192413,2014,2014,"AL"
"9371","Alabama","college",478058,11918,2014,"AL"
"9372","Alabama","masters",201391,6586,2014,"AL"
"9373","Alabama","professional",51876,3858,2014,"AL"
"9374","Alabama","doctorate",33082,2843,2014,"AL"
"9375","Alabama","poverty",910175,25515,2014,"AL"
"9376","Alabama","median_income",42830,598,2014,"AL"
"9377","Alabama","labor_force",2220715,12570,2014,"AL"
"9378","Alabama","unemployed",190233,7184,2014,"AL"
"9379","Alabama","median_rent",717,9,2014,"AL"
"9380","Alabama","median_home_value",125600,1718,2014,"AL"
"9381","Alaska","median_age",33.3,0.3,2014,"AK"
"9382","Alaska","total_pop",736732,NA,2014,"AK"
"9383","Alaska","white",483584,2777,2014,"AK"
"9384","Alaska","black",24790,2506,2014,"AK"
"9385","Alaska","native",103273,3251,2014,"AK"
"9386","Alaska","asian",43915,2139,2014,"AK"
"9387","Alaska","pacific",8395,1144,2014,"AK"
"9388","Alaska","other",9967,2196,2014,"AK"
"9389","Alaska","multiracial",62808,4350,2014,"AK"
"9390","Alaska","hispanic",49276,200,2014,"AK"
"9391","Alaska","college",85634,3613,2014,"AK"
"9392","Alaska","masters",33103,2734,2014,"AK"
"9393","Alaska","professional",7223,1319,2014,"AK"
"9394","Alaska","doctorate",4304,910,2014,"AK"
"9395","Alaska","poverty",80627,6821,2014,"AK"
"9396","Alaska","median_income",71583,1784,2014,"AK"
"9397","Alaska","labor_force",381695,5064,2014,"AK"
"9398","Alaska","unemployed",29164,2352,2014,"AK"
"9399","Alaska","median_rent",1183,29,2014,"AK"
"9400","Alaska","median_home_value",254500,4774,2014,"AK"
"9401","Arizona","median_age",36.9,0.1,2014,"AZ"
"9402","Arizona","total_pop",6731484,NA,2014,"AZ"
"9403","Arizona","white",5273335,23780,2014,"AZ"
"9404","Arizona","black",280518,6306,2014,"AZ"
"9405","Arizona","native",294757,5954,2014,"AZ"
"9406","Arizona","asian",212116,4644,2014,"AZ"
"9407","Arizona","pacific",12721,1540,2014,"AZ"
"9408","Arizona","other",433934,21381,2014,"AZ"
"9409","Arizona","multiracial",224103,10975,2014,"AZ"
"9410","Arizona","hispanic",2056456,NA,2014,"AZ"
"9411","Arizona","college",765784,13185,2014,"AZ"
"9412","Arizona","masters",328400,7118,2014,"AZ"
"9413","Arizona","professional",74530,4316,2014,"AZ"
"9414","Arizona","doctorate",53578,3414,2014,"AZ"
"9415","Arizona","poverty",1199061,26607,2014,"AZ"
"9416","Arizona","median_income",50068,483,2014,"AZ"
"9417","Arizona","labor_force",3113634,14669,2014,"AZ"
"9418","Arizona","unemployed",247005,8596,2014,"AZ"
"9419","Arizona","median_rent",916,9,2014,"AZ"
"9420","Arizona","median_home_value",176700,2036,2014,"AZ"
"9421","Arkansas","median_age",37.8,0.2,2014,"AR"
"9422","Arkansas","total_pop",2966369,NA,2014,"AR"
"9423","Arkansas","white",2322472,6143,2014,"AR"
"9424","Arkansas","black",468231,4648,2014,"AR"
"9425","Arkansas","native",17091,2248,2014,"AR"
"9426","Arkansas","asian",36555,2279,2014,"AR"
"9427","Arkansas","pacific",7148,2176,2014,"AR"
"9428","Arkansas","other",50385,5783,2014,"AR"
"9429","Arkansas","multiracial",64487,5713,2014,"AR"
"9430","Arkansas","hispanic",205763,1452,2014,"AR"
"9431","Arkansas","college",272411,8594,2014,"AR"
"9432","Arkansas","masters",104636,5481,2014,"AR"
"9433","Arkansas","professional",24531,2496,2014,"AR"
"9434","Arkansas","doctorate",19380,2166,2014,"AR"
"9435","Arkansas","poverty",543882,15436,2014,"AR"
"9436","Arkansas","median_income",41262,653,2014,"AR"
"9437","Arkansas","labor_force",1361069,11454,2014,"AR"
"9438","Arkansas","unemployed",91977,4566,2014,"AR"
"9439","Arkansas","median_rent",683,9,2014,"AR"
"9440","Arkansas","median_home_value",112500,1982,2014,"AR"
"9441","California","median_age",36,0.1,2014,"CA"
"9442","California","total_pop",38802500,NA,2014,"CA"
"9443","California","white",23814044,55051,2014,"CA"
"9444","California","black",2259681,15273,2014,"CA"
"9445","California","native",286631,13165,2014,"CA"
"9446","California","asian",5398090,18287,2014,"CA"
"9447","California","pacific",150072,5167,2014,"CA"
"9448","California","other",5114193,54578,2014,"CA"
"9449","California","multiracial",1779789,27724,2014,"CA"
"9450","California","hispanic",14988770,NA,2014,"CA"
"9451","California","college",5120162,33972,2014,"CA"
"9452","California","masters",2035257,20105,2014,"CA"
"9453","California","professional",586986,13390,2014,"CA"
"9454","California","doctorate",394265,10356,2014,"CA"
"9455","California","poverty",6259098,64461,2014,"CA"
"9456","California","median_income",61933,238,2014,"CA"
"9457","California","labor_force",19276719,36295,2014,"CA"
"9458","California","unemployed",1638567,20205,2014,"CA"
"9459","California","median_rent",1268,5,2014,"CA"
"9460","California","median_home_value",412700,1992,2014,"CA"
"9461","Colorado","median_age",36.3,0.1,2014,"CO"
"9462","Colorado","total_pop",5355866,NA,2014,"CO"
"9463","Colorado","white",4520381,14471,2014,"CO"
"9464","Colorado","black",215446,4979,2014,"CO"
"9465","Colorado","native",55784,5557,2014,"CO"
"9466","Colorado","asian",157958,4063,2014,"CO"
"9467","Colorado","pacific",6679,1548,2014,"CO"
"9468","Colorado","other",215290,14446,2014,"CO"
"9469","Colorado","multiracial",184328,9649,2014,"CO"
"9470","Colorado","hispanic",1135107,NA,2014,"CO"
"9471","Colorado","college",862158,12422,2014,"CO"
"9472","Colorado","masters",373532,8052,2014,"CO"
"9473","Colorado","professional",75829,3656,2014,"CO"
"9474","Colorado","doctorate",62693,3467,2014,"CO"
"9475","Colorado","poverty",630786,21138,2014,"CO"
"9476","Colorado","median_income",61303,487,2014,"CO"
"9477","Colorado","labor_force",2854920,12850,2014,"CO"
"9478","Colorado","unemployed",155638,6255,2014,"CO"
"9479","Colorado","median_rent",1020,12,2014,"CO"
"9480","Colorado","median_home_value",255200,2352,2014,"CO"
"9481","Connecticut","median_age",40.5,0.2,2014,"CT"
"9482","Connecticut","total_pop",3596677,NA,2014,"CT"
"9483","Connecticut","white",2763949,11640,2014,"CT"
"9484","Connecticut","black",371857,7049,2014,"CT"
"9485","Connecticut","native",7085,1449,2014,"CT"
"9486","Connecticut","asian",151402,3740,2014,"CT"
"9487","Connecticut","pacific",1019,668,2014,"CT"
"9488","Connecticut","other",197532,12084,2014,"CT"
"9489","Connecticut","multiracial",103833,7876,2014,"CT"
"9490","Connecticut","hispanic",541153,NA,2014,"CT"
"9491","Connecticut","college",527472,10861,2014,"CT"
"9492","Connecticut","masters",298684,7552,2014,"CT"
"9493","Connecticut","professional",71642,4244,2014,"CT"
"9494","Connecticut","doctorate",42316,3173,2014,"CT"
"9495","Connecticut","poverty",374772,16369,2014,"CT"
"9496","Connecticut","median_income",70048,828,2014,"CT"
"9497","Connecticut","labor_force",1952827,9877,2014,"CT"
"9498","Connecticut","unemployed",154069,6568,2014,"CT"
"9499","Connecticut","median_rent",1076,13,2014,"CT"
"9500","Connecticut","median_home_value",267200,2016,2014,"CT"
"9501","Delaware","median_age",39.6,0.3,2014,"DE"
"9502","Delaware","total_pop",935614,NA,2014,"DE"
"9503","Delaware","white",647533,4080,2014,"DE"
"9504","Delaware","black",203326,3317,2014,"DE"
"9505","Delaware","native",3284,911,2014,"DE"
"9506","Delaware","asian",36172,888,2014,"DE"
"9507","Delaware","pacific",216,252,2014,"DE"
"9508","Delaware","other",20966,3483,2014,"DE"
"9509","Delaware","multiracial",24117,3277,2014,"DE"
"9510","Delaware","hispanic",83326,NA,2014,"DE"
"9511","Delaware","college",116931,5148,2014,"DE"
"9512","Delaware","masters",57035,3586,2014,"DE"
"9513","Delaware","professional",10712,1442,2014,"DE"
"9514","Delaware","doctorate",11203,1874,2014,"DE"
"9515","Delaware","poverty",113508,7940,2014,"DE"
"9516","Delaware","median_income",59716,1674,2014,"DE"
"9517","Delaware","labor_force",472991,5483,2014,"DE"
"9518","Delaware","unemployed",31847,3010,2014,"DE"
"9519","Delaware","median_rent",1024,27,2014,"DE"
"9520","Delaware","median_home_value",230500,3577,2014,"DE"
"9521","District of Columbia","median_age",33.8,0.2,2014,"DC"
"9522","District of Columbia","total_pop",658893,NA,2014,"DC"
"9523","District of Columbia","white",265077,3969,2014,"DC"
"9524","District of Columbia","black",321346,2832,2014,"DC"
"9525","District of Columbia","native",1859,722,2014,"DC"
"9526","District of Columbia","asian",24910,1142,2014,"DC"
"9527","District of Columbia","pacific",172,198,2014,"DC"
"9528","District of Columbia","other",28798,4648,2014,"DC"
"9529","District of Columbia","multiracial",16731,2508,2014,"DC"
"9530","District of Columbia","hispanic",68356,NA,2014,"DC"
"9531","District of Columbia","college",112706,3634,2014,"DC"
"9532","District of Columbia","masters",86777,3902,2014,"DC"
"9533","District of Columbia","professional",36729,3003,2014,"DC"
"9534","District of Columbia","doctorate",18460,2088,2014,"DC"
"9535","District of Columbia","poverty",110666,7793,2014,"DC"
"9536","District of Columbia","median_income",71648,1996,2014,"DC"
"9537","District of Columbia","labor_force",379186,5327,2014,"DC"
"9538","District of Columbia","unemployed",33594,2966,2014,"DC"
"9539","District of Columbia","median_rent",1360,45,2014,"DC"
"9540","District of Columbia","median_home_value",486900,12472,2014,"DC"
"9541","Florida","median_age",41.6,0.1,2014,"FL"
"9542","Florida","total_pop",19893297,NA,2014,"FL"
"9543","Florida","white",15113860,28793,2014,"FL"
"9544","Florida","black",3221160,14886,2014,"FL"
"9545","Florida","native",53014,5155,2014,"FL"
"9546","Florida","asian",524583,7659,2014,"FL"
"9547","Florida","pacific",15149,3314,2014,"FL"
"9548","Florida","other",489726,24853,2014,"FL"
"9549","Florida","multiracial",475805,19977,2014,"FL"
"9550","Florida","hispanic",4788870,NA,2014,"FL"
"9551","Florida","college",2448663,26006,2014,"FL"
"9552","Florida","masters",964916,14634,2014,"FL"
"9553","Florida","professional",261794,9631,2014,"FL"
"9554","Florida","doctorate",155131,6825,2014,"FL"
"9555","Florida","poverty",3211615,59681,2014,"FL"
"9556","Florida","median_income",47463,329,2014,"FL"
"9557","Florida","labor_force",9503651,33322,2014,"FL"
"9558","Florida","unemployed",764681,19820,2014,"FL"
"9559","Florida","median_rent",1003,7,2014,"FL"
"9560","Florida","median_home_value",162700,754,2014,"FL"
"9561","Georgia","median_age",36.1,0.1,2014,"GA"
"9562","Georgia","total_pop",10097343,NA,2014,"GA"
"9563","Georgia","white",6043917,17213,2014,"GA"
"9564","Georgia","black",3163620,12109,2014,"GA"
"9565","Georgia","native",25301,4140,2014,"GA"
"9566","Georgia","asian",371688,5501,2014,"GA"
"9567","Georgia","pacific",6638,2517,2014,"GA"
"9568","Georgia","other",282876,16095,2014,"GA"
"9569","Georgia","multiracial",203303,11149,2014,"GA"
"9570","Georgia","hispanic",922115,2212,2014,"GA"
"9571","Georgia","college",1199733,17773,2014,"GA"
"9572","Georgia","masters",503513,12185,2014,"GA"
"9573","Georgia","professional",126094,5754,2014,"GA"
"9574","Georgia","doctorate",81260,4703,2014,"GA"
"9575","Georgia","poverty",1797969,39080,2014,"GA"
"9576","Georgia","median_income",49321,543,2014,"GA"
"9577","Georgia","labor_force",4869705,21387,2014,"GA"
"9578","Georgia","unemployed",403398,12473,2014,"GA"
"9579","Georgia","median_rent",882,7,2014,"GA"
"9580","Georgia","median_home_value",147900,1494,2014,"GA"
"9581","Hawaii","median_age",38.1,0.2,2014,"HI"
"9582","Hawaii","total_pop",1419561,NA,2014,"HI"
"9583","Hawaii","white",360711,3547,2014,"HI"
"9584","Hawaii","black",30729,2376,2014,"HI"
"9585","Hawaii","native",2191,783,2014,"HI"
"9586","Hawaii","asian",534189,9753,2014,"HI"
"9587","Hawaii","pacific",147612,5023,2014,"HI"
"9588","Hawaii","other",13830,2449,2014,"HI"
"9589","Hawaii","multiracial",330299,10633,2014,"HI"
"9590","Hawaii","hispanic",143238,NA,2014,"HI"
"9591","Hawaii","college",200315,6801,2014,"HI"
"9592","Hawaii","masters",66113,3443,2014,"HI"
"9593","Hawaii","professional",22015,2148,2014,"HI"
"9594","Hawaii","doctorate",13896,1623,2014,"HI"
"9595","Hawaii","poverty",156729,10340,2014,"HI"
"9596","Hawaii","median_income",69592,1456,2014,"HI"
"9597","Hawaii","labor_force",702065,7272,2014,"HI"
"9598","Hawaii","unemployed",37885,3392,2014,"HI"
"9599","Hawaii","median_rent",1448,30,2014,"HI"
"9600","Hawaii","median_home_value",528000,10067,2014,"HI"
"9601","Idaho","median_age",35.9,0.2,2014,"ID"
"9602","Idaho","total_pop",1634464,NA,2014,"ID"
"9603","Idaho","white",1498107,5221,2014,"ID"
"9604","Idaho","black",11354,1682,2014,"ID"
"9605","Idaho","native",21550,2490,2014,"ID"
"9606","Idaho","asian",24009,3453,2014,"ID"
"9607","Idaho","pacific",1984,843,2014,"ID"
"9608","Idaho","other",36664,4390,2014,"ID"
"9609","Idaho","multiracial",40796,4211,2014,"ID"
"9610","Idaho","hispanic",196912,692,2014,"ID"
"9611","Idaho","college",175108,7366,2014,"ID"
"9612","Idaho","masters",58255,3882,2014,"ID"
"9613","Idaho","professional",16311,1951,2014,"ID"
"9614","Idaho","doctorate",11848,1891,2014,"ID"
"9615","Idaho","poverty",237981,11550,2014,"ID"
"9616","Idaho","median_income",47861,1275,2014,"ID"
"9617","Idaho","labor_force",769337,7272,2014,"ID"
"9618","Idaho","unemployed",42569,4206,2014,"ID"
"9619","Idaho","median_rent",755,16,2014,"ID"
"9620","Idaho","median_home_value",165300,2540,2014,"ID"
"9621","Illinois","median_age",37.5,0.2,2014,"IL"
"9622","Illinois","total_pop",12880580,NA,2014,"IL"
"9623","Illinois","white",9290445,21829,2014,"IL"
"9624","Illinois","black",1837715,10948,2014,"IL"
"9625","Illinois","native",27995,3491,2014,"IL"
"9626","Illinois","asian",663454,5604,2014,"IL"
"9627","Illinois","pacific",5825,1486,2014,"IL"
"9628","Illinois","other",763579,22418,2014,"IL"
"9629","Illinois","multiracial",291567,11291,2014,"IL"
"9630","Illinois","hispanic",2151506,1358,2014,"IL"
"9631","Illinois","college",1737022,19299,2014,"IL"
"9632","Illinois","masters",808866,12837,2014,"IL"
"9633","Illinois","professional",178177,6267,2014,"IL"
"9634","Illinois","doctorate",109342,5205,2014,"IL"
"9635","Illinois","poverty",1804535,31908,2014,"IL"
"9636","Illinois","median_income",57444,429,2014,"IL"
"9637","Illinois","labor_force",6681866,19325,2014,"IL"
"9638","Illinois","unemployed",538437,10841,2014,"IL"
"9639","Illinois","median_rent",905,7,2014,"IL"
"9640","Illinois","median_home_value",171900,972,2014,"IL"
"9641","Indiana","median_age",37.4,0.2,2014,"IN"
"9642","Indiana","total_pop",6596855,NA,2014,"IN"
"9643","Indiana","white",5547390,10643,2014,"IN"
"9644","Indiana","black",612890,6872,2014,"IN"
"9645","Indiana","native",13063,2182,2014,"IN"
"9646","Indiana","asian",130250,3827,2014,"IN"
"9647","Indiana","pacific",3216,1261,2014,"IN"
"9648","Indiana","other",143931,10528,2014,"IN"
"9649","Indiana","multiracial",146115,6741,2014,"IN"
"9650","Indiana","hispanic",425465,1512,2014,"IN"
"9651","Indiana","college",682893,12042,2014,"IN"
"9652","Indiana","masters",290178,8756,2014,"IN"
"9653","Indiana","professional",55635,3594,2014,"IN"
"9654","Indiana","doctorate",41896,2950,2014,"IN"
"9655","Indiana","poverty",974218,25464,2014,"IN"
"9656","Indiana","median_income",49446,487,2014,"IN"
"9657","Indiana","labor_force",3321845,13789,2014,"IN"
"9658","Indiana","unemployed",234575,8574,2014,"IN"
"9659","Indiana","median_rent",753,6,2014,"IN"
"9660","Indiana","median_home_value",124300,1009,2014,"IN"
"9661","Iowa","median_age",38.2,0.1,2014,"IA"
"9662","Iowa","total_pop",3107126,NA,2014,"IA"
"9663","Iowa","white",2837758,4198,2014,"IA"
"9664","Iowa","black",97874,3370,2014,"IA"
"9665","Iowa","native",9617,1171,2014,"IA"
"9666","Iowa","asian",68419,3108,2014,"IA"
"9667","Iowa","pacific",2576,1311,2014,"IA"
"9668","Iowa","other",30497,3874,2014,"IA"
"9669","Iowa","multiracial",60385,4438,2014,"IA"
"9670","Iowa","hispanic",171067,1077,2014,"IA"
"9671","Iowa","college",383943,7715,2014,"IA"
"9672","Iowa","masters",129844,5601,2014,"IA"
"9673","Iowa","professional",31909,2784,2014,"IA"
"9674","Iowa","doctorate",24730,2136,2014,"IA"
"9675","Iowa","poverty",367816,14237,2014,"IA"
"9676","Iowa","median_income",53712,761,2014,"IA"
"9677","Iowa","labor_force",1667252,8213,2014,"IA"
"9678","Iowa","unemployed",73662,3833,2014,"IA"
"9679","Iowa","median_rent",711,8,2014,"IA"
"9680","Iowa","median_home_value",133100,1384,2014,"IA"
"9681","Kansas","median_age",36.2,0.1,2014,"KS"
"9682","Kansas","total_pop",2904021,NA,2014,"KS"
"9683","Kansas","white",2466138,7001,2014,"KS"
"9684","Kansas","black",171976,4756,2014,"KS"
"9685","Kansas","native",24500,2148,2014,"KS"
"9686","Kansas","asian",76245,2414,2014,"KS"
"9687","Kansas","pacific",2471,1696,2014,"KS"
"9688","Kansas","other",63129,5802,2014,"KS"
"9689","Kansas","multiracial",99562,5710,2014,"KS"
"9690","Kansas","hispanic",328957,813,2014,"KS"
"9691","Kansas","college",381292,8675,2014,"KS"
"9692","Kansas","masters",156450,5231,2014,"KS"
"9693","Kansas","professional",33162,2423,2014,"KS"
"9694","Kansas","doctorate",22180,2286,2014,"KS"
"9695","Kansas","poverty",382712,13369,2014,"KS"
"9696","Kansas","median_income",52504,706,2014,"KS"
"9697","Kansas","labor_force",1474596,9481,2014,"KS"
"9698","Kansas","unemployed",76742,4491,2014,"KS"
"9699","Kansas","median_rent",773,9,2014,"KS"
"9700","Kansas","median_home_value",132100,1769,2014,"KS"
"9701","Kentucky","median_age",38.5,0.2,2014,"KY"
"9702","Kentucky","total_pop",4413457,NA,2014,"KY"
"9703","Kentucky","white",3858261,5024,2014,"KY"
"9704","Kentucky","black",350141,6964,2014,"KY"
"9705","Kentucky","native",10526,2316,2014,"KY"
"9706","Kentucky","asian",54542,2814,2014,"KY"
"9707","Kentucky","pacific",2650,1378,2014,"KY"
"9708","Kentucky","other",43094,4741,2014,"KY"
"9709","Kentucky","multiracial",94243,5982,2014,"KY"
"9710","Kentucky","hispanic",145170,2196,2014,"KY"
"9711","Kentucky","college",386963,8874,2014,"KY"
"9712","Kentucky","masters",197252,7186,2014,"KY"
"9713","Kentucky","professional",47789,3392,2014,"KY"
"9714","Kentucky","doctorate",27697,2563,2014,"KY"
"9715","Kentucky","poverty",817542,22333,2014,"KY"
"9716","Kentucky","median_income",42958,697,2014,"KY"
"9717","Kentucky","labor_force",2067812,12633,2014,"KY"
"9718","Kentucky","unemployed",158108,6425,2014,"KY"
"9719","Kentucky","median_rent",678,6,2014,"KY"
"9720","Kentucky","median_home_value",123800,1330,2014,"KY"
"9721","Louisiana","median_age",36.1,0.1,2014,"LA"
"9722","Louisiana","total_pop",4649676,NA,2014,"LA"
"9723","Louisiana","white",2919142,5872,2014,"LA"
"9724","Louisiana","black",1502184,7081,2014,"LA"
"9725","Louisiana","native",26009,2449,2014,"LA"
"9726","Louisiana","asian",78675,2378,2014,"LA"
"9727","Louisiana","pacific",2816,1582,2014,"LA"
"9728","Louisiana","other",42238,5421,2014,"LA"
"9729","Louisiana","multiracial",78612,6002,2014,"LA"
"9730","Louisiana","hispanic",223889,1880,2014,"LA"
"9731","Louisiana","college",463860,10327,2014,"LA"
"9732","Louisiana","masters",160595,6662,2014,"LA"
"9733","Louisiana","professional",47873,3343,2014,"LA"
"9734","Louisiana","doctorate",29268,2632,2014,"LA"
"9735","Louisiana","poverty",896524,23296,2014,"LA"
"9736","Louisiana","median_income",44555,738,2014,"LA"
"9737","Louisiana","labor_force",2180626,13130,2014,"LA"
"9738","Louisiana","unemployed",162602,7372,2014,"LA"
"9739","Louisiana","median_rent",801,8,2014,"LA"
"9740","Louisiana","median_home_value",143600,2156,2014,"LA"
"9741","Maine","median_age",44.1,0.2,2014,"ME"
"9742","Maine","total_pop",1330089,NA,2014,"ME"
"9743","Maine","white",1260278,1558,2014,"ME"
"9744","Maine","black",16557,1197,2014,"ME"
"9745","Maine","native",8322,1255,2014,"ME"
"9746","Maine","asian",14447,1256,2014,"ME"
"9747","Maine","pacific",36,39,2014,"ME"
"9748","Maine","other",2947,1313,2014,"ME"
"9749","Maine","multiracial",27502,2120,2014,"ME"
"9750","Maine","hispanic",19839,643,2014,"ME"
"9751","Maine","college",185890,5324,2014,"ME"
"9752","Maine","masters",69374,3130,2014,"ME"
"9753","Maine","professional",14346,1586,2014,"ME"
"9754","Maine","doctorate",12171,1624,2014,"ME"
"9755","Maine","poverty",182791,8933,2014,"ME"
"9756","Maine","median_income",49462,1112,2014,"ME"
"9757","Maine","labor_force",693848,6739,2014,"ME"
"9758","Maine","unemployed",40659,2950,2014,"ME"
"9759","Maine","median_rent",776,13,2014,"ME"
"9760","Maine","median_home_value",174800,2435,2014,"ME"
"9761","Maryland","median_age",38.3,0.1,2014,"MD"
"9762","Maryland","total_pop",5976407,NA,2014,"MD"
"9763","Maryland","white",3432582,12913,2014,"MD"
"9764","Maryland","black",1774618,8851,2014,"MD"
"9765","Maryland","native",14657,2039,2014,"MD"
"9766","Maryland","asian",369996,4570,2014,"MD"
"9767","Maryland","pacific",2086,543,2014,"MD"
"9768","Maryland","other",209461,13474,2014,"MD"
"9769","Maryland","multiracial",173007,8314,2014,"MD"
"9770","Maryland","hispanic",556179,498,2014,"MD"
"9771","Maryland","college",841315,13053,2014,"MD"
"9772","Maryland","masters",489164,10095,2014,"MD"
"9773","Maryland","professional",121503,4966,2014,"MD"
"9774","Maryland","doctorate",101702,4928,2014,"MD"
"9775","Maryland","poverty",589818,21635,2014,"MD"
"9776","Maryland","median_income",73971,867,2014,"MD"
"9777","Maryland","labor_force",3225569,12891,2014,"MD"
"9778","Maryland","unemployed",231268,7748,2014,"MD"
"9779","Maryland","median_rent",1242,12,2014,"MD"
"9780","Maryland","median_home_value",288500,2240,2014,"MD"
"9781","Massachusetts","median_age",39.4,0.2,2014,"MA"
"9782","Massachusetts","total_pop",6745408,NA,2014,"MA"
"9783","Massachusetts","white",5347420,13679,2014,"MA"
"9784","Massachusetts","black",477527,8002,2014,"MA"
"9785","Massachusetts","native",15599,2686,2014,"MA"
"9786","Massachusetts","asian",413079,4865,2014,"MA"
"9787","Massachusetts","pacific",1329,571,2014,"MA"
"9788","Massachusetts","other",279928,13749,2014,"MA"
"9789","Massachusetts","multiracial",210526,11366,2014,"MA"
"9790","Massachusetts","hispanic",730094,984,2014,"MA"
"9791","Massachusetts","college",1077993,16983,2014,"MA"
"9792","Massachusetts","masters",594755,11778,2014,"MA"
"9793","Massachusetts","professional",131136,5157,2014,"MA"
"9794","Massachusetts","doctorate",112845,4628,2014,"MA"
"9795","Massachusetts","poverty",757235,20233,2014,"MA"
"9796","Massachusetts","median_income",69160,957,2014,"MA"
"9797","Massachusetts","labor_force",3720446,18482,2014,"MA"
"9798","Massachusetts","unemployed",249791,10561,2014,"MA"
"9799","Massachusetts","median_rent",1107,10,2014,"MA"
"9800","Massachusetts","median_home_value",338900,2119,2014,"MA"
"9801","Michigan","median_age",39.6,0.1,2014,"MI"
"9802","Michigan","total_pop",9909877,NA,2014,"MI"
"9803","Michigan","white",7816586,10212,2014,"MI"
"9804","Michigan","black",1375194,8062,2014,"MI"
"9805","Michigan","native",55729,2799,2014,"MI"
"9806","Michigan","asian",281404,4069,2014,"MI"
"9807","Michigan","pacific",2260,680,2014,"MI"
"9808","Michigan","other",121859,9960,2014,"MI"
"9809","Michigan","multiracial",256845,10687,2014,"MI"
"9810","Michigan","hispanic",475095,660,2014,"MI"
"9811","Michigan","college",1105362,12648,2014,"MI"
"9812","Michigan","masters",529318,9649,2014,"MI"
"9813","Michigan","professional",115303,4600,2014,"MI"
"9814","Michigan","doctorate",77356,3632,2014,"MI"
"9815","Michigan","poverty",1568844,28256,2014,"MI"
"9816","Michigan","median_income",49847,385,2014,"MI"
"9817","Michigan","labor_force",4848831,19130,2014,"MI"
"9818","Michigan","unemployed",400797,8842,2014,"MI"
"9819","Michigan","median_rent",788,6,2014,"MI"
"9820","Michigan","median_home_value",125700,894,2014,"MI"
"9821","Minnesota","median_age",37.8,0.1,2014,"MN"
"9822","Minnesota","total_pop",5457173,NA,2014,"MN"
"9823","Minnesota","white",4606959,7887,2014,"MN"
"9824","Minnesota","black",312432,5955,2014,"MN"
"9825","Minnesota","native",56934,2820,2014,"MN"
"9826","Minnesota","asian",250352,3570,2014,"MN"
"9827","Minnesota","pacific",2392,968,2014,"MN"
"9828","Minnesota","other",85069,7176,2014,"MN"
"9829","Minnesota","multiracial",143035,6682,2014,"MN"
"9830","Minnesota","hispanic",276440,454,2014,"MN"
"9831","Minnesota","college",834094,10954,2014,"MN"
"9832","Minnesota","masters",295956,6532,2014,"MN"
"9833","Minnesota","professional",75732,3980,2014,"MN"
"9834","Minnesota","doctorate",52752,2701,2014,"MN"
"9835","Minnesota","poverty",611354,19609,2014,"MN"
"9836","Minnesota","median_income",61481,471,2014,"MN"
"9837","Minnesota","labor_force",3005705,11308,2014,"MN"
"9838","Minnesota","unemployed",141188,5628,2014,"MN"
"9839","Minnesota","median_rent",859,7,2014,"MN"
"9840","Minnesota","median_home_value",188300,1282,2014,"MN"
"9841","Mississippi","median_age",36.7,0.2,2014,"MS"
"9842","Mississippi","total_pop",2994079,NA,2014,"MS"
"9843","Mississippi","white",1761195,4009,2014,"MS"
"9844","Mississippi","black",1132556,5543,2014,"MS"
"9845","Mississippi","native",12252,1701,2014,"MS"
"9846","Mississippi","asian",24009,2276,2014,"MS"
"9847","Mississippi","pacific",458,384,2014,"MS"
"9848","Mississippi","other",25266,3313,2014,"MS"
"9849","Mississippi","multiracial",38343,4290,2014,"MS"
"9850","Mississippi","hispanic",80566,2343,2014,"MS"
"9851","Mississippi","college",254250,9001,2014,"MS"
"9852","Mississippi","masters",112856,7040,2014,"MS"
"9853","Mississippi","professional",26090,2656,2014,"MS"
"9854","Mississippi","doctorate",17757,2001,2014,"MS"
"9855","Mississippi","poverty",623113,18212,2014,"MS"
"9856","Mississippi","median_income",39680,773,2014,"MS"
"9857","Mississippi","labor_force",1339521,10830,2014,"MS"
"9858","Mississippi","unemployed",130935,6046,2014,"MS"
"9859","Mississippi","median_rent",711,10,2014,"MS"
"9860","Mississippi","median_home_value",104000,2187,2014,"MS"
"9861","Missouri","median_age",38.5,0.1,2014,"MO"
"9862","Missouri","total_pop",6063589,NA,2014,"MO"
"9863","Missouri","white",4990271,5990,2014,"MO"
"9864","Missouri","black",711601,6936,2014,"MO"
"9865","Missouri","native",26387,2475,2014,"MO"
"9866","Missouri","asian",107426,3866,2014,"MO"
"9867","Missouri","pacific",3763,1221,2014,"MO"
"9868","Missouri","other",73680,6990,2014,"MO"
"9869","Missouri","multiracial",150461,7713,2014,"MO"
"9870","Missouri","hispanic",233325,2161,2014,"MO"
"9871","Missouri","college",696669,12058,2014,"MO"
"9872","Missouri","masters",307730,9575,2014,"MO"
"9873","Missouri","professional",68066,3905,2014,"MO"
"9874","Missouri","doctorate",48246,3503,2014,"MO"
"9875","Missouri","poverty",908628,22347,2014,"MO"
"9876","Missouri","median_income",48363,567,2014,"MO"
"9877","Missouri","labor_force",3009857,15551,2014,"MO"
"9878","Missouri","unemployed",204211,8239,2014,"MO"
"9879","Missouri","median_rent",754,7,2014,"MO"
"9880","Missouri","median_home_value",138500,1302,2014,"MO"
"9881","Montana","median_age",39.6,0.3,2014,"MT"
"9882","Montana","total_pop",1023579,NA,2014,"MT"
"9883","Montana","white",914571,1553,2014,"MT"
"9884","Montana","black",5812,1118,2014,"MT"
"9885","Montana","native",70035,2384,2014,"MT"
"9886","Montana","asian",8176,1500,2014,"MT"
"9887","Montana","pacific",276,194,2014,"MT"
"9888","Montana","other",2856,1056,2014,"MT"
"9889","Montana","multiracial",21853,2394,2014,"MT"
"9890","Montana","hispanic",34668,565,2014,"MT"
"9891","Montana","college",135401,4062,2014,"MT"
"9892","Montana","masters",48606,2864,2014,"MT"
"9893","Montana","professional",11287,1593,2014,"MT"
"9894","Montana","doctorate",8545,1430,2014,"MT"
"9895","Montana","poverty",153954,7951,2014,"MT"
"9896","Montana","median_income",46328,1217,2014,"MT"
"9897","Montana","labor_force",520318,5115,2014,"MT"
"9898","Montana","unemployed",25696,2711,2014,"MT"
"9899","Montana","median_rent",711,15,2014,"MT"
"9900","Montana","median_home_value",196800,3816,2014,"MT"
"9901","Nebraska","median_age",36.2,0.2,2014,"NE"
"9902","Nebraska","total_pop",1881503,NA,2014,"NE"
"9903","Nebraska","white",1660976,5151,2014,"NE"
"9904","Nebraska","black",88620,3209,2014,"NE"
"9905","Nebraska","native",17959,2436,2014,"NE"
"9906","Nebraska","asian",38892,1651,2014,"NE"
"9907","Nebraska","pacific",1056,647,2014,"NE"
"9908","Nebraska","other",30095,3853,2014,"NE"
"9909","Nebraska","multiracial",43905,4253,2014,"NE"
"9910","Nebraska","hispanic",190280,787,2014,"NE"
"9911","Nebraska","college",247729,5860,2014,"NE"
"9912","Nebraska","masters",82051,3726,2014,"NE"
"9913","Nebraska","professional",18375,1574,2014,"NE"
"9914","Nebraska","doctorate",13614,1512,2014,"NE"
"9915","Nebraska","poverty",227310,9475,2014,"NE"
"9916","Nebraska","median_income",52686,688,2014,"NE"
"9917","Nebraska","labor_force",1024201,6501,2014,"NE"
"9918","Nebraska","unemployed",42752,3352,2014,"NE"
"9919","Nebraska","median_rent",742,10,2014,"NE"
"9920","Nebraska","median_home_value",133800,1527,2014,"NE"
"9921","Nevada","median_age",37.4,0.2,2014,"NV"
"9922","Nevada","total_pop",2839099,NA,2014,"NV"
"9923","Nevada","white",1931264,12232,2014,"NV"
"9924","Nevada","black",242994,3963,2014,"NV"
"9925","Nevada","native",30503,2361,2014,"NV"
"9926","Nevada","asian",221841,4609,2014,"NV"
"9927","Nevada","pacific",18553,1480,2014,"NV"
"9928","Nevada","other",268796,12699,2014,"NV"
"9929","Nevada","multiracial",125148,7195,2014,"NV"
"9930","Nevada","hispanic",790038,NA,2014,"NV"
"9931","Nevada","college",291473,8160,2014,"NV"
"9932","Nevada","masters",105579,5040,2014,"NV"
"9933","Nevada","professional",29796,2485,2014,"NV"
"9934","Nevada","doctorate",16615,2019,2014,"NV"
"9935","Nevada","poverty",426730,18737,2014,"NV"
"9936","Nevada","median_income",51450,683,2014,"NV"
"9937","Nevada","labor_force",1425975,10983,2014,"NV"
"9938","Nevada","unemployed",127154,6287,2014,"NV"
"9939","Nevada","median_rent",955,11,2014,"NV"
"9940","Nevada","median_home_value",192100,2623,2014,"NV"
"9941","New Hampshire","median_age",42.5,0.3,2014,"NH"
"9942","New Hampshire","total_pop",1326813,NA,2014,"NH"
"9943","New Hampshire","white",1239410,2714,2014,"NH"
"9944","New Hampshire","black",17009,2081,2014,"NH"
"9945","New Hampshire","native",2339,702,2014,"NH"
"9946","New Hampshire","asian",33974,2254,2014,"NH"
"9947","New Hampshire","pacific",437,312,2014,"NH"
"9948","New Hampshire","other",6252,1438,2014,"NH"
"9949","New Hampshire","multiracial",27392,3155,2014,"NH"
"9950","New Hampshire","hispanic",42452,730,2014,"NH"
"9951","New Hampshire","college",201723,6114,2014,"NH"
"9952","New Hampshire","masters",92567,3643,2014,"NH"
"9953","New Hampshire","professional",17685,1897,2014,"NH"
"9954","New Hampshire","doctorate",14055,1985,2014,"NH"
"9955","New Hampshire","poverty",117983,7687,2014,"NH"
"9956","New Hampshire","median_income",66532,1297,2014,"NH"
"9957","New Hampshire","labor_force",742710,6998,2014,"NH"
"9958","New Hampshire","unemployed",37863,2423,2014,"NH"
"9959","New Hampshire","median_rent",994,16,2014,"NH"
"9960","New Hampshire","median_home_value",236400,2748,2014,"NH"
"9961","New Jersey","median_age",39.4,0.2,2014,"NJ"
"9962","New Jersey","total_pop",8938175,NA,2014,"NJ"
"9963","New Jersey","white",6053656,22978,2014,"NJ"
"9964","New Jersey","black",1212054,10107,2014,"NJ"
"9965","New Jersey","native",15270,2236,2014,"NJ"
"9966","New Jersey","asian",827493,4813,2014,"NJ"
"9967","New Jersey","pacific",2595,1051,2014,"NJ"
"9968","New Jersey","other",621199,22403,2014,"NJ"
"9969","New Jersey","multiracial",205908,10145,2014,"NJ"
"9970","New Jersey","hispanic",1729172,NA,2014,"NJ"
"9971","New Jersey","college",1415973,17840,2014,"NJ"
"9972","New Jersey","masters",633971,13243,2014,"NJ"
"9973","New Jersey","professional",146463,6029,2014,"NJ"
"9974","New Jersey","doctorate",94861,4675,2014,"NJ"
"9975","New Jersey","poverty",972903,23646,2014,"NJ"
"9976","New Jersey","median_income",71919,438,2014,"NJ"
"9977","New Jersey","labor_force",4725817,15678,2014,"NJ"
"9978","New Jersey","unemployed",355865,9209,2014,"NJ"
"9979","New Jersey","median_rent",1202,8,2014,"NJ"
"9980","New Jersey","median_home_value",313200,1585,2014,"NJ"
"9981","New Mexico","median_age",37.2,0.2,2014,"NM"
"9982","New Mexico","total_pop",2085572,NA,2014,"NM"
"9983","New Mexico","white",1525459,15508,2014,"NM"
"9984","New Mexico","black",41277,2170,2014,"NM"
"9985","New Mexico","native",198450,3810,2014,"NM"
"9986","New Mexico","asian",31566,2145,2014,"NM"
"9987","New Mexico","pacific",592,407,2014,"NM"
"9988","New Mexico","other",224820,14008,2014,"NM"
"9989","New Mexico","multiracial",63408,5137,2014,"NM"
"9990","New Mexico","hispanic",994154,NA,2014,"NM"
"9991","New Mexico","college",206947,6867,2014,"NM"
"9992","New Mexico","masters",110475,4634,2014,"NM"
"9993","New Mexico","professional",19348,2180,2014,"NM"
"9994","New Mexico","doctorate",26164,2737,2014,"NM"
"9995","New Mexico","poverty",436153,17466,2014,"NM"
"9996","New Mexico","median_income",44803,849,2014,"NM"
"9997","New Mexico","labor_force",958074,9324,2014,"NM"
"9998","New Mexico","unemployed",83321,4464,2014,"NM"
"9999","New Mexico","median_rent",777,17,2014,"NM"
"10000","New Mexico","median_home_value",158400,2032,2014,"NM"
"10001","New York","median_age",38.2,0.1,2014,"NY"
"10002","New York","total_pop",19746227,NA,2014,"NY"
"10003","New York","white",12634312,30471,2014,"NY"
"10004","New York","black",3093476,17224,2014,"NY"
"10005","New York","native",81512,6631,2014,"NY"
"10006","New York","asian",1613255,8423,2014,"NY"
"10007","New York","pacific",4574,1304,2014,"NY"
"10008","New York","other",1746680,33590,2014,"NY"
"10009","New York","multiracial",572418,19210,2014,"NY"
"10010","New York","hispanic",3670289,1404,2014,"NY"
"10011","New York","college",2651150,25950,2014,"NY"
"10012","New York","masters",1459502,19804,2014,"NY"
"10013","New York","professional",363125,10196,2014,"NY"
"10014","New York","doctorate",194205,7656,2014,"NY"
"10015","New York","poverty",3062938,48945,2014,"NY"
"10016","New York","median_income",58878,393,2014,"NY"
"10017","New York","labor_force",10085377,26871,2014,"NY"
"10018","New York","unemployed",731222,12287,2014,"NY"
"10019","New York","median_rent",1148,5,2014,"NY"
"10020","New York","median_home_value",279100,2124,2014,"NY"
"10021","North Carolina","median_age",38.3,0.1,2014,"NC"
"10022","North Carolina","total_pop",9943964,NA,2014,"NC"
"10023","North Carolina","white",6869207,14005,2014,"NC"
"10024","North Carolina","black",2154387,10354,2014,"NC"
"10025","North Carolina","native",111276,4198,2014,"NC"
"10026","North Carolina","asian",246721,4309,2014,"NC"
"10027","North Carolina","pacific",5768,1738,2014,"NC"
"10028","North Carolina","other",322251,15157,2014,"NC"
"10029","North Carolina","multiracial",234354,11322,2014,"NC"
"10030","North Carolina","hispanic",890601,1196,2014,"NC"
"10031","North Carolina","college",1239857,17105,2014,"NC"
"10032","North Carolina","masters",481543,10314,2014,"NC"
"10033","North Carolina","professional",103494,5184,2014,"NC"
"10034","North Carolina","doctorate",87670,4391,2014,"NC"
"10035","North Carolina","poverty",1668686,32408,2014,"NC"
"10036","North Carolina","median_income",46556,381,2014,"NC"
"10037","North Carolina","labor_force",4849396,19451,2014,"NC"
"10038","North Carolina","unemployed",404407,10059,2014,"NC"
"10039","North Carolina","median_rent",803,6,2014,"NC"
"10040","North Carolina","median_home_value",155000,1084,2014,"NC"
"10041","North Dakota","median_age",35.1,0.2,2014,"ND"
"10042","North Dakota","total_pop",739482,NA,2014,"ND"
"10043","North Dakota","white",654375,2212,2014,"ND"
"10044","North Dakota","black",14910,1262,2014,"ND"
"10045","North Dakota","native",39669,2089,2014,"ND"
"10046","North Dakota","asian",8899,919,2014,"ND"
"10047","North Dakota","pacific",173,158,2014,"ND"
"10048","North Dakota","other",4680,1776,2014,"ND"
"10049","North Dakota","multiracial",16776,2951,2014,"ND"
"10050","North Dakota","hispanic",20618,1228,2014,"ND"
"10051","North Dakota","college",94873,3685,2014,"ND"
"10052","North Dakota","masters",24779,2189,2014,"ND"
"10053","North Dakota","professional",6226,1101,2014,"ND"
"10054","North Dakota","doctorate",5438,1085,2014,"ND"
"10055","North Dakota","poverty",82264,6353,2014,"ND"
"10056","North Dakota","median_income",59029,1681,2014,"ND"
"10057","North Dakota","labor_force",403774,4778,2014,"ND"
"10058","North Dakota","unemployed",12130,1715,2014,"ND"
"10059","North Dakota","median_rent",728,12,2014,"ND"
"10060","North Dakota","median_home_value",161800,3570,2014,"ND"
"10061","Ohio","median_age",39.4,0.1,2014,"OH"
"10062","Ohio","total_pop",11594163,NA,2014,"OH"
"10063","Ohio","white",9522264,7875,2014,"OH"
"10064","Ohio","black",1419214,9642,2014,"OH"
"10065","Ohio","native",22761,2657,2014,"OH"
"10066","Ohio","asian",225438,5022,2014,"OH"
"10067","Ohio","pacific",3223,1275,2014,"OH"
"10068","Ohio","other",103388,7629,2014,"OH"
"10069","Ohio","multiracial",297875,10298,2014,"OH"
"10070","Ohio","hispanic",398706,1832,2014,"OH"
"10071","Ohio","college",1301747,14716,2014,"OH"
"10072","Ohio","masters",576319,11526,2014,"OH"
"10073","Ohio","professional",126136,5108,2014,"OH"
"10074","Ohio","doctorate",88016,3939,2014,"OH"
"10075","Ohio","poverty",1785780,29476,2014,"OH"
"10076","Ohio","median_income",49308,363,2014,"OH"
"10077","Ohio","labor_force",5858014,17248,2014,"OH"
"10078","Ohio","unemployed",420481,11025,2014,"OH"
"10079","Ohio","median_rent",735,4,2014,"OH"
"10080","Ohio","median_home_value",129100,911,2014,"OH"
"10081","Oklahoma","median_age",36.2,0.2,2014,"OK"
"10082","Oklahoma","total_pop",3878051,NA,2014,"OK"
"10083","Oklahoma","white",2827481,6268,2014,"OK"
"10084","Oklahoma","black",287254,4498,2014,"OK"
"10085","Oklahoma","native",289732,5548,2014,"OK"
"10086","Oklahoma","asian",76654,2858,2014,"OK"
"10087","Oklahoma","pacific",4995,1023,2014,"OK"
"10088","Oklahoma","other",93987,5080,2014,"OK"
"10089","Oklahoma","multiracial",297948,9105,2014,"OK"
"10090","Oklahoma","hispanic",378879,714,2014,"OK"
"10091","Oklahoma","college",405799,8929,2014,"OK"
"10092","Oklahoma","masters",145813,4747,2014,"OK"
"10093","Oklahoma","professional",36137,2681,2014,"OK"
"10094","Oklahoma","doctorate",23619,2317,2014,"OK"
"10095","Oklahoma","poverty",623840,14892,2014,"OK"
"10096","Oklahoma","median_income",47529,454,2014,"OK"
"10097","Oklahoma","labor_force",1840095,9374,2014,"OK"
"10098","Oklahoma","unemployed",104334,4772,2014,"OK"
"10099","Oklahoma","median_rent",737,8,2014,"OK"
"10100","Oklahoma","median_home_value",119800,1015,2014,"OK"
"10101","Oregon","median_age",39.3,0.2,2014,"OR"
"10102","Oregon","total_pop",3970239,NA,2014,"OR"
"10103","Oregon","white",3358250,13638,2014,"OR"
"10104","Oregon","black",71042,3386,2014,"OR"
"10105","Oregon","native",46761,3508,2014,"OR"
"10106","Oregon","asian",159891,4298,2014,"OR"
"10107","Oregon","pacific",14113,1864,2014,"OR"
"10108","Oregon","other",141502,12897,2014,"OR"
"10109","Oregon","multiracial",178680,7082,2014,"OR"
"10110","Oregon","hispanic",496791,NA,2014,"OR"
"10111","Oregon","college",528064,10563,2014,"OR"
"10112","Oregon","masters",224113,6852,2014,"OR"
"10113","Oregon","professional",54432,2864,2014,"OR"
"10114","Oregon","doctorate",39637,2897,2014,"OR"
"10115","Oregon","poverty",644450,21249,2014,"OR"
"10116","Oregon","median_income",51075,490,2014,"OR"
"10117","Oregon","labor_force",1972039,12328,2014,"OR"
"10118","Oregon","unemployed",153954,6587,2014,"OR"
"10119","Oregon","median_rent",924,10,2014,"OR"
"10120","Oregon","median_home_value",239800,2300,2014,"OR"
"10121","Pennsylvania","median_age",40.7,0.1,2014,"PA"
"10122","Pennsylvania","total_pop",12787209,NA,2014,"PA"
"10123","Pennsylvania","white",10408847,14006,2014,"PA"
"10124","Pennsylvania","black",1416865,10987,2014,"PA"
"10125","Pennsylvania","native",27367,3198,2014,"PA"
"10126","Pennsylvania","asian",399285,5091,2014,"PA"
"10127","Pennsylvania","pacific",4197,1545,2014,"PA"
"10128","Pennsylvania","other",241491,15279,2014,"PA"
"10129","Pennsylvania","multiracial",289157,12804,2014,"PA"
"10130","Pennsylvania","hispanic",837487,1034,2014,"PA"
"10131","Pennsylvania","college",1554120,16640,2014,"PA"
"10132","Pennsylvania","masters",729846,11905,2014,"PA"
"10133","Pennsylvania","professional",159382,5964,2014,"PA"
"10134","Pennsylvania","doctorate",124377,5476,2014,"PA"
"10135","Pennsylvania","poverty",1682212,31577,2014,"PA"
"10136","Pennsylvania","median_income",53234,420,2014,"PA"
"10137","Pennsylvania","labor_force",6503715,19211,2014,"PA"
"10138","Pennsylvania","unemployed",457791,11079,2014,"PA"
"10139","Pennsylvania","median_rent",848,6,2014,"PA"
"10140","Pennsylvania","median_home_value",165400,729,2014,"PA"
"10141","Rhode Island","median_age",39.8,0.3,2014,"RI"
"10142","Rhode Island","total_pop",1055173,NA,2014,"RI"
"10143","Rhode Island","white",858236,5406,2014,"RI"
"10144","Rhode Island","black",70600,3924,2014,"RI"
"10145","Rhode Island","native",5579,1067,2014,"RI"
"10146","Rhode Island","asian",35676,2016,2014,"RI"
"10147","Rhode Island","pacific",385,421,2014,"RI"
"10148","Rhode Island","other",57362,5005,2014,"RI"
"10149","Rhode Island","multiracial",27335,3951,2014,"RI"
"10150","Rhode Island","hispanic",148096,NA,2014,"RI"
"10151","Rhode Island","college",131408,5182,2014,"RI"
"10152","Rhode Island","masters",61834,3447,2014,"RI"
"10153","Rhode Island","professional",14100,1576,2014,"RI"
"10154","Rhode Island","doctorate",13552,1919,2014,"RI"
"10155","Rhode Island","poverty",145596,9132,2014,"RI"
"10156","Rhode Island","median_income",54891,1488,2014,"RI"
"10157","Rhode Island","labor_force",561526,6494,2014,"RI"
"10158","Rhode Island","unemployed",43662,3527,2014,"RI"
"10159","Rhode Island","median_rent",934,16,2014,"RI"
"10160","Rhode Island","median_home_value",236000,4052,2014,"RI"
"10161","South Carolina","median_age",38.8,0.1,2014,"SC"
"10162","South Carolina","total_pop",4832482,NA,2014,"SC"
"10163","South Carolina","white",3254145,8625,2014,"SC"
"10164","South Carolina","black",1320373,6935,2014,"SC"
"10165","South Carolina","native",14155,1835,2014,"SC"
"10166","South Carolina","asian",68976,2531,2014,"SC"
"10167","South Carolina","pacific",2959,1694,2014,"SC"
"10168","South Carolina","other",69517,8565,2014,"SC"
"10169","South Carolina","multiracial",102357,8134,2014,"SC"
"10170","South Carolina","hispanic",257404,860,2014,"SC"
"10171","South Carolina","college",543917,10129,2014,"SC"
"10172","South Carolina","masters",232819,8602,2014,"SC"
"10173","South Carolina","professional",46936,3501,2014,"SC"
"10174","South Carolina","doctorate",33301,3061,2014,"SC"
"10175","South Carolina","poverty",843860,23093,2014,"SC"
"10176","South Carolina","median_income",45238,507,2014,"SC"
"10177","South Carolina","labor_force",2314815,15117,2014,"SC"
"10178","South Carolina","unemployed",187866,7942,2014,"SC"
"10179","South Carolina","median_rent",791,7,2014,"SC"
"10180","South Carolina","median_home_value",140000,1690,2014,"SC"
"10181","South Dakota","median_age",36.6,0.3,2014,"SD"
"10182","South Dakota","total_pop",853175,NA,2014,"SD"
"10183","South Dakota","white",724768,2261,2014,"SD"
"10184","South Dakota","black",14830,2141,2014,"SD"
"10185","South Dakota","native",71811,2506,2014,"SD"
"10186","South Dakota","asian",11017,1189,2014,"SD"
"10187","South Dakota","pacific",442,415,2014,"SD"
"10188","South Dakota","other",6774,1895,2014,"SD"
"10189","South Dakota","multiracial",23533,2893,2014,"SD"
"10190","South Dakota","hispanic",28719,1214,2014,"SD"
"10191","South Dakota","college",111108,4957,2014,"SD"
"10192","South Dakota","masters",30003,2446,2014,"SD"
"10193","South Dakota","professional",7382,1166,2014,"SD"
"10194","South Dakota","doctorate",5723,1163,2014,"SD"
"10195","South Dakota","poverty",116843,6179,2014,"SD"
"10196","South Dakota","median_income",50979,1027,2014,"SD"
"10197","South Dakota","labor_force",460449,4741,2014,"SD"
"10198","South Dakota","unemployed",17960,2215,2014,"SD"
"10199","South Dakota","median_rent",647,14,2014,"SD"
"10200","South Dakota","median_home_value",142300,3253,2014,"SD"
"10201","Tennessee","median_age",38.6,0.1,2014,"TN"
"10202","Tennessee","total_pop",6549352,NA,2014,"TN"
"10203","Tennessee","white",5084404,7598,2014,"TN"
"10204","Tennessee","black",1105318,7359,2014,"TN"
"10205","Tennessee","native",17139,2466,2014,"TN"
"10206","Tennessee","asian",102508,3823,2014,"TN"
"10207","Tennessee","pacific",3409,1289,2014,"TN"
"10208","Tennessee","other",99109,8028,2014,"TN"
"10209","Tennessee","multiracial",137465,8211,2014,"TN"
"10210","Tennessee","hispanic",322339,1777,2014,"TN"
"10211","Tennessee","college",717801,12456,2014,"TN"
"10212","Tennessee","masters",280082,8696,2014,"TN"
"10213","Tennessee","professional",67725,3652,2014,"TN"
"10214","Tennessee","doctorate",52699,3446,2014,"TN"
"10215","Tennessee","poverty",1171307,27981,2014,"TN"
"10216","Tennessee","median_income",44361,561,2014,"TN"
"10217","Tennessee","labor_force",3156636,16962,2014,"TN"
"10218","Tennessee","unemployed",245980,8612,2014,"TN"
"10219","Tennessee","median_rent",770,7,2014,"TN"
"10220","Tennessee","median_home_value",142900,1253,2014,"TN"
"10221","Texas","median_age",34.3,0.1,2014,"TX"
"10222","Texas","total_pop",26956958,NA,2014,"TX"
"10223","Texas","white",20265860,39583,2014,"TX"
"10224","Texas","black",3234898,16292,2014,"TX"
"10225","Texas","native",121708,9067,2014,"TX"
"10226","Texas","asian",1161951,9196,2014,"TX"
"10227","Texas","pacific",20055,2323,2014,"TX"
"10228","Texas","other",1488773,36237,2014,"TX"
"10229","Texas","multiracial",663713,19229,2014,"TX"
"10230","Texas","hispanic",10408238,1826,2014,"TX"
"10231","Texas","college",3104847,31267,2014,"TX"
"10232","Texas","masters",1184625,17808,2014,"TX"
"10233","Texas","professional",266893,8222,2014,"TX"
"10234","Texas","doctorate",192664,7444,2014,"TX"
"10235","Texas","poverty",4523708,59686,2014,"TX"
"10236","Texas","median_income",53035,377,2014,"TX"
"10237","Texas","labor_force",13210842,29683,2014,"TX"
"10238","Texas","unemployed",799519,17819,2014,"TX"
"10239","Texas","median_rent",896,4,2014,"TX"
"10240","Texas","median_home_value",139600,821,2014,"TX"
"10241","Utah","median_age",30.5,0.1,2014,"UT"
"10242","Utah","total_pop",2942902,NA,2014,"UT"
"10243","Utah","white",2568018,10207,2014,"UT"
"10244","Utah","black",33520,2373,2014,"UT"
"10245","Utah","native",32874,2782,2014,"UT"
"10246","Utah","asian",66060,2726,2014,"UT"
"10247","Utah","pacific",25425,2252,2014,"UT"
"10248","Utah","other",138510,10255,2014,"UT"
"10249","Utah","multiracial",78495,6819,2014,"UT"
"10250","Utah","hispanic",397100,447,2014,"UT"
"10251","Utah","college",353832,8046,2014,"UT"
"10252","Utah","masters",127178,4847,2014,"UT"
"10253","Utah","professional",26075,2188,2014,"UT"
"10254","Utah","doctorate",23118,1864,2014,"UT"
"10255","Utah","poverty",339900,16334,2014,"UT"
"10256","Utah","median_income",60922,658,2014,"UT"
"10257","Utah","labor_force",1435751,7675,2014,"UT"
"10258","Utah","unemployed",71359,3764,2014,"UT"
"10259","Utah","median_rent",886,13,2014,"UT"
"10260","Utah","median_home_value",223200,1922,2014,"UT"
"10261","Vermont","median_age",42.8,0.3,2014,"VT"
"10262","Vermont","total_pop",626562,NA,2014,"VT"
"10263","Vermont","white",591853,1756,2014,"VT"
"10264","Vermont","black",6164,1031,2014,"VT"
"10265","Vermont","native",2513,840,2014,"VT"
"10266","Vermont","asian",9933,1118,2014,"VT"
"10267","Vermont","pacific",365,370,2014,"VT"
"10268","Vermont","other",2872,1041,2014,"VT"
"10269","Vermont","multiracial",12862,2167,2014,"VT"
"10270","Vermont","hispanic",10775,584,2014,"VT"
"10271","Vermont","college",91472,3360,2014,"VT"
"10272","Vermont","masters",43653,2698,2014,"VT"
"10273","Vermont","professional",10253,1456,2014,"VT"
"10274","Vermont","doctorate",7523,1019,2014,"VT"
"10275","Vermont","poverty",73149,4724,2014,"VT"
"10276","Vermont","median_income",54166,1724,2014,"VT"
"10277","Vermont","labor_force",343957,4651,2014,"VT"
"10278","Vermont","unemployed",18746,2001,2014,"VT"
"10279","Vermont","median_rent",917,26,2014,"VT"
"10280","Vermont","median_home_value",214600,3387,2014,"VT"
"10281","Virginia","median_age",37.7,0.1,2014,"VA"
"10282","Virginia","total_pop",8326289,NA,2014,"VA"
"10283","Virginia","white",5739681,13500,2014,"VA"
"10284","Virginia","black",1601449,10701,2014,"VA"
"10285","Virginia","native",21233,2448,2014,"VA"
"10286","Virginia","asian",510871,6813,2014,"VA"
"10287","Virginia","pacific",4553,1661,2014,"VA"
"10288","Virginia","other",174873,12257,2014,"VA"
"10289","Virginia","multiracial",273629,11226,2014,"VA"
"10290","Virginia","hispanic",731971,2514,2014,"VA"
"10291","Virginia","college",1173872,15877,2014,"VA"
"10292","Virginia","masters",655001,13355,2014,"VA"
"10293","Virginia","professional",137648,5936,2014,"VA"
"10294","Virginia","doctorate",99818,4407,2014,"VA"
"10295","Virginia","poverty",953395,25894,2014,"VA"
"10296","Virginia","median_income",64902,624,2014,"VA"
"10297","Virginia","labor_force",4300221,16394,2014,"VA"
"10298","Virginia","unemployed",260537,7376,2014,"VA"
"10299","Virginia","median_rent",1116,10,2014,"VA"
"10300","Virginia","median_home_value",247800,1893,2014,"VA"
"10301","Washington","median_age",37.5,0.1,2014,"WA"
"10302","Washington","total_pop",7061530,NA,2014,"WA"
"10303","Washington","white",5484997,15746,2014,"WA"
"10304","Washington","black",251336,7633,2014,"WA"
"10305","Washington","native",95613,4947,2014,"WA"
"10306","Washington","asian",554101,5778,2014,"WA"
"10307","Washington","pacific",45359,2260,2014,"WA"
"10308","Washington","other",247151,14847,2014,"WA"
"10309","Washington","multiracial",382973,11575,2014,"WA"
"10310","Washington","hispanic",858778,NA,2014,"WA"
"10311","Washington","college",1005685,15756,2014,"WA"
"10312","Washington","masters",410459,9771,2014,"WA"
"10313","Washington","professional",100407,4519,2014,"WA"
"10314","Washington","doctorate",68225,3508,2014,"WA"
"10315","Washington","poverty",913619,25464,2014,"WA"
"10316","Washington","median_income",61366,485,2014,"WA"
"10317","Washington","labor_force",3564013,15841,2014,"WA"
"10318","Washington","unemployed",232125,9079,2014,"WA"
"10319","Washington","median_rent",1032,10,2014,"WA"
"10320","Washington","median_home_value",266200,2017,2014,"WA"
"10321","West Virginia","median_age",41.9,0.2,2014,"WV"
"10322","West Virginia","total_pop",1850326,NA,2014,"WV"
"10323","West Virginia","white",1731464,2718,2014,"WV"
"10324","West Virginia","black",68279,3377,2014,"WV"
"10325","West Virginia","native",3716,1127,2014,"WV"
"10326","West Virginia","asian",11642,1694,2014,"WV"
"10327","West Virginia","pacific",300,231,2014,"WV"
"10328","West Virginia","other",4172,1300,2014,"WV"
"10329","West Virginia","multiracial",30753,3140,2014,"WV"
"10330","West Virginia","hispanic",24503,1679,2014,"WV"
"10331","West Virginia","college",152434,5625,2014,"WV"
"10332","West Virginia","masters",70397,3494,2014,"WV"
"10333","West Virginia","professional",14478,1798,2014,"WV"
"10334","West Virginia","doctorate",10948,1476,2014,"WV"
"10335","West Virginia","poverty",327764,12083,2014,"WV"
"10336","West Virginia","median_income",41059,651,2014,"WV"
"10337","West Virginia","labor_force",803400,8048,2014,"WV"
"10338","West Virginia","unemployed",55257,3792,2014,"WV"
"10339","West Virginia","median_rent",656,11,2014,"WV"
"10340","West Virginia","median_home_value",103900,2236,2014,"WV"
"10341","Wisconsin","median_age",39.2,0.2,2014,"WI"
"10342","Wisconsin","total_pop",5757564,NA,2014,"WI"
"10343","Wisconsin","white",4966282,7475,2014,"WI"
"10344","Wisconsin","black",363916,4394,2014,"WI"
"10345","Wisconsin","native",50703,2596,2014,"WI"
"10346","Wisconsin","asian",150258,3182,2014,"WI"
"10347","Wisconsin","pacific",1384,651,2014,"WI"
"10348","Wisconsin","other",105647,7331,2014,"WI"
"10349","Wisconsin","multiracial",119374,6609,2014,"WI"
"10350","Wisconsin","hispanic",370982,455,2014,"WI"
"10351","Wisconsin","college",736544,11569,2014,"WI"
"10352","Wisconsin","masters",269393,7536,2014,"WI"
"10353","Wisconsin","professional",60549,2863,2014,"WI"
"10354","Wisconsin","doctorate",41608,2769,2014,"WI"
"10355","Wisconsin","poverty",738270,19830,2014,"WI"
"10356","Wisconsin","median_income",52622,433,2014,"WI"
"10357","Wisconsin","labor_force",3080347,10669,2014,"WI"
"10358","Wisconsin","unemployed",163484,5381,2014,"WI"
"10359","Wisconsin","median_rent",782,6,2014,"WI"
"10360","Wisconsin","median_home_value",164700,714,2014,"WI"
"10361","Wyoming","median_age",36.6,0.4,2014,"WY"
"10362","Wyoming","total_pop",584153,NA,2014,"WY"
"10363","Wyoming","white",531680,2736,2014,"WY"
"10364","Wyoming","black",6320,1114,2014,"WY"
"10365","Wyoming","native",15073,1750,2014,"WY"
"10366","Wyoming","asian",5541,1066,2014,"WY"
"10367","Wyoming","pacific",837,674,2014,"WY"
"10368","Wyoming","other",11808,2532,2014,"WY"
"10369","Wyoming","multiracial",12894,2284,2014,"WY"
"10370","Wyoming","hispanic",57065,NA,2014,"WY"
"10371","Wyoming","college",69557,4127,2014,"WY"
"10372","Wyoming","masters",23807,2284,2014,"WY"
"10373","Wyoming","professional",5370,1299,2014,"WY"
"10374","Wyoming","doctorate",4599,963,2014,"WY"
"10375","Wyoming","poverty",63774,5334,2014,"WY"
"10376","Wyoming","median_income",57055,1983,2014,"WY"
"10377","Wyoming","labor_force",312702,4216,2014,"WY"
"10378","Wyoming","unemployed",13477,2065,2014,"WY"
"10379","Wyoming","median_rent",792,30,2014,"WY"
"10380","Wyoming","median_home_value",201000,5507,2014,"WY"
"10381","Puerto Rico","median_age",39.3,0.2,2014,"PR"
"10382","Puerto Rico","total_pop",3548397,NA,2014,"PR"
"10383","Puerto Rico","white",2520447,22007,2014,"PR"
"10384","Puerto Rico","black",299398,13111,2014,"PR"
"10385","Puerto Rico","native",10710,2044,2014,"PR"
"10386","Puerto Rico","asian",8810,2213,2014,"PR"
"10387","Puerto Rico","pacific",495,435,2014,"PR"
"10388","Puerto Rico","other",481724,17739,2014,"PR"
"10389","Puerto Rico","multiracial",226813,10337,2014,"PR"
"10390","Puerto Rico","hispanic",3514279,3817,2014,"PR"
"10391","Puerto Rico","college",417133,8916,2014,"PR"
"10392","Puerto Rico","masters",113643,5769,2014,"PR"
"10393","Puerto Rico","professional",32070,3094,2014,"PR"
"10394","Puerto Rico","doctorate",23866,2826,2014,"PR"
"10395","Puerto Rico","poverty",1624453,25674,2014,"PR"
"10396","Puerto Rico","median_income",18928,367,2014,"PR"
"10397","Puerto Rico","labor_force",1280836,12203,2014,"PR"
"10398","Puerto Rico","unemployed",237292,8997,2014,"PR"
"10399","Puerto Rico","median_rent",467,11,2014,"PR"
"10400","Puerto Rico","median_home_value",120800,1298,2014,"PR"
"10401","Alabama","median_age",38.3,0.2,2013,"AL"
"10402","Alabama","total_pop",4833722,NA,2013,"AL"
"10403","Alabama","white",3330478,7452,2013,"AL"
"10404","Alabama","black",1284102,5822,2013,"AL"
"10405","Alabama","native",22459,2783,2013,"AL"
"10406","Alabama","asian",58624,3007,2013,"AL"
"10407","Alabama","pacific",1521,852,2013,"AL"
"10408","Alabama","other",54784,6398,2013,"AL"
"10409","Alabama","multiracial",81754,6685,2013,"AL"
"10410","Alabama","hispanic",189934,1256,2013,"AL"
"10411","Alabama","college",476016,11067,2013,"AL"
"10412","Alabama","masters",202435,6985,2013,"AL"
"10413","Alabama","professional",44899,3190,2013,"AL"
"10414","Alabama","doctorate",33603,2776,2013,"AL"
"10415","Alabama","poverty",883371,20758,2013,"AL"
"10416","Alabama","median_income",42849,641,2013,"AL"
"10417","Alabama","labor_force",2225202,15414,2013,"AL"
"10418","Alabama","unemployed",214268,8755,2013,"AL"
"10419","Alabama","median_rent",694,7,2013,"AL"
"10420","Alabama","median_home_value",122700,1437,2013,"AL"
"10421","Alaska","median_age",33.1,0.3,2013,"AK"
"10422","Alaska","total_pop",735132,NA,2013,"AK"
"10423","Alaska","white",487762,2607,2013,"AK"
"10424","Alaska","black",25077,1949,2013,"AK"
"10425","Alaska","native",105310,3347,2013,"AK"
"10426","Alaska","asian",41775,2518,2013,"AK"
"10427","Alaska","pacific",8794,1026,2013,"AK"
"10428","Alaska","other",9508,2162,2013,"AK"
"10429","Alaska","multiracial",56906,5042,2013,"AK"
"10430","Alaska","hispanic",48501,NA,2013,"AK"
"10431","Alaska","college",84038,4340,2013,"AK"
"10432","Alaska","masters",32966,2693,2013,"AK"
"10433","Alaska","professional",7246,1078,2013,"AK"
"10434","Alaska","doctorate",5163,1249,2013,"AK"
"10435","Alaska","poverty",67016,4778,2013,"AK"
"10436","Alaska","median_income",72237,1892,2013,"AK"
"10437","Alaska","labor_force",386509,5338,2013,"AK"
"10438","Alaska","unemployed",33687,2918,2013,"AK"
"10439","Alaska","median_rent",1117,25,2013,"AK"
"10440","Alaska","median_home_value",254000,5594,2013,"AK"
"10441","Arizona","median_age",36.8,0.1,2013,"AZ"
"10442","Arizona","total_pop",6626624,NA,2013,"AZ"
"10443","Arizona","white",5233466,20452,2013,"AZ"
"10444","Arizona","black",277973,5853,2013,"AZ"
"10445","Arizona","native",288294,6139,2013,"AZ"
"10446","Arizona","asian",191718,5359,2013,"AZ"
"10447","Arizona","pacific",12609,1319,2013,"AZ"
"10448","Arizona","other",410756,18564,2013,"AZ"
"10449","Arizona","multiracial",211808,11630,2013,"AZ"
"10450","Arizona","hispanic",2005114,NA,2013,"AZ"
"10451","Arizona","college",741982,11809,2013,"AZ"
"10452","Arizona","masters",319970,9832,2013,"AZ"
"10453","Arizona","professional",72087,4454,2013,"AZ"
"10454","Arizona","doctorate",54402,3727,2013,"AZ"
"10455","Arizona","poverty",1206460,32132,2013,"AZ"
"10456","Arizona","median_income",48510,587,2013,"AZ"
"10457","Arizona","labor_force",3065156,14786,2013,"AZ"
"10458","Arizona","unemployed",273610,8895,2013,"AZ"
"10459","Arizona","median_rent",890,8,2013,"AZ"
"10460","Arizona","median_home_value",166000,1245,2013,"AZ"
"10461","Arkansas","median_age",37.8,0.2,2013,"AR"
"10462","Arkansas","total_pop",2959373,NA,2013,"AR"
"10463","Arkansas","white",2305726,6481,2013,"AR"
"10464","Arkansas","black",463928,4170,2013,"AR"
"10465","Arkansas","native",17704,2195,2013,"AR"
"10466","Arkansas","asian",39210,2372,2013,"AR"
"10467","Arkansas","pacific",628,537,2013,"AR"
"10468","Arkansas","other",66953,6137,2013,"AR"
"10469","Arkansas","multiracial",65224,4906,2013,"AR"
"10470","Arkansas","hispanic",203111,1538,2013,"AR"
"10471","Arkansas","college",262755,8175,2013,"AR"
"10472","Arkansas","masters",101291,5065,2013,"AR"
"10473","Arkansas","professional",23117,2473,2013,"AR"
"10474","Arkansas","doctorate",16774,1867,2013,"AR"
"10475","Arkansas","poverty",565469,16418,2013,"AR"
"10476","Arkansas","median_income",40511,710,2013,"AR"
"10477","Arkansas","labor_force",1351145,11918,2013,"AR"
"10478","Arkansas","unemployed",109317,5200,2013,"AR"
"10479","Arkansas","median_rent",659,8,2013,"AR"
"10480","Arkansas","median_home_value",109500,1726,2013,"AR"
"10481","California","median_age",35.7,0.1,2013,"CA"
"10482","California","total_pop",38332521,NA,2013,"CA"
"10483","California","white",23741019,60867,2013,"CA"
"10484","California","black",2269021,12513,2013,"CA"
"10485","California","native",278377,12277,2013,"CA"
"10486","California","asian",5210236,17797,2013,"CA"
"10487","California","pacific",142782,5004,2013,"CA"
"10488","California","other",4961376,59949,2013,"CA"
"10489","California","multiracial",1729710,28372,2013,"CA"
"10490","California","hispanic",14719327,NA,2013,"CA"
"10491","California","college",4905468,31636,2013,"CA"
"10492","California","masters",1935122,20141,2013,"CA"
"10493","California","professional",583878,12926,2013,"CA"
"10494","California","doctorate",381266,10031,2013,"CA"
"10495","California","poverty",6328824,64631,2013,"CA"
"10496","California","median_income",60190,255,2013,"CA"
"10497","California","labor_force",19046186,36450,2013,"CA"
"10498","California","unemployed",1913490,22188,2013,"CA"
"10499","California","median_rent",1224,4,2013,"CA"
"10500","California","median_home_value",373100,1591,2013,"CA"
"10501","Colorado","median_age",36.4,0.2,2013,"CO"
"10502","Colorado","total_pop",5268367,NA,2013,"CO"
"10503","Colorado","white",4415852,16310,2013,"CO"
"10504","Colorado","black",209555,5662,2013,"CO"
"10505","Colorado","native",43613,4460,2013,"CO"
"10506","Colorado","asian",150852,3675,2013,"CO"
"10507","Colorado","pacific",8315,1623,2013,"CO"
"10508","Colorado","other",251148,13750,2013,"CO"
"10509","Colorado","multiracial",189032,9967,2013,"CO"
"10510","Colorado","hispanic",1108425,NA,2013,"CO"
"10511","Colorado","college",837913,11378,2013,"CO"
"10512","Colorado","masters",355393,8389,2013,"CO"
"10513","Colorado","professional",74424,4085,2013,"CO"
"10514","Colorado","doctorate",60551,3349,2013,"CO"
"10515","Colorado","poverty",667446,21463,2013,"CO"
"10516","Colorado","median_income",58823,808,2013,"CO"
"10517","Colorado","labor_force",2789491,14665,2013,"CO"
"10518","Colorado","unemployed",195693,7597,2013,"CO"
"10519","Colorado","median_rent",971,10,2013,"CO"
"10520","Colorado","median_home_value",240500,1603,2013,"CO"
"10521","Connecticut","median_age",40.5,0.2,2013,"CT"
"10522","Connecticut","total_pop",3596080,NA,2013,"CT"
"10523","Connecticut","white",2778681,12024,2013,"CT"
"10524","Connecticut","black",370998,6001,2013,"CT"
"10525","Connecticut","native",8018,2149,2013,"CT"
"10526","Connecticut","asian",147570,3638,2013,"CT"
"10527","Connecticut","pacific",545,469,2013,"CT"
"10528","Connecticut","other",185341,11698,2013,"CT"
"10529","Connecticut","multiracial",104927,7874,2013,"CT"
"10530","Connecticut","hispanic",527163,NA,2013,"CT"
"10531","Connecticut","college",508487,10447,2013,"CT"
"10532","Connecticut","masters",300673,8132,2013,"CT"
"10533","Connecticut","professional",68737,3906,2013,"CT"
"10534","Connecticut","doctorate",39557,2876,2013,"CT"
"10535","Connecticut","poverty",373900,14722,2013,"CT"
"10536","Connecticut","median_income",67098,1058,2013,"CT"
"10537","Connecticut","labor_force",1951694,10658,2013,"CT"
"10538","Connecticut","unemployed",180553,7433,2013,"CT"
"10539","Connecticut","median_rent",1040,14,2013,"CT"
"10540","Connecticut","median_home_value",267000,2517,2013,"CT"
"10541","Delaware","median_age",39.1,0.3,2013,"DE"
"10542","Delaware","total_pop",925749,NA,2013,"DE"
"10543","Delaware","white",637606,5016,2013,"DE"
"10544","Delaware","black",200249,4547,2013,"DE"
"10545","Delaware","native",3955,989,2013,"DE"
"10546","Delaware","asian",33639,1165,2013,"DE"
"10547","Delaware","pacific",841,508,2013,"DE"
"10548","Delaware","other",23029,4146,2013,"DE"
"10549","Delaware","multiracial",26430,4367,2013,"DE"
"10550","Delaware","hispanic",80944,NA,2013,"DE"
"10551","Delaware","college",108075,5152,2013,"DE"
"10552","Delaware","masters",57865,3086,2013,"DE"
"10553","Delaware","professional",11174,1316,2013,"DE"
"10554","Delaware","doctorate",10271,1342,2013,"DE"
"10555","Delaware","poverty",111327,9589,2013,"DE"
"10556","Delaware","median_income",57846,1876,2013,"DE"
"10557","Delaware","labor_force",470708,5373,2013,"DE"
"10558","Delaware","unemployed",40461,3352,2013,"DE"
"10559","Delaware","median_rent",999,21,2013,"DE"
"10560","Delaware","median_home_value",226200,3792,2013,"DE"
"10561","District of Columbia","median_age",33.8,0.2,2013,"DC"
"10562","District of Columbia","total_pop",646449,NA,2013,"DC"
"10563","District of Columbia","white",264080,4748,2013,"DC"
"10564","District of Columbia","black",315504,3335,2013,"DC"
"10565","District of Columbia","native",1272,709,2013,"DC"
"10566","District of Columbia","asian",22963,1409,2013,"DC"
"10567","District of Columbia","pacific",104,120,2013,"DC"
"10568","District of Columbia","other",21681,4483,2013,"DC"
"10569","District of Columbia","multiracial",20845,3333,2013,"DC"
"10570","District of Columbia","hispanic",65560,NA,2013,"DC"
"10571","District of Columbia","college",102958,5690,2013,"DC"
"10572","District of Columbia","masters",88292,4529,2013,"DC"
"10573","District of Columbia","professional",40345,2954,2013,"DC"
"10574","District of Columbia","doctorate",18011,1945,2013,"DC"
"10575","District of Columbia","poverty",115551,7400,2013,"DC"
"10576","District of Columbia","median_income",67572,3383,2013,"DC"
"10577","District of Columbia","labor_force",371969,4863,2013,"DC"
"10578","District of Columbia","unemployed",38858,3172,2013,"DC"
"10579","District of Columbia","median_rent",1307,39,2013,"DC"
"10580","District of Columbia","median_home_value",470500,13384,2013,"DC"
"10581","Florida","median_age",41.5,0.1,2013,"FL"
"10582","Florida","total_pop",19552860,NA,2013,"FL"
"10583","Florida","white",14897782,23979,2013,"FL"
"10584","Florida","black",3141552,17438,2013,"FL"
"10585","Florida","native",50379,4604,2013,"FL"
"10586","Florida","asian",509588,6878,2013,"FL"
"10587","Florida","pacific",8241,2264,2013,"FL"
"10588","Florida","other",486005,23054,2013,"FL"
"10589","Florida","multiracial",459313,17451,2013,"FL"
"10590","Florida","hispanic",4619316,NA,2013,"FL"
"10591","Florida","college",2409162,26123,2013,"FL"
"10592","Florida","masters",902539,18474,2013,"FL"
"10593","Florida","professional",274082,9206,2013,"FL"
"10594","Florida","doctorate",148392,6166,2013,"FL"
"10595","Florida","poverty",3253333,61090,2013,"FL"
"10596","Florida","median_income",46036,310,2013,"FL"
"10597","Florida","labor_force",9369264,30766,2013,"FL"
"10598","Florida","unemployed",909274,18782,2013,"FL"
"10599","Florida","median_rent",972,4,2013,"FL"
"10600","Florida","median_home_value",153300,1013,2013,"FL"
"10601","Georgia","median_age",35.9,0.2,2013,"GA"
"10602","Georgia","total_pop",9992167,NA,2013,"GA"
"10603","Georgia","white",6035159,18488,2013,"GA"
"10604","Georgia","black",3095976,12306,2013,"GA"
"10605","Georgia","native",21692,3374,2013,"GA"
"10606","Georgia","asian",355900,5458,2013,"GA"
"10607","Georgia","pacific",3639,1008,2013,"GA"
"10608","Georgia","other",268958,18378,2013,"GA"
"10609","Georgia","multiracial",210843,11689,2013,"GA"
"10610","Georgia","hispanic",907400,2050,2013,"GA"
"10611","Georgia","college",1149847,17473,2013,"GA"
"10612","Georgia","masters",481823,10662,2013,"GA"
"10613","Georgia","professional",124458,5596,2013,"GA"
"10614","Georgia","doctorate",76991,4343,2013,"GA"
"10615","Georgia","poverty",1843768,35778,2013,"GA"
"10616","Georgia","median_income",47829,628,2013,"GA"
"10617","Georgia","labor_force",4846590,25576,2013,"GA"
"10618","Georgia","unemployed",498751,14248,2013,"GA"
"10619","Georgia","median_rent",850,6,2013,"GA"
"10620","Georgia","median_home_value",141600,1369,2013,"GA"
"10621","Hawaii","median_age",38.1,0.2,2013,"HI"
"10622","Hawaii","total_pop",1404054,NA,2013,"HI"
"10623","Hawaii","white",358977,4749,2013,"HI"
"10624","Hawaii","black",30306,2164,2013,"HI"
"10625","Hawaii","native",2272,715,2013,"HI"
"10626","Hawaii","asian",531218,10881,2013,"HI"
"10627","Hawaii","pacific",137256,5756,2013,"HI"
"10628","Hawaii","other",14008,2791,2013,"HI"
"10629","Hawaii","multiracial",330017,11789,2013,"HI"
"10630","Hawaii","hispanic",138064,NA,2013,"HI"
"10631","Hawaii","college",199229,6192,2013,"HI"
"10632","Hawaii","masters",66047,3985,2013,"HI"
"10633","Hawaii","professional",19326,1675,2013,"HI"
"10634","Hawaii","doctorate",14649,1906,2013,"HI"
"10635","Hawaii","poverty",148368,10323,2013,"HI"
"10636","Hawaii","median_income",68020,1523,2013,"HI"
"10637","Hawaii","labor_force",685185,7233,2013,"HI"
"10638","Hawaii","unemployed",41614,3154,2013,"HI"
"10639","Hawaii","median_rent",1414,32,2013,"HI"
"10640","Hawaii","median_home_value",5e+05,10229,2013,"HI"
"10641","Idaho","median_age",35.7,0.2,2013,"ID"
"10642","Idaho","total_pop",1612136,NA,2013,"ID"
"10643","Idaho","white",1475631,6127,2013,"ID"
"10644","Idaho","black",9097,1768,2013,"ID"
"10645","Idaho","native",19800,2091,2013,"ID"
"10646","Idaho","asian",24845,1855,2013,"ID"
"10647","Idaho","pacific",1818,810,2013,"ID"
"10648","Idaho","other",42199,6180,2013,"ID"
"10649","Idaho","multiracial",38746,4231,2013,"ID"
"10650","Idaho","hispanic",190250,NA,2013,"ID"
"10651","Idaho","college",185216,7698,2013,"ID"
"10652","Idaho","masters",59491,3939,2013,"ID"
"10653","Idaho","professional",14847,2270,2013,"ID"
"10654","Idaho","doctorate",9852,1590,2013,"ID"
"10655","Idaho","poverty",246550,15129,2013,"ID"
"10656","Idaho","median_income",46783,930,2013,"ID"
"10657","Idaho","labor_force",765759,8330,2013,"ID"
"10658","Idaho","unemployed",55466,4473,2013,"ID"
"10659","Idaho","median_rent",725,12,2013,"ID"
"10660","Idaho","median_home_value",159000,1976,2013,"ID"
"10661","Illinois","median_age",37.2,0.1,2013,"IL"
"10662","Illinois","total_pop",12882135,NA,2013,"IL"
"10663","Illinois","white",9362416,23316,2013,"IL"
"10664","Illinois","black",1833560,8800,2013,"IL"
"10665","Illinois","native",25575,3020,2013,"IL"
"10666","Illinois","asian",635385,4984,2013,"IL"
"10667","Illinois","pacific",3660,997,2013,"IL"
"10668","Illinois","other",732177,21563,2013,"IL"
"10669","Illinois","multiracial",289362,10691,2013,"IL"
"10670","Illinois","hispanic",2118514,1158,2013,"IL"
"10671","Illinois","college",1698605,18895,2013,"IL"
"10672","Illinois","masters",776179,14207,2013,"IL"
"10673","Illinois","professional",179096,6658,2013,"IL"
"10674","Illinois","doctorate",106222,5619,2013,"IL"
"10675","Illinois","poverty",1845393,34145,2013,"IL"
"10676","Illinois","median_income",56210,403,2013,"IL"
"10677","Illinois","labor_force",6712311,20480,2013,"IL"
"10678","Illinois","unemployed",638222,12593,2013,"IL"
"10679","Illinois","median_rent",885,5,2013,"IL"
"10680","Illinois","median_home_value",169600,914,2013,"IL"
"10681","Indiana","median_age",37.3,0.1,2013,"IN"
"10682","Indiana","total_pop",6570902,NA,2013,"IN"
"10683","Indiana","white",5529595,10040,2013,"IN"
"10684","Indiana","black",603521,7160,2013,"IN"
"10685","Indiana","native",14146,1860,2013,"IN"
"10686","Indiana","asian",116856,3681,2013,"IN"
"10687","Indiana","pacific",2703,1520,2013,"IN"
"10688","Indiana","other",161230,9713,2013,"IN"
"10689","Indiana","multiracial",142851,6340,2013,"IN"
"10690","Indiana","hispanic",420577,1916,2013,"IN"
"10691","Indiana","college",655276,11008,2013,"IN"
"10692","Indiana","masters",273795,7585,2013,"IN"
"10693","Indiana","professional",55337,3716,2013,"IN"
"10694","Indiana","doctorate",42811,3142,2013,"IN"
"10695","Indiana","poverty",1015127,24249,2013,"IN"
"10696","Indiana","median_income",47529,516,2013,"IN"
"10697","Indiana","labor_force",3282793,15987,2013,"IN"
"10698","Indiana","unemployed",257007,8284,2013,"IN"
"10699","Indiana","median_rent",730,6,2013,"IN"
"10700","Indiana","median_home_value",122200,844,2013,"IN"
"10701","Iowa","median_age",38,0.2,2013,"IA"
"10702","Iowa","total_pop",3090416,NA,2013,"IA"
"10703","Iowa","white",2823908,6654,2013,"IA"
"10704","Iowa","black",102430,3161,2013,"IA"
"10705","Iowa","native",7630,1153,2013,"IA"
"10706","Iowa","asian",63431,2349,2013,"IA"
"10707","Iowa","pacific",1640,901,2013,"IA"
"10708","Iowa","other",38541,5725,2013,"IA"
"10709","Iowa","multiracial",52836,4662,2013,"IA"
"10710","Iowa","hispanic",166925,1840,2013,"IA"
"10711","Iowa","college",370188,8829,2013,"IA"
"10712","Iowa","masters",116336,5044,2013,"IA"
"10713","Iowa","professional",29703,2662,2013,"IA"
"10714","Iowa","doctorate",25282,2478,2013,"IA"
"10715","Iowa","poverty",379127,13393,2013,"IA"
"10716","Iowa","median_income",52229,533,2013,"IA"
"10717","Iowa","labor_force",1656004,8258,2013,"IA"
"10718","Iowa","unemployed",79913,4077,2013,"IA"
"10719","Iowa","median_rent",679,6,2013,"IA"
"10720","Iowa","median_home_value",126900,1683,2013,"IA"
"10721","Kansas","median_age",36,0.2,2013,"KS"
"10722","Kansas","total_pop",2893957,NA,2013,"KS"
"10723","Kansas","white",2476030,7298,2013,"KS"
"10724","Kansas","black",168246,4206,2013,"KS"
"10725","Kansas","native",24238,2688,2013,"KS"
"10726","Kansas","asian",73219,3039,2013,"KS"
"10727","Kansas","pacific",1416,631,2013,"KS"
"10728","Kansas","other",55240,6294,2013,"KS"
"10729","Kansas","multiracial",95568,5350,2013,"KS"
"10730","Kansas","hispanic",322424,589,2013,"KS"
"10731","Kansas","college",374418,8111,2013,"KS"
"10732","Kansas","masters",148912,4727,2013,"KS"
"10733","Kansas","professional",34607,2844,2013,"KS"
"10734","Kansas","doctorate",23479,2246,2013,"KS"
"10735","Kansas","poverty",393358,17298,2013,"KS"
"10736","Kansas","median_income",50972,609,2013,"KS"
"10737","Kansas","labor_force",1487082,9907,2013,"KS"
"10738","Kansas","unemployed",87504,5340,2013,"KS"
"10739","Kansas","median_rent",745,8,2013,"KS"
"10740","Kansas","median_home_value",129700,1972,2013,"KS"
"10741","Kentucky","median_age",38.5,0.1,2013,"KY"
"10742","Kentucky","total_pop",4395295,NA,2013,"KY"
"10743","Kentucky","white",3854574,4722,2013,"KY"
"10744","Kentucky","black",350164,6420,2013,"KY"
"10745","Kentucky","native",7434,1458,2013,"KY"
"10746","Kentucky","asian",53187,2394,2013,"KY"
"10747","Kentucky","pacific",2130,980,2013,"KY"
"10748","Kentucky","other",40077,4275,2013,"KY"
"10749","Kentucky","multiracial",87729,6717,2013,"KY"
"10750","Kentucky","hispanic",143091,3096,2013,"KY"
"10751","Kentucky","college",392610,9774,2013,"KY"
"10752","Kentucky","masters",198007,7479,2013,"KY"
"10753","Kentucky","professional",48363,2885,2013,"KY"
"10754","Kentucky","doctorate",28046,2682,2013,"KY"
"10755","Kentucky","poverty",800635,19947,2013,"KY"
"10756","Kentucky","median_income",43399,650,2013,"KY"
"10757","Kentucky","labor_force",2067126,11941,2013,"KY"
"10758","Kentucky","unemployed",173010,6640,2013,"KY"
"10759","Kentucky","median_rent",668,9,2013,"KY"
"10760","Kentucky","median_home_value",120900,1347,2013,"KY"
"10761","Louisiana","median_age",36,0.2,2013,"LA"
"10762","Louisiana","total_pop",4625470,NA,2013,"LA"
"10763","Louisiana","white",2907296,7112,2013,"LA"
"10764","Louisiana","black",1492915,6267,2013,"LA"
"10765","Louisiana","native",27412,2799,2013,"LA"
"10766","Louisiana","asian",74227,2619,2013,"LA"
"10767","Louisiana","pacific",673,561,2013,"LA"
"10768","Louisiana","other",45026,5473,2013,"LA"
"10769","Louisiana","multiracial",77921,5951,2013,"LA"
"10770","Louisiana","hispanic",218620,2764,2013,"LA"
"10771","Louisiana","college",453347,9631,2013,"LA"
"10772","Louisiana","masters",152983,6143,2013,"LA"
"10773","Louisiana","professional",47098,3024,2013,"LA"
"10774","Louisiana","doctorate",30799,3318,2013,"LA"
"10775","Louisiana","poverty",888019,24140,2013,"LA"
"10776","Louisiana","median_income",44164,869,2013,"LA"
"10777","Louisiana","labor_force",2186613,14568,2013,"LA"
"10778","Louisiana","unemployed",174830,7420,2013,"LA"
"10779","Louisiana","median_rent",763,9,2013,"LA"
"10780","Louisiana","median_home_value",140300,1877,2013,"LA"
"10781","Maine","median_age",44,0.2,2013,"ME"
"10782","Maine","total_pop",1328302,NA,2013,"ME"
"10783","Maine","white",1260470,1767,2013,"ME"
"10784","Maine","black",13617,1258,2013,"ME"
"10785","Maine","native",8242,1374,2013,"ME"
"10786","Maine","asian",14059,1403,2013,"ME"
"10787","Maine","pacific",269,244,2013,"ME"
"10788","Maine","other",3811,1639,2013,"ME"
"10789","Maine","multiracial",27834,2229,2013,"ME"
"10790","Maine","hispanic",18432,509,2013,"ME"
"10791","Maine","college",172498,5131,2013,"ME"
"10792","Maine","masters",67663,4076,2013,"ME"
"10793","Maine","professional",16012,1800,2013,"ME"
"10794","Maine","doctorate",13015,1786,2013,"ME"
"10795","Maine","poverty",180639,8805,2013,"ME"
"10796","Maine","median_income",46974,797,2013,"ME"
"10797","Maine","labor_force",691352,6206,2013,"ME"
"10798","Maine","unemployed",47974,3432,2013,"ME"
"10799","Maine","median_rent",760,16,2013,"ME"
"10800","Maine","median_home_value",172800,2245,2013,"ME"
"10801","Maryland","median_age",38.2,0.1,2013,"MD"
"10802","Maryland","total_pop",5928814,NA,2013,"MD"
"10803","Maryland","white",3416335,14007,2013,"MD"
"10804","Maryland","black",1754964,9739,2013,"MD"
"10805","Maryland","native",17230,2150,2013,"MD"
"10806","Maryland","asian",354430,4723,2013,"MD"
"10807","Maryland","pacific",3053,1526,2013,"MD"
"10808","Maryland","other",213342,14510,2013,"MD"
"10809","Maryland","multiracial",169460,11157,2013,"MD"
"10810","Maryland","hispanic",531749,379,2013,"MD"
"10811","Maryland","college",814992,12896,2013,"MD"
"10812","Maryland","masters",472174,10434,2013,"MD"
"10813","Maryland","professional",118336,5842,2013,"MD"
"10814","Maryland","doctorate",98303,4783,2013,"MD"
"10815","Maryland","poverty",585571,19629,2013,"MD"
"10816","Maryland","median_income",72483,718,2013,"MD"
"10817","Maryland","labor_force",3223300,14044,2013,"MD"
"10818","Maryland","unemployed",239933,8938,2013,"MD"
"10819","Maryland","median_rent",1210,10,2013,"MD"
"10820","Maryland","median_home_value",280200,2070,2013,"MD"
"10821","Massachusetts","median_age",39.4,0.2,2013,"MA"
"10822","Massachusetts","total_pop",6692824,NA,2013,"MA"
"10823","Massachusetts","white",5330381,13584,2013,"MA"
"10824","Massachusetts","black",474427,8765,2013,"MA"
"10825","Massachusetts","native",13958,2439,2013,"MA"
"10826","Massachusetts","asian",388317,4924,2013,"MA"
"10827","Massachusetts","pacific",1557,684,2013,"MA"
"10828","Massachusetts","other",285569,14483,2013,"MA"
"10829","Massachusetts","multiracial",198615,9369,2013,"MA"
"10830","Massachusetts","hispanic",703679,NA,2013,"MA"
"10831","Massachusetts","college",1037415,13919,2013,"MA"
"10832","Massachusetts","masters",571811,10236,2013,"MA"
"10833","Massachusetts","professional",126812,5235,2013,"MA"
"10834","Massachusetts","doctorate",119338,5564,2013,"MA"
"10835","Massachusetts","poverty",770513,23021,2013,"MA"
"10836","Massachusetts","median_income",66768,715,2013,"MA"
"10837","Massachusetts","labor_force",3684771,17796,2013,"MA"
"10838","Massachusetts","unemployed",286768,10244,2013,"MA"
"10839","Massachusetts","median_rent",1077,11,2013,"MA"
"10840","Massachusetts","median_home_value",327200,1700,2013,"MA"
"10841","Michigan","median_age",39.6,0.1,2013,"MI"
"10842","Michigan","total_pop",9895622,NA,2013,"MI"
"10843","Michigan","white",7829056,7600,2013,"MI"
"10844","Michigan","black",1378237,8581,2013,"MI"
"10845","Michigan","native",53720,3834,2013,"MI"
"10846","Michigan","asian",266406,4477,2013,"MI"
"10847","Michigan","pacific",2267,964,2013,"MI"
"10848","Michigan","other",100087,7413,2013,"MI"
"10849","Michigan","multiracial",265849,10600,2013,"MI"
"10850","Michigan","hispanic",465419,1054,2013,"MI"
"10851","Michigan","college",1089029,12979,2013,"MI"
"10852","Michigan","masters",514299,10309,2013,"MI"
"10853","Michigan","professional",104552,4341,2013,"MI"
"10854","Michigan","doctorate",79507,4674,2013,"MI"
"10855","Michigan","poverty",1648436,25647,2013,"MI"
"10856","Michigan","median_income",48273,378,2013,"MI"
"10857","Michigan","labor_force",4846296,20032,2013,"MI"
"10858","Michigan","unemployed",476509,10802,2013,"MI"
"10859","Michigan","median_rent",768,6,2013,"MI"
"10860","Michigan","median_home_value",117500,793,2013,"MI"
"10861","Minnesota","median_age",37.7,0.3,2013,"MN"
"10862","Minnesota","total_pop",5420380,NA,2013,"MN"
"10863","Minnesota","white",4596087,7360,2013,"MN"
"10864","Minnesota","black",294527,6033,2013,"MN"
"10865","Minnesota","native",59184,3534,2013,"MN"
"10866","Minnesota","asian",234013,3604,2013,"MN"
"10867","Minnesota","pacific",1753,618,2013,"MN"
"10868","Minnesota","other",88055,6706,2013,"MN"
"10869","Minnesota","multiracial",146761,7938,2013,"MN"
"10870","Minnesota","hispanic",266850,888,2013,"MN"
"10871","Minnesota","college",813237,10418,2013,"MN"
"10872","Minnesota","masters",279738,6838,2013,"MN"
"10873","Minnesota","professional",75405,3291,2013,"MN"
"10874","Minnesota","doctorate",48503,3292,2013,"MN"
"10875","Minnesota","poverty",592422,16554,2013,"MN"
"10876","Minnesota","median_income",60702,432,2013,"MN"
"10877","Minnesota","labor_force",2991160,10485,2013,"MN"
"10878","Minnesota","unemployed",162880,4806,2013,"MN"
"10879","Minnesota","median_rent",832,7,2013,"MN"
"10880","Minnesota","median_home_value",180100,1331,2013,"MN"
"10881","Mississippi","median_age",36.6,0.2,2013,"MS"
"10882","Mississippi","total_pop",2991207,NA,2013,"MS"
"10883","Mississippi","white",1764640,4613,2013,"MS"
"10884","Mississippi","black",1128280,6928,2013,"MS"
"10885","Mississippi","native",13314,2025,2013,"MS"
"10886","Mississippi","asian",28159,2430,2013,"MS"
"10887","Mississippi","pacific",268,226,2013,"MS"
"10888","Mississippi","other",24277,3527,2013,"MS"
"10889","Mississippi","multiracial",32269,4125,2013,"MS"
"10890","Mississippi","hispanic",80455,3841,2013,"MS"
"10891","Mississippi","college",248488,6160,2013,"MS"
"10892","Mississippi","masters",104166,5739,2013,"MS"
"10893","Mississippi","professional",23099,2544,2013,"MS"
"10894","Mississippi","doctorate",17653,2320,2013,"MS"
"10895","Mississippi","poverty",695915,21951,2013,"MS"
"10896","Mississippi","median_income",37963,1029,2013,"MS"
"10897","Mississippi","labor_force",1338290,11318,2013,"MS"
"10898","Mississippi","unemployed",141506,6887,2013,"MS"
"10899","Mississippi","median_rent",708,10,2013,"MS"
"10900","Mississippi","median_home_value",97500,2025,2013,"MS"
"10901","Missouri","median_age",38.1,0.2,2013,"MO"
"10902","Missouri","total_pop",6044171,NA,2013,"MO"
"10903","Missouri","white",5003971,6656,2013,"MO"
"10904","Missouri","black",692288,6755,2013,"MO"
"10905","Missouri","native",22797,2805,2013,"MO"
"10906","Missouri","asian",102626,3401,2013,"MO"
"10907","Missouri","pacific",5491,1332,2013,"MO"
"10908","Missouri","other",65011,6541,2013,"MO"
"10909","Missouri","multiracial",151987,8395,2013,"MO"
"10910","Missouri","hispanic",229748,1928,2013,"MO"
"10911","Missouri","college",685991,11085,2013,"MO"
"10912","Missouri","masters",293327,7690,2013,"MO"
"10913","Missouri","professional",63486,4086,2013,"MO"
"10914","Missouri","doctorate",48201,3764,2013,"MO"
"10915","Missouri","poverty",931066,25159,2013,"MO"
"10916","Missouri","median_income",46931,427,2013,"MO"
"10917","Missouri","labor_force",3035251,14053,2013,"MO"
"10918","Missouri","unemployed",226716,8611,2013,"MO"
"10919","Missouri","median_rent",734,6,2013,"MO"
"10920","Missouri","median_home_value",133200,1313,2013,"MO"
"10921","Montana","median_age",39.6,0.4,2013,"MT"
"10922","Montana","total_pop",1015165,NA,2013,"MT"
"10923","Montana","white",904740,2388,2013,"MT"
"10924","Montana","black",3221,869,2013,"MT"
"10925","Montana","native",69216,3043,2013,"MT"
"10926","Montana","asian",6548,961,2013,"MT"
"10927","Montana","pacific",491,402,2013,"MT"
"10928","Montana","other",5053,1459,2013,"MT"
"10929","Montana","multiracial",25896,3181,2013,"MT"
"10930","Montana","hispanic",33181,794,2013,"MT"
"10931","Montana","college",135518,4735,2013,"MT"
"10932","Montana","masters",44501,3081,2013,"MT"
"10933","Montana","professional",12062,1314,2013,"MT"
"10934","Montana","doctorate",7707,1330,2013,"MT"
"10935","Montana","poverty",163637,9336,2013,"MT"
"10936","Montana","median_income",46972,1140,2013,"MT"
"10937","Montana","labor_force",516204,6167,2013,"MT"
"10938","Montana","unemployed",33601,2563,2013,"MT"
"10939","Montana","median_rent",690,18,2013,"MT"
"10940","Montana","median_home_value",190100,3443,2013,"MT"
"10941","Nebraska","median_age",36.3,0.2,2013,"NE"
"10942","Nebraska","total_pop",1868516,NA,2013,"NE"
"10943","Nebraska","white",1650358,5804,2013,"NE"
"10944","Nebraska","black",86010,3180,2013,"NE"
"10945","Nebraska","native",14405,1716,2013,"NE"
"10946","Nebraska","asian",37356,1611,2013,"NE"
"10947","Nebraska","pacific",1654,1229,2013,"NE"
"10948","Nebraska","other",35871,5283,2013,"NE"
"10949","Nebraska","multiracial",42862,4208,2013,"NE"
"10950","Nebraska","hispanic",183182,830,2013,"NE"
"10951","Nebraska","college",238160,6655,2013,"NE"
"10952","Nebraska","masters",81414,3975,2013,"NE"
"10953","Nebraska","professional",22745,1898,2013,"NE"
"10954","Nebraska","doctorate",14473,1550,2013,"NE"
"10955","Nebraska","poverty",239433,11539,2013,"NE"
"10956","Nebraska","median_income",51440,493,2013,"NE"
"10957","Nebraska","labor_force",1012431,6526,2013,"NE"
"10958","Nebraska","unemployed",46652,3361,2013,"NE"
"10959","Nebraska","median_rent",714,10,2013,"NE"
"10960","Nebraska","median_home_value",132700,1497,2013,"NE"
"10961","Nevada","median_age",37.1,0.2,2013,"NV"
"10962","Nevada","total_pop",2790136,NA,2013,"NV"
"10963","Nevada","white",1906864,16433,2013,"NV"
"10964","Nevada","black",234179,4884,2013,"NV"
"10965","Nevada","native",30016,2703,2013,"NV"
"10966","Nevada","asian",215121,4286,2013,"NV"
"10967","Nevada","pacific",18302,1358,2013,"NV"
"10968","Nevada","other",268246,16631,2013,"NV"
"10969","Nevada","multiracial",117408,6972,2013,"NV"
"10970","Nevada","hispanic",767054,NA,2013,"NV"
"10971","Nevada","college",282283,8547,2013,"NV"
"10972","Nevada","masters",97337,4542,2013,"NV"
"10973","Nevada","professional",27801,2817,2013,"NV"
"10974","Nevada","doctorate",14679,1624,2013,"NV"
"10975","Nevada","poverty",433576,18630,2013,"NV"
"10976","Nevada","median_income",51230,589,2013,"NV"
"10977","Nevada","labor_force",1418167,10382,2013,"NV"
"10978","Nevada","unemployed",155437,6689,2013,"NV"
"10979","Nevada","median_rent",952,11,2013,"NV"
"10980","Nevada","median_home_value",165300,1527,2013,"NV"
"10981","New Hampshire","median_age",42.3,0.3,2013,"NH"
"10982","New Hampshire","total_pop",1323459,NA,2013,"NH"
"10983","New Hampshire","white",1236757,3396,2013,"NH"
"10984","New Hampshire","black",16100,2462,2013,"NH"
"10985","New Hampshire","native",3082,1096,2013,"NH"
"10986","New Hampshire","asian",31156,1791,2013,"NH"
"10987","New Hampshire","pacific",106,129,2013,"NH"
"10988","New Hampshire","other",10869,3077,2013,"NH"
"10989","New Hampshire","multiracial",25389,2901,2013,"NH"
"10990","New Hampshire","hispanic",41805,448,2013,"NH"
"10991","New Hampshire","college",202495,5422,2013,"NH"
"10992","New Hampshire","masters",87955,4209,2013,"NH"
"10993","New Hampshire","professional",15513,2033,2013,"NH"
"10994","New Hampshire","doctorate",13482,1800,2013,"NH"
"10995","New Hampshire","poverty",111495,9003,2013,"NH"
"10996","New Hampshire","median_income",64230,1347,2013,"NH"
"10997","New Hampshire","labor_force",739152,6944,2013,"NH"
"10998","New Hampshire","unemployed",44644,3608,2013,"NH"
"10999","New Hampshire","median_rent",995,20,2013,"NH"
"11000","New Hampshire","median_home_value",233300,3012,2013,"NH"
"11001","New Jersey","median_age",39.4,0.2,2013,"NJ"
"11002","New Jersey","total_pop",8899339,NA,2013,"NJ"
"11003","New Jersey","white",6068475,23885,2013,"NJ"
"11004","New Jersey","black",1215836,11667,2013,"NJ"
"11005","New Jersey","native",16422,2955,2013,"NJ"
"11006","New Jersey","asian",801879,6084,2013,"NJ"
"11007","New Jersey","pacific",1633,751,2013,"NJ"
"11008","New Jersey","other",577756,22428,2013,"NJ"
"11009","New Jersey","multiracial",217338,12849,2013,"NJ"
"11010","New Jersey","hispanic",1684014,NA,2013,"NJ"
"11011","New Jersey","college",1374616,16465,2013,"NJ"
"11012","New Jersey","masters",615250,12978,2013,"NJ"
"11013","New Jersey","professional",146050,5442,2013,"NJ"
"11014","New Jersey","doctorate",89953,4373,2013,"NJ"
"11015","New Jersey","poverty",998549,28143,2013,"NJ"
"11016","New Jersey","median_income",70165,546,2013,"NJ"
"11017","New Jersey","labor_force",4677032,16751,2013,"NJ"
"11018","New Jersey","unemployed",424406,11235,2013,"NJ"
"11019","New Jersey","median_rent",1171,8,2013,"NJ"
"11020","New Jersey","median_home_value",307700,2087,2013,"NJ"
"11021","New Mexico","median_age",36.9,0.2,2013,"NM"
"11022","New Mexico","total_pop",2085287,NA,2013,"NM"
"11023","New Mexico","white",1569585,12950,2013,"NM"
"11024","New Mexico","black",41733,2692,2013,"NM"
"11025","New Mexico","native",189392,3936,2013,"NM"
"11026","New Mexico","asian",28274,2559,2013,"NM"
"11027","New Mexico","pacific",1622,673,2013,"NM"
"11028","New Mexico","other",185279,11623,2013,"NM"
"11029","New Mexico","multiracial",69402,6099,2013,"NM"
"11030","New Mexico","hispanic",986553,NA,2013,"NM"
"11031","New Mexico","college",204226,6772,2013,"NM"
"11032","New Mexico","masters",110651,4152,2013,"NM"
"11033","New Mexico","professional",20788,2259,2013,"NM"
"11034","New Mexico","doctorate",23703,1797,2013,"NM"
"11035","New Mexico","poverty",448461,14432,2013,"NM"
"11036","New Mexico","median_income",43872,950,2013,"NM"
"11037","New Mexico","labor_force",960616,9832,2013,"NM"
"11038","New Mexico","unemployed",88129,5511,2013,"NM"
"11039","New Mexico","median_rent",772,16,2013,"NM"
"11040","New Mexico","median_home_value",159200,1877,2013,"NM"
"11041","New York","median_age",38.2,0.1,2013,"NY"
"11042","New York","total_pop",19651127,NA,2013,"NY"
"11043","New York","white",12695280,28799,2013,"NY"
"11044","New York","black",3079582,16847,2013,"NY"
"11045","New York","native",73231,5463,2013,"NY"
"11046","New York","asian",1554980,9200,2013,"NY"
"11047","New York","pacific",9962,3006,2013,"NY"
"11048","New York","other",1673398,31480,2013,"NY"
"11049","New York","multiracial",564694,20017,2013,"NY"
"11050","New York","hispanic",3606708,387,2013,"NY"
"11051","New York","college",2589891,22765,2013,"NY"
"11052","New York","masters",1435339,18690,2013,"NY"
"11053","New York","professional",352739,10108,2013,"NY"
"11054","New York","doctorate",195909,6958,2013,"NY"
"11055","New York","poverty",3055645,41913,2013,"NY"
"11056","New York","median_income",57369,431,2013,"NY"
"11057","New York","labor_force",10086197,30258,2013,"NY"
"11058","New York","unemployed",872645,19039,2013,"NY"
"11059","New York","median_rent",1109,6,2013,"NY"
"11060","New York","median_home_value",277600,1908,2013,"NY"
"11061","North Carolina","median_age",37.9,0.1,2013,"NC"
"11062","North Carolina","total_pop",9848060,NA,2013,"NC"
"11063","North Carolina","white",6811501,15914,2013,"NC"
"11064","North Carolina","black",2121712,11398,2013,"NC"
"11065","North Carolina","native",112630,4384,2013,"NC"
"11066","North Carolina","asian",238502,4452,2013,"NC"
"11067","North Carolina","pacific",6661,2706,2013,"NC"
"11068","North Carolina","other",320910,15939,2013,"NC"
"11069","North Carolina","multiracial",236144,12145,2013,"NC"
"11070","North Carolina","hispanic",867205,2102,2013,"NC"
"11071","North Carolina","college",1211484,17891,2013,"NC"
"11072","North Carolina","masters",468270,8431,2013,"NC"
"11073","North Carolina","professional",98672,5228,2013,"NC"
"11074","North Carolina","doctorate",86563,4223,2013,"NC"
"11075","North Carolina","poverty",1715397,30951,2013,"NC"
"11076","North Carolina","median_income",45906,424,2013,"NC"
"11077","North Carolina","labor_force",4820861,18269,2013,"NC"
"11078","North Carolina","unemployed",465380,11303,2013,"NC"
"11079","North Carolina","median_rent",778,5,2013,"NC"
"11080","North Carolina","median_home_value",154300,1116,2013,"NC"
"11081","North Dakota","median_age",35.5,0.2,2013,"ND"
"11082","North Dakota","total_pop",723393,NA,2013,"ND"
"11083","North Dakota","white",643478,1336,2013,"ND"
"11084","North Dakota","black",10827,1906,2013,"ND"
"11085","North Dakota","native",40214,1927,2013,"ND"
"11086","North Dakota","asian",9096,1178,2013,"ND"
"11087","North Dakota","pacific",371,373,2013,"ND"
"11088","North Dakota","other",4620,1346,2013,"ND"
"11089","North Dakota","multiracial",14787,2126,2013,"ND"
"11090","North Dakota","hispanic",17631,864,2013,"ND"
"11091","North Dakota","college",93470,4167,2013,"ND"
"11092","North Dakota","masters",23965,2299,2013,"ND"
"11093","North Dakota","professional",5248,979,2013,"ND"
"11094","North Dakota","doctorate",4255,949,2013,"ND"
"11095","North Dakota","poverty",82398,5117,2013,"ND"
"11096","North Dakota","median_income",55759,1452,2013,"ND"
"11097","North Dakota","labor_force",401046,4247,2013,"ND"
"11098","North Dakota","unemployed",10399,1391,2013,"ND"
"11099","North Dakota","median_rent",690,17,2013,"ND"
"11100","North Dakota","median_home_value",155400,2593,2013,"ND"
"11101","Ohio","median_age",39.3,0.1,2013,"OH"
"11102","Ohio","total_pop",11570808,NA,2013,"OH"
"11103","Ohio","white",9541274,8254,2013,"OH"
"11104","Ohio","black",1405148,9823,2013,"OH"
"11105","Ohio","native",18273,2560,2013,"OH"
"11106","Ohio","asian",212547,5049,2013,"OH"
"11107","Ohio","pacific",3118,911,2013,"OH"
"11108","Ohio","other",94489,7026,2013,"OH"
"11109","Ohio","multiracial",295959,10226,2013,"OH"
"11110","Ohio","hispanic",383113,2189,2013,"OH"
"11111","Ohio","college",1279678,16622,2013,"OH"
"11112","Ohio","masters",552339,10482,2013,"OH"
"11113","Ohio","professional",126124,4699,2013,"OH"
"11114","Ohio","doctorate",82425,3899,2013,"OH"
"11115","Ohio","poverty",1796942,35664,2013,"OH"
"11116","Ohio","median_income",48081,406,2013,"OH"
"11117","Ohio","labor_force",5820829,21999,2013,"OH"
"11118","Ohio","unemployed",473028,12305,2013,"OH"
"11119","Ohio","median_rent",709,4,2013,"OH"
"11120","Ohio","median_home_value",127000,878,2013,"OH"
"11121","Oklahoma","median_age",36.2,0.1,2013,"OK"
"11122","Oklahoma","total_pop",3850568,NA,2013,"OK"
"11123","Oklahoma","white",2815708,6474,2013,"OK"
"11124","Oklahoma","black",277016,4245,2013,"OK"
"11125","Oklahoma","native",289909,6109,2013,"OK"
"11126","Oklahoma","asian",71433,3415,2013,"OK"
"11127","Oklahoma","pacific",5486,2060,2013,"OK"
"11128","Oklahoma","other",103571,6608,2013,"OK"
"11129","Oklahoma","multiracial",287445,8038,2013,"OK"
"11130","Oklahoma","hispanic",369656,NA,2013,"OK"
"11131","Oklahoma","college",402956,7644,2013,"OK"
"11132","Oklahoma","masters",136617,4466,2013,"OK"
"11133","Oklahoma","professional",33344,2524,2013,"OK"
"11134","Oklahoma","doctorate",23544,2252,2013,"OK"
"11135","Oklahoma","poverty",626906,13621,2013,"OK"
"11136","Oklahoma","median_income",45690,534,2013,"OK"
"11137","Oklahoma","labor_force",1830662,9039,2013,"OK"
"11138","Oklahoma","unemployed",113878,4949,2013,"OK"
"11139","Oklahoma","median_rent",705,7,2013,"OK"
"11140","Oklahoma","median_home_value",116500,1221,2013,"OK"
"11141","Oregon","median_age",39.1,0.2,2013,"OR"
"11142","Oregon","total_pop",3930065,NA,2013,"OR"
"11143","Oregon","white",3370391,10721,2013,"OR"
"11144","Oregon","black",72655,3250,2013,"OR"
"11145","Oregon","native",43202,4171,2013,"OR"
"11146","Oregon","asian",152271,4385,2013,"OR"
"11147","Oregon","pacific",14038,1868,2013,"OR"
"11148","Oregon","other",111728,9291,2013,"OR"
"11149","Oregon","multiracial",165780,7176,2013,"OR"
"11150","Oregon","hispanic",483761,NA,2013,"OR"
"11151","Oregon","college",521031,10902,2013,"OR"
"11152","Oregon","masters",218084,7025,2013,"OR"
"11153","Oregon","professional",51075,3423,2013,"OR"
"11154","Oregon","doctorate",40930,3144,2013,"OR"
"11155","Oregon","poverty",642138,19715,2013,"OR"
"11156","Oregon","median_income",50251,532,2013,"OR"
"11157","Oregon","labor_force",1966661,12065,2013,"OR"
"11158","Oregon","unemployed",181042,8584,2013,"OR"
"11159","Oregon","median_rent",887,8,2013,"OR"
"11160","Oregon","median_home_value",229700,2186,2013,"OR"
"11161","Pennsylvania","median_age",40.6,0.1,2013,"PA"
"11162","Pennsylvania","total_pop",12773801,NA,2013,"PA"
"11163","Pennsylvania","white",10427694,14989,2013,"PA"
"11164","Pennsylvania","black",1409021,11876,2013,"PA"
"11165","Pennsylvania","native",22855,3241,2013,"PA"
"11166","Pennsylvania","asian",384783,4798,2013,"PA"
"11167","Pennsylvania","pacific",2241,960,2013,"PA"
"11168","Pennsylvania","other",264099,15494,2013,"PA"
"11169","Pennsylvania","multiracial",263108,10534,2013,"PA"
"11170","Pennsylvania","hispanic",808147,1150,2013,"PA"
"11171","Pennsylvania","college",1540228,15698,2013,"PA"
"11172","Pennsylvania","masters",703617,12319,2013,"PA"
"11173","Pennsylvania","professional",162375,5685,2013,"PA"
"11174","Pennsylvania","doctorate",120954,5006,2013,"PA"
"11175","Pennsylvania","poverty",1690405,39229,2013,"PA"
"11176","Pennsylvania","median_income",52007,256,2013,"PA"
"11177","Pennsylvania","labor_force",6526914,20625,2013,"PA"
"11178","Pennsylvania","unemployed",539153,12376,2013,"PA"
"11179","Pennsylvania","median_rent",828,5,2013,"PA"
"11180","Pennsylvania","median_home_value",164200,823,2013,"PA"
"11181","Rhode Island","median_age",39.9,0.3,2013,"RI"
"11182","Rhode Island","total_pop",1051511,NA,2013,"RI"
"11183","Rhode Island","white",846102,6637,2013,"RI"
"11184","Rhode Island","black",67541,5169,2013,"RI"
"11185","Rhode Island","native",4136,1050,2013,"RI"
"11186","Rhode Island","asian",33240,2461,2013,"RI"
"11187","Rhode Island","pacific",531,465,2013,"RI"
"11188","Rhode Island","other",73059,7004,2013,"RI"
"11189","Rhode Island","multiracial",26902,4271,2013,"RI"
"11190","Rhode Island","hispanic",142853,NA,2013,"RI"
"11191","Rhode Island","college",142598,5504,2013,"RI"
"11192","Rhode Island","masters",62198,4049,2013,"RI"
"11193","Rhode Island","professional",16411,1957,2013,"RI"
"11194","Rhode Island","doctorate",11908,1992,2013,"RI"
"11195","Rhode Island","poverty",144446,9182,2013,"RI"
"11196","Rhode Island","median_income",55902,1902,2013,"RI"
"11197","Rhode Island","labor_force",567622,7006,2013,"RI"
"11198","Rhode Island","unemployed",52282,3667,2013,"RI"
"11199","Rhode Island","median_rent",918,16,2013,"RI"
"11200","Rhode Island","median_home_value",232300,4094,2013,"RI"
"11201","South Carolina","median_age",38.6,0.2,2013,"SC"
"11202","South Carolina","total_pop",4774839,NA,2013,"SC"
"11203","South Carolina","white",3209900,7245,2013,"SC"
"11204","South Carolina","black",1320131,5887,2013,"SC"
"11205","South Carolina","native",14297,1656,2013,"SC"
"11206","South Carolina","asian",65048,3121,2013,"SC"
"11207","South Carolina","pacific",3137,1451,2013,"SC"
"11208","South Carolina","other",71578,6948,2013,"SC"
"11209","South Carolina","multiracial",90748,6428,2013,"SC"
"11210","South Carolina","hispanic",253360,1236,2013,"SC"
"11211","South Carolina","college",529944,11097,2013,"SC"
"11212","South Carolina","masters",223844,8133,2013,"SC"
"11213","South Carolina","professional",43686,3167,2013,"SC"
"11214","South Carolina","doctorate",37068,3639,2013,"SC"
"11215","South Carolina","poverty",860380,21666,2013,"SC"
"11216","South Carolina","median_income",44163,659,2013,"SC"
"11217","South Carolina","labor_force",2297871,14273,2013,"SC"
"11218","South Carolina","unemployed",217153,8549,2013,"SC"
"11219","South Carolina","median_rent",766,9,2013,"SC"
"11220","South Carolina","median_home_value",139200,1810,2013,"SC"
"11221","South Dakota","median_age",36.6,0.3,2013,"SD"
"11222","South Dakota","total_pop",844877,NA,2013,"SD"
"11223","South Dakota","white",719112,2326,2013,"SD"
"11224","South Dakota","black",13001,1955,2013,"SD"
"11225","South Dakota","native",71981,2924,2013,"SD"
"11226","South Dakota","asian",9105,1240,2013,"SD"
"11227","South Dakota","pacific",420,367,2013,"SD"
"11228","South Dakota","other",6721,1634,2013,"SD"
"11229","South Dakota","multiracial",24537,3567,2013,"SD"
"11230","South Dakota","hispanic",27186,770,2013,"SD"
"11231","South Dakota","college",104240,4207,2013,"SD"
"11232","South Dakota","masters",29835,2078,2013,"SD"
"11233","South Dakota","professional",6862,1239,2013,"SD"
"11234","South Dakota","doctorate",5369,1065,2013,"SD"
"11235","South Dakota","poverty",115454,6396,2013,"SD"
"11236","South Dakota","median_income",48947,1091,2013,"SD"
"11237","South Dakota","labor_force",449367,4864,2013,"SD"
"11238","South Dakota","unemployed",18111,1955,2013,"SD"
"11239","South Dakota","median_rent",637,17,2013,"SD"
"11240","South Dakota","median_home_value",138400,3031,2013,"SD"
"11241","Tennessee","median_age",38.5,0.2,2013,"TN"
"11242","Tennessee","total_pop",6495978,NA,2013,"TN"
"11243","Tennessee","white",5060129,9986,2013,"TN"
"11244","Tennessee","black",1102455,6795,2013,"TN"
"11245","Tennessee","native",16101,2792,2013,"TN"
"11246","Tennessee","asian",98746,3220,2013,"TN"
"11247","Tennessee","pacific",2990,1282,2013,"TN"
"11248","Tennessee","other",92334,8959,2013,"TN"
"11249","Tennessee","multiracial",123223,7384,2013,"TN"
"11250","Tennessee","hispanic",309224,1854,2013,"TN"
"11251","Tennessee","college",681475,13633,2013,"TN"
"11252","Tennessee","masters",274942,8038,2013,"TN"
"11253","Tennessee","professional",70763,4115,2013,"TN"
"11254","Tennessee","doctorate",55193,3687,2013,"TN"
"11255","Tennessee","poverty",1126772,24666,2013,"TN"
"11256","Tennessee","median_income",44297,501,2013,"TN"
"11257","Tennessee","labor_force",3157372,18633,2013,"TN"
"11258","Tennessee","unemployed",275941,10358,2013,"TN"
"11259","Tennessee","median_rent",748,7,2013,"TN"
"11260","Tennessee","median_home_value",140300,1110,2013,"TN"
"11261","Texas","median_age",34,0.1,2013,"TX"
"11262","Texas","total_pop",26448193,NA,2013,"TX"
"11263","Texas","white",19840367,43056,2013,"TX"
"11264","Texas","black",3142866,13424,2013,"TX"
"11265","Texas","native",118862,10020,2013,"TX"
"11266","Texas","asian",1089907,10307,2013,"TX"
"11267","Texas","pacific",19892,2713,2013,"TX"
"11268","Texas","other",1589415,40495,2013,"TX"
"11269","Texas","multiracial",646884,18699,2013,"TX"
"11270","Texas","hispanic",10154405,1049,2013,"TX"
"11271","Texas","college",3044921,30141,2013,"TX"
"11272","Texas","masters",1123846,20208,2013,"TX"
"11273","Texas","professional",251403,7882,2013,"TX"
"11274","Texas","doctorate",171981,7532,2013,"TX"
"11275","Texas","poverty",4530039,65158,2013,"TX"
"11276","Texas","median_income",51704,238,2013,"TX"
"11277","Texas","labor_force",12992119,34203,2013,"TX"
"11278","Texas","unemployed",917139,17435,2013,"TX"
"11279","Texas","median_rent",857,4,2013,"TX"
"11280","Texas","median_home_value",132000,792,2013,"TX"
"11281","Utah","median_age",30.2,0.1,2013,"UT"
"11282","Utah","total_pop",2900872,NA,2013,"UT"
"11283","Utah","white",2534534,11587,2013,"UT"
"11284","Utah","black",32754,2655,2013,"UT"
"11285","Utah","native",33325,2553,2013,"UT"
"11286","Utah","asian",62671,2745,2013,"UT"
"11287","Utah","pacific",27513,1830,2013,"UT"
"11288","Utah","other",139605,11002,2013,"UT"
"11289","Utah","multiracial",70470,5314,2013,"UT"
"11290","Utah","hispanic",387569,NA,2013,"UT"
"11291","Utah","college",348502,7306,2013,"UT"
"11292","Utah","masters",123296,4743,2013,"UT"
"11293","Utah","professional",26895,2113,2013,"UT"
"11294","Utah","doctorate",24802,2138,2013,"UT"
"11295","Utah","poverty",361181,15958,2013,"UT"
"11296","Utah","median_income",59770,762,2013,"UT"
"11297","Utah","labor_force",1405334,11371,2013,"UT"
"11298","Utah","unemployed",77882,4320,2013,"UT"
"11299","Utah","median_rent",881,12,2013,"UT"
"11300","Utah","median_home_value",211400,1997,2013,"UT"
"11301","Vermont","median_age",42.5,0.3,2013,"VT"
"11302","Vermont","total_pop",626630,NA,2013,"VT"
"11303","Vermont","white",595148,621,2013,"VT"
"11304","Vermont","black",7184,983,2013,"VT"
"11305","Vermont","native",1579,501,2013,"VT"
"11306","Vermont","asian",7640,1131,2013,"VT"
"11307","Vermont","pacific",222,251,2013,"VT"
"11308","Vermont","other",1633,532,2013,"VT"
"11309","Vermont","multiracial",13224,1405,2013,"VT"
"11310","Vermont","hispanic",9546,296,2013,"VT"
"11311","Vermont","college",93427,3668,2013,"VT"
"11312","Vermont","masters",44210,2578,2013,"VT"
"11313","Vermont","professional",10266,1387,2013,"VT"
"11314","Vermont","doctorate",7914,1109,2013,"VT"
"11315","Vermont","poverty",74058,5273,2013,"VT"
"11316","Vermont","median_income",52578,1561,2013,"VT"
"11317","Vermont","labor_force",342695,3845,2013,"VT"
"11318","Vermont","unemployed",19796,1837,2013,"VT"
"11319","Vermont","median_rent",865,19,2013,"VT"
"11320","Vermont","median_home_value",218300,3848,2013,"VT"
"11321","Virginia","median_age",37.6,0.1,2013,"VA"
"11322","Virginia","total_pop",8260405,NA,2013,"VA"
"11323","Virginia","white",5726886,11488,2013,"VA"
"11324","Virginia","black",1592426,9897,2013,"VA"
"11325","Virginia","native",19615,2763,2013,"VA"
"11326","Virginia","asian",484497,6079,2013,"VA"
"11327","Virginia","pacific",5808,1398,2013,"VA"
"11328","Virginia","other",162662,11034,2013,"VA"
"11329","Virginia","multiracial",268511,10993,2013,"VA"
"11330","Virginia","hispanic",707962,2729,2013,"VA"
"11331","Virginia","college",1172309,14765,2013,"VA"
"11332","Virginia","masters",614517,11379,2013,"VA"
"11333","Virginia","professional",129618,5781,2013,"VA"
"11334","Virginia","doctorate",93891,5247,2013,"VA"
"11335","Virginia","poverty",938733,25914,2013,"VA"
"11336","Virginia","median_income",62666,665,2013,"VA"
"11337","Virginia","labor_force",4269122,19665,2013,"VA"
"11338","Virginia","unemployed",282457,8981,2013,"VA"
"11339","Virginia","median_rent",1086,10,2013,"VA"
"11340","Virginia","median_home_value",239300,1767,2013,"VA"
"11341","Washington","median_age",37.4,0.1,2013,"WA"
"11342","Washington","total_pop",6971406,NA,2013,"WA"
"11343","Washington","white",5439705,17362,2013,"WA"
"11344","Washington","black",259337,8144,2013,"WA"
"11345","Washington","native",95193,5306,2013,"WA"
"11346","Washington","asian",536093,8185,2013,"WA"
"11347","Washington","pacific",42335,2971,2013,"WA"
"11348","Washington","other",255584,14344,2013,"WA"
"11349","Washington","multiracial",343159,13390,2013,"WA"
"11350","Washington","hispanic",831976,416,2013,"WA"
"11351","Washington","college",984473,14204,2013,"WA"
"11352","Washington","masters",393851,9518,2013,"WA"
"11353","Washington","professional",95103,5184,2013,"WA"
"11354","Washington","doctorate",67041,4009,2013,"WA"
"11355","Washington","poverty",967282,26419,2013,"WA"
"11356","Washington","median_income",58405,671,2013,"WA"
"11357","Washington","labor_force",3507113,17892,2013,"WA"
"11358","Washington","unemployed",277682,8107,2013,"WA"
"11359","Washington","median_rent",989,8,2013,"WA"
"11360","Washington","median_home_value",250800,2352,2013,"WA"
"11361","West Virginia","median_age",41.7,0.2,2013,"WV"
"11362","West Virginia","total_pop",1854304,NA,2013,"WV"
"11363","West Virginia","white",1737683,2487,2013,"WV"
"11364","West Virginia","black",62788,2989,2013,"WV"
"11365","West Virginia","native",1842,704,2013,"WV"
"11366","West Virginia","asian",10455,1525,2013,"WV"
"11367","West Virginia","pacific",1547,953,2013,"WV"
"11368","West Virginia","other",6070,2079,2013,"WV"
"11369","West Virginia","multiracial",33919,2912,2013,"WV"
"11370","West Virginia","hispanic",26586,1599,2013,"WV"
"11371","West Virginia","college",146732,6271,2013,"WV"
"11372","West Virginia","masters",70945,4169,2013,"WV"
"11373","West Virginia","professional",17164,2332,2013,"WV"
"11374","West Virginia","doctorate",10114,1462,2013,"WV"
"11375","West Virginia","poverty",332347,12755,2013,"WV"
"11376","West Virginia","median_income",41253,746,2013,"WV"
"11377","West Virginia","labor_force",822237,9348,2013,"WV"
"11378","West Virginia","unemployed",69927,4348,2013,"WV"
"11379","West Virginia","median_rent",620,11,2013,"WV"
"11380","West Virginia","median_home_value",103200,2095,2013,"WV"
"11381","Wisconsin","median_age",39,0.2,2013,"WI"
"11382","Wisconsin","total_pop",5742713,NA,2013,"WI"
"11383","Wisconsin","white",4972949,8691,2013,"WI"
"11384","Wisconsin","black",357899,4965,2013,"WI"
"11385","Wisconsin","native",49653,2263,2013,"WI"
"11386","Wisconsin","asian",142590,3212,2013,"WI"
"11387","Wisconsin","pacific",1512,606,2013,"WI"
"11388","Wisconsin","other",96937,8304,2013,"WI"
"11389","Wisconsin","multiracial",121173,6418,2013,"WI"
"11390","Wisconsin","hispanic",362407,1485,2013,"WI"
"11391","Wisconsin","college",711851,11741,2013,"WI"
"11392","Wisconsin","masters",262821,6325,2013,"WI"
"11393","Wisconsin","professional",60906,3174,2013,"WI"
"11394","Wisconsin","doctorate",39053,2907,2013,"WI"
"11395","Wisconsin","poverty",755551,17896,2013,"WI"
"11396","Wisconsin","median_income",51467,370,2013,"WI"
"11397","Wisconsin","labor_force",3072549,13328,2013,"WI"
"11398","Wisconsin","unemployed",199318,5919,2013,"WI"
"11399","Wisconsin","median_rent",758,6,2013,"WI"
"11400","Wisconsin","median_home_value",163000,793,2013,"WI"
"11401","Wyoming","median_age",36.6,0.4,2013,"WY"
"11402","Wyoming","total_pop",582658,NA,2013,"WY"
"11403","Wyoming","white",528303,4118,2013,"WY"
"11404","Wyoming","black",7435,1382,2013,"WY"
"11405","Wyoming","native",13675,1946,2013,"WY"
"11406","Wyoming","asian",5729,1326,2013,"WY"
"11407","Wyoming","pacific",185,169,2013,"WY"
"11408","Wyoming","other",11349,2817,2013,"WY"
"11409","Wyoming","multiracial",15982,2509,2013,"WY"
"11410","Wyoming","hispanic",51736,1155,2013,"WY"
"11411","Wyoming","college",68225,3663,2013,"WY"
"11412","Wyoming","masters",22938,2277,2013,"WY"
"11413","Wyoming","professional",5025,1166,2013,"WY"
"11414","Wyoming","doctorate",5815,1188,2013,"WY"
"11415","Wyoming","poverty",62039,5844,2013,"WY"
"11416","Wyoming","median_income",58752,1796,2013,"WY"
"11417","Wyoming","labor_force",310967,4258,2013,"WY"
"11418","Wyoming","unemployed",15775,1968,2013,"WY"
"11419","Wyoming","median_rent",780,24,2013,"WY"
"11420","Wyoming","median_home_value",195500,3744,2013,"WY"
"11421","Puerto Rico","median_age",38.6,0.2,2013,"PR"
"11422","Puerto Rico","total_pop",3615086,NA,2013,"PR"
"11423","Puerto Rico","white",2596735,21672,2013,"PR"
"11424","Puerto Rico","black",280579,12353,2013,"PR"
"11425","Puerto Rico","native",15942,3524,2013,"PR"
"11426","Puerto Rico","asian",10998,2381,2013,"PR"
"11427","Puerto Rico","pacific",86,97,2013,"PR"
"11428","Puerto Rico","other",386903,14606,2013,"PR"
"11429","Puerto Rico","multiracial",323843,14520,2013,"PR"
"11430","Puerto Rico","hispanic",3582188,3619,2013,"PR"
"11431","Puerto Rico","college",416877,11361,2013,"PR"
"11432","Puerto Rico","masters",112725,6096,2013,"PR"
"11433","Puerto Rico","professional",32498,2926,2013,"PR"
"11434","Puerto Rico","doctorate",22969,2747,2013,"PR"
"11435","Puerto Rico","poverty",1626879,25081,2013,"PR"
"11436","Puerto Rico","median_income",19183,313,2013,"PR"
"11437","Puerto Rico","labor_force",1300922,11018,2013,"PR"
"11438","Puerto Rico","unemployed",235338,8388,2013,"PR"
"11439","Puerto Rico","median_rent",448,11,2013,"PR"
"11440","Puerto Rico","median_home_value",119900,1459,2013,"PR"
"11441","Alabama","median_age",38.2,0.2,2012,"AL"
"11442","Alabama","total_pop",4822023,NA,2012,"AL"
"11443","Alabama","white",3333371,7259,2012,"AL"
"11444","Alabama","black",1276164,5768,2012,"AL"
"11445","Alabama","native",24136,2598,2012,"AL"
"11446","Alabama","asian",58679,2991,2012,"AL"
"11447","Alabama","pacific",1358,671,2012,"AL"
"11448","Alabama","other",52468,6702,2012,"AL"
"11449","Alabama","multiracial",75847,5611,2012,"AL"
"11450","Alabama","hispanic",185441,3237,2012,"AL"
"11451","Alabama","college",472037,9486,2012,"AL"
"11452","Alabama","masters",193901,6747,2012,"AL"
"11453","Alabama","professional",50713,3386,2012,"AL"
"11454","Alabama","doctorate",30508,2712,2012,"AL"
"11455","Alabama","poverty",892564,20244,2012,"AL"
"11456","Alabama","median_income",41574,477,2012,"AL"
"11457","Alabama","labor_force",2223645,15917,2012,"AL"
"11458","Alabama","unemployed",222017,8226,2012,"AL"
"11459","Alabama","median_rent",689,8,2012,"AL"
"11460","Alabama","median_home_value",123200,1482,2012,"AL"
"11461","Alaska","median_age",33.8,0.3,2012,"AK"
"11462","Alaska","total_pop",731449,NA,2012,"AK"
"11463","Alaska","white",486551,2351,2012,"AK"
"11464","Alaska","black",26207,1482,2012,"AK"
"11465","Alaska","native",102582,3525,2012,"AK"
"11466","Alaska","asian",42790,2209,2012,"AK"
"11467","Alaska","pacific",8231,982,2012,"AK"
"11468","Alaska","other",6796,1596,2012,"AK"
"11469","Alaska","multiracial",58292,4084,2012,"AK"
"11470","Alaska","hispanic",43686,509,2012,"AK"
"11471","Alaska","college",79559,4131,2012,"AK"
"11472","Alaska","masters",36321,2785,2012,"AK"
"11473","Alaska","professional",8545,1468,2012,"AK"
"11474","Alaska","doctorate",5699,1096,2012,"AK"
"11475","Alaska","poverty",72400,5190,2012,"AK"
"11476","Alaska","median_income",67712,1894,2012,"AK"
"11477","Alaska","labor_force",381360,5246,2012,"AK"
"11478","Alaska","unemployed",29864,2563,2012,"AK"
"11479","Alaska","median_rent",1120,34,2012,"AK"
"11480","Alaska","median_home_value",245100,4271,2012,"AK"
"11481","Arizona","median_age",36.6,0.1,2012,"AZ"
"11482","Arizona","total_pop",6553255,NA,2012,"AZ"
"11483","Arizona","white",5164199,17980,2012,"AZ"
"11484","Arizona","black",286343,6487,2012,"AZ"
"11485","Arizona","native",289883,5051,2012,"AZ"
"11486","Arizona","asian",190390,4062,2012,"AZ"
"11487","Arizona","pacific",12037,1880,2012,"AZ"
"11488","Arizona","other",420902,17783,2012,"AZ"
"11489","Arizona","multiracial",189501,9832,2012,"AZ"
"11490","Arizona","hispanic",1976104,NA,2012,"AZ"
"11491","Arizona","college",735758,12854,2012,"AZ"
"11492","Arizona","masters",310661,8701,2012,"AZ"
"11493","Arizona","professional",77074,4189,2012,"AZ"
"11494","Arizona","doctorate",47093,3244,2012,"AZ"
"11495","Arizona","poverty",1194506,25758,2012,"AZ"
"11496","Arizona","median_income",47826,604,2012,"AZ"
"11497","Arizona","labor_force",3058183,14648,2012,"AZ"
"11498","Arizona","unemployed",300531,7230,2012,"AZ"
"11499","Arizona","median_rent",888,8,2012,"AZ"
"11500","Arizona","median_home_value",151500,1314,2012,"AZ"
"11501","Arkansas","median_age",37.6,0.2,2012,"AR"
"11502","Arkansas","total_pop",2949131,NA,2012,"AR"
"11503","Arkansas","white",2307951,5816,2012,"AR"
"11504","Arkansas","black",462182,3398,2012,"AR"
"11505","Arkansas","native",17485,2017,2012,"AR"
"11506","Arkansas","asian",39448,1924,2012,"AR"
"11507","Arkansas","pacific",5221,406,2012,"AR"
"11508","Arkansas","other",58865,5169,2012,"AR"
"11509","Arkansas","multiracial",57979,4583,2012,"AR"
"11510","Arkansas","hispanic",197865,944,2012,"AR"
"11511","Arkansas","college",269141,8664,2012,"AR"
"11512","Arkansas","masters",101528,5228,2012,"AR"
"11513","Arkansas","professional",22334,2024,2012,"AR"
"11514","Arkansas","doctorate",16106,1817,2012,"AR"
"11515","Arkansas","poverty",568065,16759,2012,"AR"
"11516","Arkansas","median_income",40112,497,2012,"AR"
"11517","Arkansas","labor_force",1367522,10794,2012,"AR"
"11518","Arkansas","unemployed",115297,5360,2012,"AR"
"11519","Arkansas","median_rent",640,8,2012,"AR"
"11520","Arkansas","median_home_value",107600,1606,2012,"AR"
"11521","California","median_age",35.5,0.1,2012,"CA"
"11522","California","total_pop",38041430,NA,2012,"CA"
"11523","California","white",23628545,58000,2012,"CA"
"11524","California","black",2263723,17267,2012,"CA"
"11525","California","native",285342,11914,2012,"CA"
"11526","California","asian",5120354,18065,2012,"CA"
"11527","California","pacific",146712,4467,2012,"CA"
"11528","California","other",4912894,55894,2012,"CA"
"11529","California","multiracial",1683860,31751,2012,"CA"
"11530","California","hispanic",14537661,NA,2012,"CA"
"11531","California","college",4865203,31380,2012,"CA"
"11532","California","masters",1861112,21782,2012,"CA"
"11533","California","professional",569482,11971,2012,"CA"
"11534","California","doctorate",364732,8288,2012,"CA"
"11535","California","poverty",6325319,64334,2012,"CA"
"11536","California","median_income",58328,354,2012,"CA"
"11537","California","labor_force",18929227,39689,2012,"CA"
"11538","California","unemployed",2151166,24556,2012,"CA"
"11539","California","median_rent",1200,4,2012,"CA"
"11540","California","median_home_value",349400,1231,2012,"CA"
"11541","Colorado","median_age",36.2,0.2,2012,"CO"
"11542","Colorado","total_pop",5187582,NA,2012,"CO"
"11543","Colorado","white",4376673,16745,2012,"CO"
"11544","Colorado","black",218292,5494,2012,"CO"
"11545","Colorado","native",47949,4392,2012,"CO"
"11546","Colorado","asian",147082,4322,2012,"CO"
"11547","Colorado","pacific",5308,1301,2012,"CO"
"11548","Colorado","other",219565,13256,2012,"CO"
"11549","Colorado","multiracial",172713,8702,2012,"CO"
"11550","Colorado","hispanic",1088742,NA,2012,"CO"
"11551","Colorado","college",818469,13724,2012,"CO"
"11552","Colorado","masters",342776,8853,2012,"CO"
"11553","Colorado","professional",76550,3750,2012,"CO"
"11554","Colorado","doctorate",53211,3614,2012,"CO"
"11555","Colorado","poverty",694842,20406,2012,"CO"
"11556","Colorado","median_income",56765,594,2012,"CO"
"11557","Colorado","labor_force",2775818,12007,2012,"CO"
"11558","Colorado","unemployed",216624,8210,2012,"CO"
"11559","Colorado","median_rent",934,11,2012,"CO"
"11560","Colorado","median_home_value",234900,1454,2012,"CO"
"11561","Connecticut","median_age",40.4,0.2,2012,"CT"
"11562","Connecticut","total_pop",3590347,NA,2012,"CT"
"11563","Connecticut","white",2804972,10799,2012,"CT"
"11564","Connecticut","black",366350,6418,2012,"CT"
"11565","Connecticut","native",11627,2463,2012,"CT"
"11566","Connecticut","asian",147830,2290,2012,"CT"
"11567","Connecticut","pacific",2261,1568,2012,"CT"
"11568","Connecticut","other",163423,10914,2012,"CT"
"11569","Connecticut","multiracial",93884,5950,2012,"CT"
"11570","Connecticut","hispanic",510647,NA,2012,"CT"
"11571","Connecticut","college",503440,9936,2012,"CT"
"11572","Connecticut","masters",294155,7730,2012,"CT"
"11573","Connecticut","professional",73294,3696,2012,"CT"
"11574","Connecticut","doctorate",40248,3025,2012,"CT"
"11575","Connecticut","poverty",372390,14270,2012,"CT"
"11576","Connecticut","median_income",67276,865,2012,"CT"
"11577","Connecticut","labor_force",1949723,9804,2012,"CT"
"11578","Connecticut","unemployed",189561,7170,2012,"CT"
"11579","Connecticut","median_rent",1019,13,2012,"CT"
"11580","Connecticut","median_home_value",267800,2334,2012,"CT"
"11581","Delaware","median_age",39.2,0.3,2012,"DE"
"11582","Delaware","total_pop",917092,NA,2012,"DE"
"11583","Delaware","white",639294,3995,2012,"DE"
"11584","Delaware","black",196950,2945,2012,"DE"
"11585","Delaware","native",2868,621,2012,"DE"
"11586","Delaware","asian",30632,1597,2012,"DE"
"11587","Delaware","pacific",144,112,2012,"DE"
"11588","Delaware","other",23251,4014,2012,"DE"
"11589","Delaware","multiracial",23953,3638,2012,"DE"
"11590","Delaware","hispanic",78813,NA,2012,"DE"
"11591","Delaware","college",111921,5213,2012,"DE"
"11592","Delaware","masters",52001,3845,2012,"DE"
"11593","Delaware","professional",9864,1328,2012,"DE"
"11594","Delaware","doctorate",8903,1201,2012,"DE"
"11595","Delaware","poverty",107307,7877,2012,"DE"
"11596","Delaware","median_income",58415,1593,2012,"DE"
"11597","Delaware","labor_force",468131,5215,2012,"DE"
"11598","Delaware","unemployed",41017,3812,2012,"DE"
"11599","Delaware","median_rent",960,19,2012,"DE"
"11600","Delaware","median_home_value",226900,3380,2012,"DE"
"11601","District of Columbia","median_age",33.7,0.2,2012,"DC"
"11602","District of Columbia","total_pop",632323,NA,2012,"DC"
"11603","District of Columbia","white",250657,4014,2012,"DC"
"11604","District of Columbia","black",313224,2333,2012,"DC"
"11605","District of Columbia","native",2258,864,2012,"DC"
"11606","District of Columbia","asian",21858,1613,2012,"DC"
"11607","District of Columbia","pacific",54,90,2012,"DC"
"11608","District of Columbia","other",28401,4268,2012,"DC"
"11609","District of Columbia","multiracial",15871,2753,2012,"DC"
"11610","District of Columbia","hispanic",62726,NA,2012,"DC"
"11611","District of Columbia","college",100904,4522,2012,"DC"
"11612","District of Columbia","masters",77488,4099,2012,"DC"
"11613","District of Columbia","professional",38125,2877,2012,"DC"
"11614","District of Columbia","doctorate",16274,1731,2012,"DC"
"11615","District of Columbia","poverty",108732,7746,2012,"DC"
"11616","District of Columbia","median_income",66583,2040,2012,"DC"
"11617","District of Columbia","labor_force",364675,5570,2012,"DC"
"11618","District of Columbia","unemployed",37718,3642,2012,"DC"
"11619","District of Columbia","median_rent",1235,29,2012,"DC"
"11620","District of Columbia","median_home_value",460700,11946,2012,"DC"
"11621","Florida","median_age",41.1,0.2,2012,"FL"
"11622","Florida","total_pop",19317568,NA,2012,"FL"
"11623","Florida","white",14742516,22798,2012,"FL"
"11624","Florida","black",3105799,17159,2012,"FL"
"11625","Florida","native",51471,4495,2012,"FL"
"11626","Florida","asian",488052,7850,2012,"FL"
"11627","Florida","pacific",11609,3423,2012,"FL"
"11628","Florida","other",459361,23271,2012,"FL"
"11629","Florida","multiracial",458760,15562,2012,"FL"
"11630","Florida","hispanic",4484201,NA,2012,"FL"
"11631","Florida","college",2329936,24428,2012,"FL"
"11632","Florida","masters",874523,13218,2012,"FL"
"11633","Florida","professional",272260,7952,2012,"FL"
"11634","Florida","doctorate",146350,5974,2012,"FL"
"11635","Florida","poverty",3238581,49032,2012,"FL"
"11636","Florida","median_income",45040,345,2012,"FL"
"11637","Florida","labor_force",9357917,28010,2012,"FL"
"11638","Florida","unemployed",1080331,19560,2012,"FL"
"11639","Florida","median_rent",954,5,2012,"FL"
"11640","Florida","median_home_value",148200,1133,2012,"FL"
"11641","Georgia","median_age",35.7,0.1,2012,"GA"
"11642","Georgia","total_pop",9919945,NA,2012,"GA"
"11643","Georgia","white",5992846,16084,2012,"GA"
"11644","Georgia","black",3063367,11970,2012,"GA"
"11645","Georgia","native",24166,4358,2012,"GA"
"11646","Georgia","asian",337015,6051,2012,"GA"
"11647","Georgia","pacific",2882,896,2012,"GA"
"11648","Georgia","other",297813,14511,2012,"GA"
"11649","Georgia","multiracial",201856,12310,2012,"GA"
"11650","Georgia","hispanic",904343,3608,2012,"GA"
"11651","Georgia","college",1140757,18884,2012,"GA"
"11652","Georgia","masters",468599,11364,2012,"GA"
"11653","Georgia","professional",123173,5571,2012,"GA"
"11654","Georgia","doctorate",74746,4406,2012,"GA"
"11655","Georgia","poverty",1848533,37552,2012,"GA"
"11656","Georgia","median_income",47209,378,2012,"GA"
"11657","Georgia","labor_force",4792521,22973,2012,"GA"
"11658","Georgia","unemployed",528978,11417,2012,"GA"
"11659","Georgia","median_rent",837,5,2012,"GA"
"11660","Georgia","median_home_value",142300,1246,2012,"GA"
"11661","Hawaii","median_age",38.3,0.2,2012,"HI"
"11662","Hawaii","total_pop",1392313,NA,2012,"HI"
"11663","Hawaii","white",347252,2786,2012,"HI"
"11664","Hawaii","black",25613,1698,2012,"HI"
"11665","Hawaii","native",3153,797,2012,"HI"
"11666","Hawaii","asian",531663,10568,2012,"HI"
"11667","Hawaii","pacific",145408,5729,2012,"HI"
"11668","Hawaii","other",15499,2568,2012,"HI"
"11669","Hawaii","multiracial",323725,12485,2012,"HI"
"11670","Hawaii","hispanic",131743,NA,2012,"HI"
"11671","Hawaii","college",186586,5291,2012,"HI"
"11672","Hawaii","masters",66566,3527,2012,"HI"
"11673","Hawaii","professional",22483,2218,2012,"HI"
"11674","Hawaii","doctorate",10581,1303,2012,"HI"
"11675","Hawaii","poverty",157243,9661,2012,"HI"
"11676","Hawaii","median_income",66259,1628,2012,"HI"
"11677","Hawaii","labor_force",697902,7150,2012,"HI"
"11678","Hawaii","unemployed",49398,3085,2012,"HI"
"11679","Hawaii","median_rent",1379,29,2012,"HI"
"11680","Hawaii","median_home_value",496600,9166,2012,"HI"
"11681","Idaho","median_age",35.2,0.1,2012,"ID"
"11682","Idaho","total_pop",1595728,NA,2012,"ID"
"11683","Idaho","white",1458371,6843,2012,"ID"
"11684","Idaho","black",8759,1444,2012,"ID"
"11685","Idaho","native",20764,1963,2012,"ID"
"11686","Idaho","asian",20613,2789,2012,"ID"
"11687","Idaho","pacific",1686,614,2012,"ID"
"11688","Idaho","other",46011,6380,2012,"ID"
"11689","Idaho","multiracial",39524,3855,2012,"ID"
"11690","Idaho","hispanic",185159,NA,2012,"ID"
"11691","Idaho","college",175020,7778,2012,"ID"
"11692","Idaho","masters",56911,4077,2012,"ID"
"11693","Idaho","professional",14927,1783,2012,"ID"
"11694","Idaho","doctorate",11035,1732,2012,"ID"
"11695","Idaho","poverty",248494,13813,2012,"ID"
"11696","Idaho","median_income",45489,929,2012,"ID"
"11697","Idaho","labor_force",772111,7372,2012,"ID"
"11698","Idaho","unemployed",61864,4718,2012,"ID"
"11699","Idaho","median_rent",702,14,2012,"ID"
"11700","Idaho","median_home_value",154500,2420,2012,"ID"
"11701","Illinois","median_age",37,0.1,2012,"IL"
"11702","Illinois","total_pop",12875255,NA,2012,"IL"
"11703","Illinois","white",9358637,24157,2012,"IL"
"11704","Illinois","black",1853436,9027,2012,"IL"
"11705","Illinois","native",26814,3838,2012,"IL"
"11706","Illinois","asian",617924,6059,2012,"IL"
"11707","Illinois","pacific",4231,1586,2012,"IL"
"11708","Illinois","other",731378,24796,2012,"IL"
"11709","Illinois","multiracial",282835,11522,2012,"IL"
"11710","Illinois","hispanic",2100008,1920,2012,"IL"
"11711","Illinois","college",1684348,17797,2012,"IL"
"11712","Illinois","masters",751407,12053,2012,"IL"
"11713","Illinois","professional",175113,6110,2012,"IL"
"11714","Illinois","doctorate",96485,4912,2012,"IL"
"11715","Illinois","poverty",1850562,32138,2012,"IL"
"11716","Illinois","median_income",55137,408,2012,"IL"
"11717","Illinois","labor_force",6713109,20322,2012,"IL"
"11718","Illinois","unemployed",682518,10960,2012,"IL"
"11719","Illinois","median_rent",868,5,2012,"IL"
"11720","Illinois","median_home_value",170600,950,2012,"IL"
"11721","Indiana","median_age",37.3,0.1,2012,"IN"
"11722","Indiana","total_pop",6537334,NA,2012,"IN"
"11723","Indiana","white",5513003,9610,2012,"IN"
"11724","Indiana","black",598171,6855,2012,"IN"
"11725","Indiana","native",16295,1918,2012,"IN"
"11726","Indiana","asian",107736,3733,2012,"IN"
"11727","Indiana","pacific",2824,1681,2012,"IN"
"11728","Indiana","other",157490,9515,2012,"IN"
"11729","Indiana","multiracial",141815,7369,2012,"IN"
"11730","Indiana","hispanic",408900,1327,2012,"IN"
"11731","Indiana","college",643210,11414,2012,"IN"
"11732","Indiana","masters",259870,7456,2012,"IN"
"11733","Indiana","professional",55872,3380,2012,"IN"
"11734","Indiana","doctorate",43157,3415,2012,"IN"
"11735","Indiana","poverty",990325,21187,2012,"IN"
"11736","Indiana","median_income",46974,421,2012,"IN"
"11737","Indiana","labor_force",3291698,14005,2012,"IN"
"11738","Indiana","unemployed",288609,8736,2012,"IN"
"11739","Indiana","median_rent",715,6,2012,"IN"
"11740","Indiana","median_home_value",122700,811,2012,"IN"
"11741","Iowa","median_age",38,0.3,2012,"IA"
"11742","Iowa","total_pop",3074186,NA,2012,"IA"
"11743","Iowa","white",2817947,5797,2012,"IA"
"11744","Iowa","black",91660,3711,2012,"IA"
"11745","Iowa","native",8153,1445,2012,"IA"
"11746","Iowa","asian",56519,2205,2012,"IA"
"11747","Iowa","pacific",2260,754,2012,"IA"
"11748","Iowa","other",37670,4870,2012,"IA"
"11749","Iowa","multiracial",59977,4965,2012,"IA"
"11750","Iowa","hispanic",160644,1481,2012,"IA"
"11751","Iowa","college",368331,7253,2012,"IA"
"11752","Iowa","masters",117508,4266,2012,"IA"
"11753","Iowa","professional",29743,2570,2012,"IA"
"11754","Iowa","doctorate",20738,2115,2012,"IA"
"11755","Iowa","poverty",377484,13405,2012,"IA"
"11756","Iowa","median_income",50957,431,2012,"IA"
"11757","Iowa","labor_force",1644688,7681,2012,"IA"
"11758","Iowa","unemployed",87916,4029,2012,"IA"
"11759","Iowa","median_rent",661,8,2012,"IA"
"11760","Iowa","median_home_value",126300,1449,2012,"IA"
"11761","Kansas","median_age",36,0.1,2012,"KS"
"11762","Kansas","total_pop",2885905,NA,2012,"KS"
"11763","Kansas","white",2468884,7141,2012,"KS"
"11764","Kansas","black",167414,4128,2012,"KS"
"11765","Kansas","native",26087,2761,2012,"KS"
"11766","Kansas","asian",71821,2664,2012,"KS"
"11767","Kansas","pacific",2263,1453,2012,"KS"
"11768","Kansas","other",57943,7162,2012,"KS"
"11769","Kansas","multiracial",91493,6249,2012,"KS"
"11770","Kansas","hispanic",315776,269,2012,"KS"
"11771","Kansas","college",362899,7111,2012,"KS"
"11772","Kansas","masters",149868,6515,2012,"KS"
"11773","Kansas","professional",33378,2414,2012,"KS"
"11774","Kansas","doctorate",20097,1891,2012,"KS"
"11775","Kansas","poverty",391734,12565,2012,"KS"
"11776","Kansas","median_income",50241,520,2012,"KS"
"11777","Kansas","labor_force",1491407,8514,2012,"KS"
"11778","Kansas","unemployed",97003,4720,2012,"KS"
"11779","Kansas","median_rent",711,9,2012,"KS"
"11780","Kansas","median_home_value",130100,1513,2012,"KS"
"11781","Kentucky","median_age",38.4,0.2,2012,"KY"
"11782","Kentucky","total_pop",4380415,NA,2012,"KY"
"11783","Kentucky","white",3844617,5968,2012,"KY"
"11784","Kentucky","black",344584,6354,2012,"KY"
"11785","Kentucky","native",8141,1423,2012,"KY"
"11786","Kentucky","asian",55397,3007,2012,"KY"
"11787","Kentucky","pacific",2149,1098,2012,"KY"
"11788","Kentucky","other",38316,5055,2012,"KY"
"11789","Kentucky","multiracial",87211,6226,2012,"KY"
"11790","Kentucky","hispanic",134035,1860,2012,"KY"
"11791","Kentucky","college",378979,8063,2012,"KY"
"11792","Kentucky","masters",185306,5987,2012,"KY"
"11793","Kentucky","professional",46602,3077,2012,"KY"
"11794","Kentucky","doctorate",28258,2442,2012,"KY"
"11795","Kentucky","poverty",823197,22937,2012,"KY"
"11796","Kentucky","median_income",41724,419,2012,"KY"
"11797","Kentucky","labor_force",2059802,11434,2012,"KY"
"11798","Kentucky","unemployed",191844,6548,2012,"KY"
"11799","Kentucky","median_rent",636,7,2012,"KY"
"11800","Kentucky","median_home_value",120800,1105,2012,"KY"
"11801","Louisiana","median_age",36,0.2,2012,"LA"
"11802","Louisiana","total_pop",4601893,NA,2012,"LA"
"11803","Louisiana","white",2891506,6690,2012,"LA"
"11804","Louisiana","black",1483239,6017,2012,"LA"
"11805","Louisiana","native",25551,2421,2012,"LA"
"11806","Louisiana","asian",72216,2464,2012,"LA"
"11807","Louisiana","pacific",2209,1073,2012,"LA"
"11808","Louisiana","other",48697,6896,2012,"LA"
"11809","Louisiana","multiracial",78475,6207,2012,"LA"
"11810","Louisiana","hispanic",207636,928,2012,"LA"
"11811","Louisiana","college",433223,9068,2012,"LA"
"11812","Louisiana","masters",155282,5941,2012,"LA"
"11813","Louisiana","professional",45446,3681,2012,"LA"
"11814","Louisiana","doctorate",26117,2277,2012,"LA"
"11815","Louisiana","poverty",891981,23215,2012,"LA"
"11816","Louisiana","median_income",42944,680,2012,"LA"
"11817","Louisiana","labor_force",2195417,13325,2012,"LA"
"11818","Louisiana","unemployed",193512,7813,2012,"LA"
"11819","Louisiana","median_rent",747,9,2012,"LA"
"11820","Louisiana","median_home_value",139500,1952,2012,"LA"
"11821","Maine","median_age",43.5,0.2,2012,"ME"
"11822","Maine","total_pop",1329192,NA,2012,"ME"
"11823","Maine","white",1264328,1246,2012,"ME"
"11824","Maine","black",13614,1648,2012,"ME"
"11825","Maine","native",8066,1074,2012,"ME"
"11826","Maine","asian",14414,1392,2012,"ME"
"11827","Maine","pacific",156,139,2012,"ME"
"11828","Maine","other",2509,768,2012,"ME"
"11829","Maine","multiracial",26105,2308,2012,"ME"
"11830","Maine","hispanic",18451,699,2012,"ME"
"11831","Maine","college",171449,5069,2012,"ME"
"11832","Maine","masters",65911,3474,2012,"ME"
"11833","Maine","professional",16093,1851,2012,"ME"
"11834","Maine","doctorate",11276,1653,2012,"ME"
"11835","Maine","poverty",189786,9666,2012,"ME"
"11836","Maine","median_income",46709,898,2012,"ME"
"11837","Maine","labor_force",699688,7125,2012,"ME"
"11838","Maine","unemployed",53326,2697,2012,"ME"
"11839","Maine","median_rent",744,13,2012,"ME"
"11840","Maine","median_home_value",172300,2128,2012,"ME"
"11841","Maryland","median_age",38.1,0.2,2012,"MD"
"11842","Maryland","total_pop",5884563,NA,2012,"MD"
"11843","Maryland","white",3417690,12404,2012,"MD"
"11844","Maryland","black",1720936,7404,2012,"MD"
"11845","Maryland","native",17171,2528,2012,"MD"
"11846","Maryland","asian",339527,4265,2012,"MD"
"11847","Maryland","pacific",2637,1113,2012,"MD"
"11848","Maryland","other",202979,13193,2012,"MD"
"11849","Maryland","multiracial",183623,9129,2012,"MD"
"11850","Maryland","hispanic",510448,665,2012,"MD"
"11851","Maryland","college",795930,14788,2012,"MD"
"11852","Maryland","masters",460951,9564,2012,"MD"
"11853","Maryland","professional",115222,4675,2012,"MD"
"11854","Maryland","doctorate",94884,4443,2012,"MD"
"11855","Maryland","poverty",590803,19639,2012,"MD"
"11856","Maryland","median_income",71122,579,2012,"MD"
"11857","Maryland","labor_force",3201721,12589,2012,"MD"
"11858","Maryland","unemployed",264281,7657,2012,"MD"
"11859","Maryland","median_rent",1170,10,2012,"MD"
"11860","Maryland","median_home_value",279900,1884,2012,"MD"
"11861","Massachusetts","median_age",39.5,0.2,2012,"MA"
"11862","Massachusetts","total_pop",6646144,NA,2012,"MA"
"11863","Massachusetts","white",5323896,12317,2012,"MA"
"11864","Massachusetts","black",473527,7935,2012,"MA"
"11865","Massachusetts","native",13230,2280,2012,"MA"
"11866","Massachusetts","asian",381262,3962,2012,"MA"
"11867","Massachusetts","pacific",900,612,2012,"MA"
"11868","Massachusetts","other",269542,11807,2012,"MA"
"11869","Massachusetts","multiracial",183787,8728,2012,"MA"
"11870","Massachusetts","hispanic",673885,1080,2012,"MA"
"11871","Massachusetts","college",1011713,13951,2012,"MA"
"11872","Massachusetts","masters",541323,11306,2012,"MA"
"11873","Massachusetts","professional",132494,5420,2012,"MA"
"11874","Massachusetts","doctorate",104415,4763,2012,"MA"
"11875","Massachusetts","poverty",762645,18273,2012,"MA"
"11876","Massachusetts","median_income",65339,645,2012,"MA"
"11877","Massachusetts","labor_force",3643392,16140,2012,"MA"
"11878","Massachusetts","unemployed",308598,9211,2012,"MA"
"11879","Massachusetts","median_rent",1036,9,2012,"MA"
"11880","Massachusetts","median_home_value",323800,2185,2012,"MA"
"11881","Michigan","median_age",39.5,0.1,2012,"MI"
"11882","Michigan","total_pop",9883360,NA,2012,"MI"
"11883","Michigan","white",7840426,8758,2012,"MI"
"11884","Michigan","black",1388360,7531,2012,"MI"
"11885","Michigan","native",56356,3027,2012,"MI"
"11886","Michigan","asian",248093,4128,2012,"MI"
"11887","Michigan","pacific",1829,680,2012,"MI"
"11888","Michigan","other",93952,7702,2012,"MI"
"11889","Michigan","multiracial",254344,9914,2012,"MI"
"11890","Michigan","hispanic",454918,615,2012,"MI"
"11891","Michigan","college",1062110,11564,2012,"MI"
"11892","Michigan","masters",490025,8512,2012,"MI"
"11893","Michigan","professional",103848,3979,2012,"MI"
"11894","Michigan","doctorate",67420,3248,2012,"MI"
"11895","Michigan","poverty",1685178,30444,2012,"MI"
"11896","Michigan","median_income",46859,331,2012,"MI"
"11897","Michigan","labor_force",4829177,17329,2012,"MI"
"11898","Michigan","unemployed",544045,10699,2012,"MI"
"11899","Michigan","median_rent",748,5,2012,"MI"
"11900","Michigan","median_home_value",115700,719,2012,"MI"
"11901","Minnesota","median_age",37.6,0.1,2012,"MN"
"11902","Minnesota","total_pop",5379139,NA,2012,"MN"
"11903","Minnesota","white",4596694,6789,2012,"MN"
"11904","Minnesota","black",287165,5702,2012,"MN"
"11905","Minnesota","native",56230,2170,2012,"MN"
"11906","Minnesota","asian",226902,3537,2012,"MN"
"11907","Minnesota","pacific",2336,1001,2012,"MN"
"11908","Minnesota","other",73363,6581,2012,"MN"
"11909","Minnesota","multiracial",136449,7404,2012,"MN"
"11910","Minnesota","hispanic",264025,630,2012,"MN"
"11911","Minnesota","college",807626,12224,2012,"MN"
"11912","Minnesota","masters",272778,7611,2012,"MN"
"11913","Minnesota","professional",72103,3888,2012,"MN"
"11914","Minnesota","doctorate",42833,3209,2012,"MN"
"11915","Minnesota","poverty",598371,17622,2012,"MN"
"11916","Minnesota","median_income",58906,668,2012,"MN"
"11917","Minnesota","labor_force",2972839,12232,2012,"MN"
"11918","Minnesota","unemployed",186027,7127,2012,"MN"
"11919","Minnesota","median_rent",813,9,2012,"MN"
"11920","Minnesota","median_home_value",178400,1118,2012,"MN"
"11921","Mississippi","median_age",36.2,0.2,2012,"MS"
"11922","Mississippi","total_pop",2984926,NA,2012,"MS"
"11923","Mississippi","white",1768736,4408,2012,"MS"
"11924","Mississippi","black",1123620,5037,2012,"MS"
"11925","Mississippi","native",12591,1367,2012,"MS"
"11926","Mississippi","asian",23923,2452,2012,"MS"
"11927","Mississippi","pacific",399,306,2012,"MS"
"11928","Mississippi","other",22805,4018,2012,"MS"
"11929","Mississippi","multiracial",32852,3494,2012,"MS"
"11930","Mississippi","hispanic",80121,2453,2012,"MS"
"11931","Mississippi","college",249319,8849,2012,"MS"
"11932","Mississippi","masters",105946,4680,2012,"MS"
"11933","Mississippi","professional",24029,2594,2012,"MS"
"11934","Mississippi","doctorate",15722,2051,2012,"MS"
"11935","Mississippi","poverty",698252,22688,2012,"MS"
"11936","Mississippi","median_income",37095,584,2012,"MS"
"11937","Mississippi","labor_force",1345627,10031,2012,"MS"
"11938","Mississippi","unemployed",152580,7046,2012,"MS"
"11939","Mississippi","median_rent",666,11,2012,"MS"
"11940","Mississippi","median_home_value",99800,1548,2012,"MS"
"11941","Missouri","median_age",38.2,0.1,2012,"MO"
"11942","Missouri","total_pop",6021988,NA,2012,"MO"
"11943","Missouri","white",4981999,6489,2012,"MO"
"11944","Missouri","black",691631,5818,2012,"MO"
"11945","Missouri","native",28000,2718,2012,"MO"
"11946","Missouri","asian",102180,3291,2012,"MO"
"11947","Missouri","pacific",4480,1370,2012,"MO"
"11948","Missouri","other",70872,6403,2012,"MO"
"11949","Missouri","multiracial",142826,6904,2012,"MO"
"11950","Missouri","hispanic",221519,1600,2012,"MO"
"11951","Missouri","college",670388,10796,2012,"MO"
"11952","Missouri","masters",284631,8950,2012,"MO"
"11953","Missouri","professional",65321,3583,2012,"MO"
"11954","Missouri","doctorate",42330,3216,2012,"MO"
"11955","Missouri","poverty",947792,20935,2012,"MO"
"11956","Missouri","median_income",45321,418,2012,"MO"
"11957","Missouri","labor_force",3024519,12557,2012,"MO"
"11958","Missouri","unemployed",259942,8768,2012,"MO"
"11959","Missouri","median_rent",706,7,2012,"MO"
"11960","Missouri","median_home_value",135000,1179,2012,"MO"
"11961","Montana","median_age",40.2,0.3,2012,"MT"
"11962","Montana","total_pop",1005141,NA,2012,"MT"
"11963","Montana","white",896467,1819,2012,"MT"
"11964","Montana","black",3605,1071,2012,"MT"
"11965","Montana","native",65148,2263,2012,"MT"
"11966","Montana","asian",6442,1141,2012,"MT"
"11967","Montana","pacific",1183,786,2012,"MT"
"11968","Montana","other",6526,1447,2012,"MT"
"11969","Montana","multiracial",25770,2632,2012,"MT"
"11970","Montana","hispanic",31465,373,2012,"MT"
"11971","Montana","college",138862,5070,2012,"MT"
"11972","Montana","masters",42619,3040,2012,"MT"
"11973","Montana","professional",13022,1670,2012,"MT"
"11974","Montana","doctorate",7426,1366,2012,"MT"
"11975","Montana","poverty",152199,8004,2012,"MT"
"11976","Montana","median_income",45076,1092,2012,"MT"
"11977","Montana","labor_force",519990,4663,2012,"MT"
"11978","Montana","unemployed",37280,3160,2012,"MT"
"11979","Montana","median_rent",681,13,2012,"MT"
"11980","Montana","median_home_value",184800,3455,2012,"MT"
"11981","Nebraska","median_age",36.3,0.2,2012,"NE"
"11982","Nebraska","total_pop",1855525,NA,2012,"NE"
"11983","Nebraska","white",1634952,5242,2012,"NE"
"11984","Nebraska","black",85483,3465,2012,"NE"
"11985","Nebraska","native",15818,1796,2012,"NE"
"11986","Nebraska","asian",36670,1809,2012,"NE"
"11987","Nebraska","pacific",1227,1206,2012,"NE"
"11988","Nebraska","other",42754,4948,2012,"NE"
"11989","Nebraska","multiracial",38621,3717,2012,"NE"
"11990","Nebraska","hispanic",178884,494,2012,"NE"
"11991","Nebraska","college",233054,5600,2012,"NE"
"11992","Nebraska","masters",83862,3185,2012,"NE"
"11993","Nebraska","professional",20030,1746,2012,"NE"
"11994","Nebraska","doctorate",12716,1332,2012,"NE"
"11995","Nebraska","poverty",233973,10768,2012,"NE"
"11996","Nebraska","median_income",50723,577,2012,"NE"
"11997","Nebraska","labor_force",1010363,6287,2012,"NE"
"11998","Nebraska","unemployed",53727,3251,2012,"NE"
"11999","Nebraska","median_rent",692,9,2012,"NE"
"12000","Nebraska","median_home_value",128300,1462,2012,"NE"
"12001","Nevada","median_age",36.8,0.2,2012,"NV"
"12002","Nevada","total_pop",2758931,NA,2012,"NV"
"12003","Nevada","white",1922203,12400,2012,"NV"
"12004","Nevada","black",227696,4251,2012,"NV"
"12005","Nevada","native",31415,2513,2012,"NV"
"12006","Nevada","asian",207736,5128,2012,"NV"
"12007","Nevada","pacific",18441,1715,2012,"NV"
"12008","Nevada","other",236992,12600,2012,"NV"
"12009","Nevada","multiracial",114448,7240,2012,"NV"
"12010","Nevada","hispanic",752051,NA,2012,"NV"
"12011","Nevada","college",272846,7751,2012,"NV"
"12012","Nevada","masters",95659,4628,2012,"NV"
"12013","Nevada","professional",27821,2388,2012,"NV"
"12014","Nevada","doctorate",15471,1961,2012,"NV"
"12015","Nevada","poverty",446840,19216,2012,"NV"
"12016","Nevada","median_income",49760,826,2012,"NV"
"12017","Nevada","labor_force",1402366,9855,2012,"NV"
"12018","Nevada","unemployed",172282,5865,2012,"NV"
"12019","Nevada","median_rent",944,12,2012,"NV"
"12020","Nevada","median_home_value",150700,2078,2012,"NV"
"12021","New Hampshire","median_age",41.9,0.3,2012,"NH"
"12022","New Hampshire","total_pop",1320718,NA,2012,"NH"
"12023","New Hampshire","white",1241905,2511,2012,"NH"
"12024","New Hampshire","black",16515,2631,2012,"NH"
"12025","New Hampshire","native",2321,756,2012,"NH"
"12026","New Hampshire","asian",29743,1915,2012,"NH"
"12027","New Hampshire","pacific",191,193,2012,"NH"
"12028","New Hampshire","other",5827,1656,2012,"NH"
"12029","New Hampshire","multiracial",24216,2909,2012,"NH"
"12030","New Hampshire","hispanic",40138,901,2012,"NH"
"12031","New Hampshire","college",201804,6242,2012,"NH"
"12032","New Hampshire","masters",87156,4564,2012,"NH"
"12033","New Hampshire","professional",15364,1772,2012,"NH"
"12034","New Hampshire","doctorate",13567,1818,2012,"NH"
"12035","New Hampshire","poverty",128466,10865,2012,"NH"
"12036","New Hampshire","median_income",63280,1537,2012,"NH"
"12037","New Hampshire","labor_force",740064,6533,2012,"NH"
"12038","New Hampshire","unemployed",47922,3941,2012,"NH"
"12039","New Hampshire","median_rent",967,14,2012,"NH"
"12040","New Hampshire","median_home_value",236000,2708,2012,"NH"
"12041","New Jersey","median_age",39.4,0.1,2012,"NJ"
"12042","New Jersey","total_pop",8864590,NA,2012,"NJ"
"12043","New Jersey","white",6111675,20981,2012,"NJ"
"12044","New Jersey","black",1207688,10732,2012,"NJ"
"12045","New Jersey","native",21574,3456,2012,"NJ"
"12046","New Jersey","asian",775176,5882,2012,"NJ"
"12047","New Jersey","pacific",2606,1623,2012,"NJ"
"12048","New Jersey","other",523067,19197,2012,"NJ"
"12049","New Jersey","multiracial",222804,11528,2012,"NJ"
"12050","New Jersey","hispanic",1641399,NA,2012,"NJ"
"12051","New Jersey","college",1359609,15068,2012,"NJ"
"12052","New Jersey","masters",597429,12358,2012,"NJ"
"12053","New Jersey","professional",147947,5570,2012,"NJ"
"12054","New Jersey","doctorate",87198,5010,2012,"NJ"
"12055","New Jersey","poverty",934943,22315,2012,"NJ"
"12056","New Jersey","median_income",69667,716,2012,"NJ"
"12057","New Jersey","labor_force",4677567,16248,2012,"NJ"
"12058","New Jersey","unemployed",471538,10688,2012,"NJ"
"12059","New Jersey","median_rent",1148,7,2012,"NJ"
"12060","New Jersey","median_home_value",311600,1993,2012,"NJ"
"12061","New Mexico","median_age",36.8,0.2,2012,"NM"
"12062","New Mexico","total_pop",2085538,NA,2012,"NM"
"12063","New Mexico","white",1499853,13369,2012,"NM"
"12064","New Mexico","black",42843,2442,2012,"NM"
"12065","New Mexico","native",192903,3241,2012,"NM"
"12066","New Mexico","asian",27714,1774,2012,"NM"
"12067","New Mexico","pacific",1431,707,2012,"NM"
"12068","New Mexico","other",255095,13686,2012,"NM"
"12069","New Mexico","multiracial",65699,5452,2012,"NM"
"12070","New Mexico","hispanic",979724,NA,2012,"NM"
"12071","New Mexico","college",202552,8269,2012,"NM"
"12072","New Mexico","masters",106967,4988,2012,"NM"
"12073","New Mexico","professional",22244,2505,2012,"NM"
"12074","New Mexico","doctorate",23525,2526,2012,"NM"
"12075","New Mexico","poverty",426245,13843,2012,"NM"
"12076","New Mexico","median_income",42558,902,2012,"NM"
"12077","New Mexico","labor_force",970121,8947,2012,"NM"
"12078","New Mexico","unemployed",99454,5426,2012,"NM"
"12079","New Mexico","median_rent",753,12,2012,"NM"
"12080","New Mexico","median_home_value",157500,2129,2012,"NM"
"12081","New York","median_age",38.1,0.1,2012,"NY"
"12082","New York","total_pop",19570261,NA,2012,"NY"
"12083","New York","white",12767396,31188,2012,"NY"
"12084","New York","black",3046610,15504,2012,"NY"
"12085","New York","native",73392,5772,2012,"NY"
"12086","New York","asian",1498346,8087,2012,"NY"
"12087","New York","pacific",7456,2870,2012,"NY"
"12088","New York","other",1644049,29249,2012,"NY"
"12089","New York","multiracial",533012,16272,2012,"NY"
"12090","New York","hispanic",3553686,902,2012,"NY"
"12091","New York","college",2531374,22215,2012,"NY"
"12092","New York","masters",1371561,17637,2012,"NY"
"12093","New York","professional",359112,9486,2012,"NY"
"12094","New York","doctorate",181715,7468,2012,"NY"
"12095","New York","poverty",3025016,36603,2012,"NY"
"12096","New York","median_income",56448,371,2012,"NY"
"12097","New York","labor_force",10027117,26226,2012,"NY"
"12098","New York","unemployed",927351,14692,2012,"NY"
"12099","New York","median_rent",1079,6,2012,"NY"
"12100","New York","median_home_value",280900,2006,2012,"NY"
"12101","North Carolina","median_age",37.8,0.2,2012,"NC"
"12102","North Carolina","total_pop",9752073,NA,2012,"NC"
"12103","North Carolina","white",6817441,17870,2012,"NC"
"12104","North Carolina","black",2107908,10420,2012,"NC"
"12105","North Carolina","native",113280,3635,2012,"NC"
"12106","North Carolina","asian",227727,4278,2012,"NC"
"12107","North Carolina","pacific",5568,2118,2012,"NC"
"12108","North Carolina","other",255939,15642,2012,"NC"
"12109","North Carolina","multiracial",224210,10676,2012,"NC"
"12110","North Carolina","hispanic",844896,1916,2012,"NC"
"12111","North Carolina","college",1170056,15868,2012,"NC"
"12112","North Carolina","masters",436058,8476,2012,"NC"
"12113","North Carolina","professional",92150,4202,2012,"NC"
"12114","North Carolina","doctorate",77594,4259,2012,"NC"
"12115","North Carolina","poverty",1713132,31019,2012,"NC"
"12116","North Carolina","median_income",45150,391,2012,"NC"
"12117","North Carolina","labor_force",4785076,21137,2012,"NC"
"12118","North Carolina","unemployed",516566,12634,2012,"NC"
"12119","North Carolina","median_rent",756,5,2012,"NC"
"12120","North Carolina","median_home_value",150100,1129,2012,"NC"
"12121","North Dakota","median_age",36.2,0.3,2012,"ND"
"12122","North Dakota","total_pop",699628,NA,2012,"ND"
"12123","North Dakota","white",626192,1217,2012,"ND"
"12124","North Dakota","black",10202,1652,2012,"ND"
"12125","North Dakota","native",37301,1767,2012,"ND"
"12126","North Dakota","asian",6737,846,2012,"ND"
"12127","North Dakota","pacific",1190,1072,2012,"ND"
"12128","North Dakota","other",3916,1115,2012,"ND"
"12129","North Dakota","multiracial",14090,2192,2012,"ND"
"12130","North Dakota","hispanic",16672,728,2012,"ND"
"12131","North Dakota","college",89629,3973,2012,"ND"
"12132","North Dakota","masters",25163,2477,2012,"ND"
"12133","North Dakota","professional",7503,1342,2012,"ND"
"12134","North Dakota","doctorate",5580,1191,2012,"ND"
"12135","North Dakota","poverty",75703,4270,2012,"ND"
"12136","North Dakota","median_income",53585,1546,2012,"ND"
"12137","North Dakota","labor_force",392094,3631,2012,"ND"
"12138","North Dakota","unemployed",13065,2116,2012,"ND"
"12139","North Dakota","median_rent",644,14,2012,"ND"
"12140","North Dakota","median_home_value",142500,3492,2012,"ND"
"12141","Ohio","median_age",39.3,0.1,2012,"OH"
"12142","Ohio","total_pop",11544225,NA,2012,"OH"
"12143","Ohio","white",9547022,7437,2012,"OH"
"12144","Ohio","black",1413110,9120,2012,"OH"
"12145","Ohio","native",21692,2168,2012,"OH"
"12146","Ohio","asian",200878,4341,2012,"OH"
"12147","Ohio","pacific",4101,1494,2012,"OH"
"12148","Ohio","other",91448,6750,2012,"OH"
"12149","Ohio","multiracial",265974,10063,2012,"OH"
"12150","Ohio","hispanic",374276,1701,2012,"OH"
"12151","Ohio","college",1240747,14680,2012,"OH"
"12152","Ohio","masters",528409,11364,2012,"OH"
"12153","Ohio","professional",116545,5039,2012,"OH"
"12154","Ohio","doctorate",75611,3973,2012,"OH"
"12155","Ohio","poverty",1824628,28992,2012,"OH"
"12156","Ohio","median_income",46829,293,2012,"OH"
"12157","Ohio","labor_force",5812492,19067,2012,"OH"
"12158","Ohio","unemployed",527315,12654,2012,"OH"
"12159","Ohio","median_rent",700,4,2012,"OH"
"12160","Ohio","median_home_value",127600,866,2012,"OH"
"12161","Oklahoma","median_age",36.3,0.1,2012,"OK"
"12162","Oklahoma","total_pop",3814820,NA,2012,"OK"
"12163","Oklahoma","white",2805612,8499,2012,"OK"
"12164","Oklahoma","black",272820,4079,2012,"OK"
"12165","Oklahoma","native",278028,6128,2012,"OK"
"12166","Oklahoma","asian",70527,2386,2012,"OK"
"12167","Oklahoma","pacific",3925,504,2012,"OK"
"12168","Oklahoma","other",89408,6788,2012,"OK"
"12169","Oklahoma","multiracial",294500,8492,2012,"OK"
"12170","Oklahoma","hispanic",356299,NA,2012,"OK"
"12171","Oklahoma","college",393930,7039,2012,"OK"
"12172","Oklahoma","masters",142002,5213,2012,"OK"
"12173","Oklahoma","professional",33095,2478,2012,"OK"
"12174","Oklahoma","doctorate",22280,2196,2012,"OK"
"12175","Oklahoma","poverty",637429,14041,2012,"OK"
"12176","Oklahoma","median_income",44312,462,2012,"OK"
"12177","Oklahoma","labor_force",1818434,10295,2012,"OK"
"12178","Oklahoma","unemployed",123635,4286,2012,"OK"
"12179","Oklahoma","median_rent",686,6,2012,"OK"
"12180","Oklahoma","median_home_value",114300,994,2012,"OK"
"12181","Oregon","median_age",38.9,0.1,2012,"OR"
"12182","Oregon","total_pop",3899353,NA,2012,"OR"
"12183","Oregon","white",3321591,11013,2012,"OR"
"12184","Oregon","black",69719,3737,2012,"OR"
"12185","Oregon","native",47066,4202,2012,"OR"
"12186","Oregon","asian",149455,4172,2012,"OR"
"12187","Oregon","pacific",16415,2030,2012,"OR"
"12188","Oregon","other",138756,10034,2012,"OR"
"12189","Oregon","multiracial",156351,7736,2012,"OR"
"12190","Oregon","hispanic",474155,NA,2012,"OR"
"12191","Oregon","college",497130,10852,2012,"OR"
"12192","Oregon","masters",212460,6944,2012,"OR"
"12193","Oregon","professional",54182,3883,2012,"OR"
"12194","Oregon","doctorate",35682,2751,2012,"OR"
"12195","Oregon","poverty",658359,22218,2012,"OR"
"12196","Oregon","median_income",49161,807,2012,"OR"
"12197","Oregon","labor_force",1953409,10786,2012,"OR"
"12198","Oregon","unemployed",215292,7947,2012,"OR"
"12199","Oregon","median_rent",862,8,2012,"OR"
"12200","Oregon","median_home_value",223900,2254,2012,"OR"
"12201","Pennsylvania","median_age",40.5,0.1,2012,"PA"
"12202","Pennsylvania","total_pop",12763536,NA,2012,"PA"
"12203","Pennsylvania","white",10456819,12163,2012,"PA"
"12204","Pennsylvania","black",1400003,11914,2012,"PA"
"12205","Pennsylvania","native",21310,2890,2012,"PA"
"12206","Pennsylvania","asian",368996,5227,2012,"PA"
"12207","Pennsylvania","pacific",7135,3790,2012,"PA"
"12208","Pennsylvania","other",245676,11949,2012,"PA"
"12209","Pennsylvania","multiracial",263597,11268,2012,"PA"
"12210","Pennsylvania","hispanic",780862,981,2012,"PA"
"12211","Pennsylvania","college",1484305,15639,2012,"PA"
"12212","Pennsylvania","masters",665499,13240,2012,"PA"
"12213","Pennsylvania","professional",166599,6129,2012,"PA"
"12214","Pennsylvania","doctorate",119131,5431,2012,"PA"
"12215","Pennsylvania","poverty",1693285,30788,2012,"PA"
"12216","Pennsylvania","median_income",51230,265,2012,"PA"
"12217","Pennsylvania","labor_force",6507394,18639,2012,"PA"
"12218","Pennsylvania","unemployed",576117,11909,2012,"PA"
"12219","Pennsylvania","median_rent",798,5,2012,"PA"
"12220","Pennsylvania","median_home_value",163800,675,2012,"PA"
"12221","Rhode Island","median_age",39.8,0.2,2012,"RI"
"12222","Rhode Island","total_pop",1050292,NA,2012,"RI"
"12223","Rhode Island","white",857897,6212,2012,"RI"
"12224","Rhode Island","black",67840,4989,2012,"RI"
"12225","Rhode Island","native",4809,1277,2012,"RI"
"12226","Rhode Island","asian",33814,1441,2012,"RI"
"12227","Rhode Island","pacific",201,203,2012,"RI"
"12228","Rhode Island","other",56524,5934,2012,"RI"
"12229","Rhode Island","multiracial",29207,2898,2012,"RI"
"12230","Rhode Island","hispanic",138550,NA,2012,"RI"
"12231","Rhode Island","college",132903,5435,2012,"RI"
"12232","Rhode Island","masters",64882,3837,2012,"RI"
"12233","Rhode Island","professional",14832,1827,2012,"RI"
"12234","Rhode Island","doctorate",11126,1625,2012,"RI"
"12235","Rhode Island","poverty",138907,8499,2012,"RI"
"12236","Rhode Island","median_income",54554,1789,2012,"RI"
"12237","Rhode Island","labor_force",565798,6762,2012,"RI"
"12238","Rhode Island","unemployed",52997,3549,2012,"RI"
"12239","Rhode Island","median_rent",878,15,2012,"RI"
"12240","Rhode Island","median_home_value",234600,3631,2012,"RI"
"12241","South Carolina","median_age",38.3,0.2,2012,"SC"
"12242","South Carolina","total_pop",4723723,NA,2012,"SC"
"12243","South Carolina","white",3165844,8016,2012,"SC"
"12244","South Carolina","black",1307087,6873,2012,"SC"
"12245","South Carolina","native",15317,1679,2012,"SC"
"12246","South Carolina","asian",59956,2302,2012,"SC"
"12247","South Carolina","pacific",1738,950,2012,"SC"
"12248","South Carolina","other",79046,7125,2012,"SC"
"12249","South Carolina","multiracial",94735,6321,2012,"SC"
"12250","South Carolina","hispanic",249762,2255,2012,"SC"
"12251","South Carolina","college",504036,11607,2012,"SC"
"12252","South Carolina","masters",212122,7447,2012,"SC"
"12253","South Carolina","professional",43582,3187,2012,"SC"
"12254","South Carolina","doctorate",31282,2697,2012,"SC"
"12255","South Carolina","poverty",837770,22603,2012,"SC"
"12256","South Carolina","median_income",43107,660,2012,"SC"
"12257","South Carolina","labor_force",2261272,13139,2012,"SC"
"12258","South Carolina","unemployed",253703,9403,2012,"SC"
"12259","South Carolina","median_rent",754,9,2012,"SC"
"12260","South Carolina","median_home_value",135500,1730,2012,"SC"
"12261","South Dakota","median_age",36.7,0.3,2012,"SD"
"12262","South Dakota","total_pop",833354,NA,2012,"SD"
"12263","South Dakota","white",711562,2706,2012,"SD"
"12264","South Dakota","black",13055,1334,2012,"SD"
"12265","South Dakota","native",73305,2504,2012,"SD"
"12266","South Dakota","asian",9537,1227,2012,"SD"
"12267","South Dakota","pacific",460,404,2012,"SD"
"12268","South Dakota","other",7755,1940,2012,"SD"
"12269","South Dakota","multiracial",17680,2662,2012,"SD"
"12270","South Dakota","hispanic",24769,920,2012,"SD"
"12271","South Dakota","college",98719,3692,2012,"SD"
"12272","South Dakota","masters",29714,2820,2012,"SD"
"12273","South Dakota","professional",7488,1248,2012,"SD"
"12274","South Dakota","doctorate",7030,1200,2012,"SD"
"12275","South Dakota","poverty",107846,5355,2012,"SD"
"12276","South Dakota","median_income",48362,974,2012,"SD"
"12277","South Dakota","labor_force",447298,4912,2012,"SD"
"12278","South Dakota","unemployed",20915,1686,2012,"SD"
"12279","South Dakota","median_rent",651,17,2012,"SD"
"12280","South Dakota","median_home_value",134300,2382,2012,"SD"
"12281","Tennessee","median_age",38.2,0.1,2012,"TN"
"12282","Tennessee","total_pop",6456243,NA,2012,"TN"
"12283","Tennessee","white",5036564,9580,2012,"TN"
"12284","Tennessee","black",1091759,6706,2012,"TN"
"12285","Tennessee","native",17594,3153,2012,"TN"
"12286","Tennessee","asian",96086,3063,2012,"TN"
"12287","Tennessee","pacific",2618,781,2012,"TN"
"12288","Tennessee","other",93258,9911,2012,"TN"
"12289","Tennessee","multiracial",118364,6767,2012,"TN"
"12290","Tennessee","hispanic",307758,2725,2012,"TN"
"12291","Tennessee","college",680286,11346,2012,"TN"
"12292","Tennessee","masters",257964,7837,2012,"TN"
"12293","Tennessee","professional",69299,4562,2012,"TN"
"12294","Tennessee","doctorate",45255,3134,2012,"TN"
"12295","Tennessee","poverty",1129330,27122,2012,"TN"
"12296","Tennessee","median_income",42764,579,2012,"TN"
"12297","Tennessee","labor_force",3119992,14811,2012,"TN"
"12298","Tennessee","unemployed",296484,8795,2012,"TN"
"12299","Tennessee","median_rent",730,6,2012,"TN"
"12300","Tennessee","median_home_value",137800,1283,2012,"TN"
"12301","Texas","median_age",33.9,0.1,2012,"TX"
"12302","Texas","total_pop",26059203,NA,2012,"TX"
"12303","Texas","white",19546170,48902,2012,"TX"
"12304","Texas","black",3099425,15541,2012,"TX"
"12305","Texas","native",126041,8463,2012,"TX"
"12306","Texas","asian",1052002,8660,2012,"TX"
"12307","Texas","pacific",21938,2767,2012,"TX"
"12308","Texas","other",1599204,48872,2012,"TX"
"12309","Texas","multiracial",614423,18874,2012,"TX"
"12310","Texas","hispanic",9960910,NA,2012,"TX"
"12311","Texas","college",2903294,24614,2012,"TX"
"12312","Texas","masters",1076580,16933,2012,"TX"
"12313","Texas","professional",240052,8208,2012,"TX"
"12314","Texas","doctorate",164154,6898,2012,"TX"
"12315","Texas","poverty",4562352,58642,2012,"TX"
"12316","Texas","median_income",50740,267,2012,"TX"
"12317","Texas","labor_force",12746808,29045,2012,"TX"
"12318","Texas","unemployed",1015391,19316,2012,"TX"
"12319","Texas","median_rent",831,4,2012,"TX"
"12320","Texas","median_home_value",129200,823,2012,"TX"
"12321","Utah","median_age",29.9,0.1,2012,"UT"
"12322","Utah","total_pop",2855287,NA,2012,"UT"
"12323","Utah","white",2514908,10080,2012,"UT"
"12324","Utah","black",31797,3012,2012,"UT"
"12325","Utah","native",31448,2746,2012,"UT"
"12326","Utah","asian",62575,2843,2012,"UT"
"12327","Utah","pacific",25765,2742,2012,"UT"
"12328","Utah","other",119195,9169,2012,"UT"
"12329","Utah","multiracial",69599,5864,2012,"UT"
"12330","Utah","hispanic",379433,NA,2012,"UT"
"12331","Utah","college",333947,7239,2012,"UT"
"12332","Utah","masters",119791,5193,2012,"UT"
"12333","Utah","professional",27527,2396,2012,"UT"
"12334","Utah","doctorate",23256,2281,2012,"UT"
"12335","Utah","poverty",360017,18926,2012,"UT"
"12336","Utah","median_income",57049,737,2012,"UT"
"12337","Utah","labor_force",1408772,7752,2012,"UT"
"12338","Utah","unemployed",95806,5448,2012,"UT"
"12339","Utah","median_rent",851,11,2012,"UT"
"12340","Utah","median_home_value",199700,2397,2012,"UT"
"12341","Vermont","median_age",42.4,0.2,2012,"VT"
"12342","Vermont","total_pop",626011,NA,2012,"VT"
"12343","Vermont","white",595252,736,2012,"VT"
"12344","Vermont","black",6411,776,2012,"VT"
"12345","Vermont","native",2165,670,2012,"VT"
"12346","Vermont","asian",8234,770,2012,"VT"
"12347","Vermont","pacific",0,143,2012,"VT"
"12348","Vermont","other",1349,566,2012,"VT"
"12349","Vermont","multiracial",12600,1181,2012,"VT"
"12350","Vermont","hispanic",9827,349,2012,"VT"
"12351","Vermont","college",95120,3355,2012,"VT"
"12352","Vermont","masters",42576,2221,2012,"VT"
"12353","Vermont","professional",10145,1516,2012,"VT"
"12354","Vermont","doctorate",7664,1165,2012,"VT"
"12355","Vermont","poverty",71084,4549,2012,"VT"
"12356","Vermont","median_income",52977,1259,2012,"VT"
"12357","Vermont","labor_force",348360,3913,2012,"VT"
"12358","Vermont","unemployed",22400,2075,2012,"VT"
"12359","Vermont","median_rent",860,18,2012,"VT"
"12360","Vermont","median_home_value",216900,3518,2012,"VT"
"12361","Virginia","median_age",37.5,0.2,2012,"VA"
"12362","Virginia","total_pop",8185867,NA,2012,"VA"
"12363","Virginia","white",5661067,12880,2012,"VA"
"12364","Virginia","black",1576258,9466,2012,"VA"
"12365","Virginia","native",23022,3007,2012,"VA"
"12366","Virginia","asian",469669,6255,2012,"VA"
"12367","Virginia","pacific",5008,1689,2012,"VA"
"12368","Virginia","other",187150,12235,2012,"VA"
"12369","Virginia","multiracial",263693,11484,2012,"VA"
"12370","Virginia","hispanic",687972,2927,2012,"VA"
"12371","Virginia","college",1132326,15259,2012,"VA"
"12372","Virginia","masters",596854,10955,2012,"VA"
"12373","Virginia","professional",133652,5596,2012,"VA"
"12374","Virginia","doctorate",88672,4304,2012,"VA"
"12375","Virginia","poverty",931805,22863,2012,"VA"
"12376","Virginia","median_income",61741,410,2012,"VA"
"12377","Virginia","labor_force",4232929,18006,2012,"VA"
"12378","Virginia","unemployed",294111,9003,2012,"VA"
"12379","Virginia","median_rent",1068,10,2012,"VA"
"12380","Virginia","median_home_value",237800,1751,2012,"VA"
"12381","Washington","median_age",37.5,0.1,2012,"WA"
"12382","Washington","total_pop",6897012,NA,2012,"WA"
"12383","Washington","white",5402912,12547,2012,"WA"
"12384","Washington","black",248631,6701,2012,"WA"
"12385","Washington","native",95015,4437,2012,"WA"
"12386","Washington","asian",509565,6656,2012,"WA"
"12387","Washington","pacific",41156,2910,2012,"WA"
"12388","Washington","other",255271,11767,2012,"WA"
"12389","Washington","multiracial",344462,11290,2012,"WA"
"12390","Washington","hispanic",807596,NA,2012,"WA"
"12391","Washington","college",944631,13792,2012,"WA"
"12392","Washington","masters",372069,8981,2012,"WA"
"12393","Washington","professional",91575,4375,2012,"WA"
"12394","Washington","doctorate",63240,4052,2012,"WA"
"12395","Washington","poverty",915278,30419,2012,"WA"
"12396","Washington","median_income",57573,595,2012,"WA"
"12397","Washington","labor_force",3511074,13888,2012,"WA"
"12398","Washington","unemployed",306984,9283,2012,"WA"
"12399","Washington","median_rent",954,8,2012,"WA"
"12400","Washington","median_home_value",243000,1500,2012,"WA"
"12401","West Virginia","median_age",41.5,0.2,2012,"WV"
"12402","West Virginia","total_pop",1855413,NA,2012,"WV"
"12403","West Virginia","white",1738148,2503,2012,"WV"
"12404","West Virginia","black",61306,3320,2012,"WV"
"12405","West Virginia","native",2636,836,2012,"WV"
"12406","West Virginia","asian",12173,1232,2012,"WV"
"12407","West Virginia","pacific",717,669,2012,"WV"
"12408","West Virginia","other",4404,1681,2012,"WV"
"12409","West Virginia","multiracial",36029,3474,2012,"WV"
"12410","West Virginia","hispanic",23721,1716,2012,"WV"
"12411","West Virginia","college",147257,5285,2012,"WV"
"12412","West Virginia","masters",66360,3998,2012,"WV"
"12413","West Virginia","professional",18384,2134,2012,"WV"
"12414","West Virginia","doctorate",9683,1573,2012,"WV"
"12415","West Virginia","poverty",320055,13000,2012,"WV"
"12416","West Virginia","median_income",40196,697,2012,"WV"
"12417","West Virginia","labor_force",818101,8810,2012,"WV"
"12418","West Virginia","unemployed",65787,4422,2012,"WV"
"12419","West Virginia","median_rent",607,12,2012,"WV"
"12420","West Virginia","median_home_value",100400,2185,2012,"WV"
"12421","Wisconsin","median_age",38.8,0.1,2012,"WI"
"12422","Wisconsin","total_pop",5726398,NA,2012,"WI"
"12423","Wisconsin","white",4967566,9048,2012,"WI"
"12424","Wisconsin","black",359317,4802,2012,"WI"
"12425","Wisconsin","native",52161,2611,2012,"WI"
"12426","Wisconsin","asian",135815,3419,2012,"WI"
"12427","Wisconsin","pacific",1066,525,2012,"WI"
"12428","Wisconsin","other",96143,8869,2012,"WI"
"12429","Wisconsin","multiracial",114330,6266,2012,"WI"
"12430","Wisconsin","hispanic",354399,636,2012,"WI"
"12431","Wisconsin","college",688002,10211,2012,"WI"
"12432","Wisconsin","masters",255462,6448,2012,"WI"
"12433","Wisconsin","professional",61488,3072,2012,"WI"
"12434","Wisconsin","doctorate",41201,2817,2012,"WI"
"12435","Wisconsin","poverty",737356,16981,2012,"WI"
"12436","Wisconsin","median_income",51059,321,2012,"WI"
"12437","Wisconsin","labor_force",3068693,10829,2012,"WI"
"12438","Wisconsin","unemployed",223879,6884,2012,"WI"
"12439","Wisconsin","median_rent",743,6,2012,"WI"
"12440","Wisconsin","median_home_value",165200,738,2012,"WI"
"12441","Wyoming","median_age",36.9,0.3,2012,"WY"
"12442","Wyoming","total_pop",576412,NA,2012,"WY"
"12443","Wyoming","white",523798,2887,2012,"WY"
"12444","Wyoming","black",5720,1395,2012,"WY"
"12445","Wyoming","native",12375,1899,2012,"WY"
"12446","Wyoming","asian",5637,1103,2012,"WY"
"12447","Wyoming","pacific",78,85,2012,"WY"
"12448","Wyoming","other",11161,2503,2012,"WY"
"12449","Wyoming","multiracial",17643,2317,2012,"WY"
"12450","Wyoming","hispanic",54316,642,2012,"WY"
"12451","Wyoming","college",64409,4017,2012,"WY"
"12452","Wyoming","masters",20963,1812,2012,"WY"
"12453","Wyoming","professional",4466,1088,2012,"WY"
"12454","Wyoming","doctorate",4440,1390,2012,"WY"
"12455","Wyoming","poverty",71019,6087,2012,"WY"
"12456","Wyoming","median_income",54901,1491,2012,"WY"
"12457","Wyoming","labor_force",305965,4241,2012,"WY"
"12458","Wyoming","unemployed",17113,2195,2012,"WY"
"12459","Wyoming","median_rent",742,18,2012,"WY"
"12460","Wyoming","median_home_value",187400,4259,2012,"WY"
"12461","Puerto Rico","median_age",37.8,0.2,2012,"PR"
"12462","Puerto Rico","total_pop",3667084,NA,2012,"PR"
"12463","Puerto Rico","white",2536665,23266,2012,"PR"
"12464","Puerto Rico","black",304289,11913,2012,"PR"
"12465","Puerto Rico","native",13043,3101,2012,"PR"
"12466","Puerto Rico","asian",13723,2991,2012,"PR"
"12467","Puerto Rico","pacific",120,187,2012,"PR"
"12468","Puerto Rico","other",351940,16069,2012,"PR"
"12469","Puerto Rico","multiracial",447304,15458,2012,"PR"
"12470","Puerto Rico","hispanic",3631408,4007,2012,"PR"
"12471","Puerto Rico","college",428778,9494,2012,"PR"
"12472","Puerto Rico","masters",113029,5102,2012,"PR"
"12473","Puerto Rico","professional",27517,2777,2012,"PR"
"12474","Puerto Rico","doctorate",19781,2283,2012,"PR"
"12475","Puerto Rico","poverty",1632533,27010,2012,"PR"
"12476","Puerto Rico","median_income",19429,325,2012,"PR"
"12477","Puerto Rico","labor_force",1324512,12724,2012,"PR"
"12478","Puerto Rico","unemployed",229733,8796,2012,"PR"
"12479","Puerto Rico","median_rent",448,8,2012,"PR"
"12480","Puerto Rico","median_home_value",127300,1500,2012,"PR"
"12481","Alabama","median_age",38.1,0.2,2011,"AL"
"12482","Alabama","total_pop",4802740,NA,2011,"AL"
"12483","Alabama","white",3318110,8630,2011,"AL"
"12484","Alabama","black",1281095,4637,2011,"AL"
"12485","Alabama","native",24408,2242,2011,"AL"
"12486","Alabama","asian",54259,2260,2011,"AL"
"12487","Alabama","pacific",1919,1208,2011,"AL"
"12488","Alabama","other",58499,7039,2011,"AL"
"12489","Alabama","multiracial",64450,5189,2011,"AL"
"12490","Alabama","hispanic",186204,1731,2011,"AL"
"12491","Alabama","college",443488,11458,2011,"AL"
"12492","Alabama","masters",190977,6981,2011,"AL"
"12493","Alabama","professional",43117,3072,2011,"AL"
"12494","Alabama","doctorate",32950,2924,2011,"AL"
"12495","Alabama","poverty",892483,23804,2011,"AL"
"12496","Alabama","median_income",41415,550,2011,"AL"
"12497","Alabama","labor_force",2240441,16238,2011,"AL"
"12498","Alabama","unemployed",259346,10052,2011,"AL"
"12499","Alabama","median_rent",687,7,2011,"AL"
"12500","Alabama","median_home_value",122700,1463,2011,"AL"
"12501","Alaska","median_age",33.9,0.3,2011,"AK"
"12502","Alaska","total_pop",722718,NA,2011,"AK"
"12503","Alaska","white",482698,2741,2011,"AK"
"12504","Alaska","black",23143,2072,2011,"AK"
"12505","Alaska","native",102293,3803,2011,"AK"
"12506","Alaska","asian",37971,2083,2011,"AK"
"12507","Alaska","pacific",7785,727,2011,"AK"
"12508","Alaska","other",8599,1933,2011,"AK"
"12509","Alaska","multiracial",60229,4733,2011,"AK"
"12510","Alaska","hispanic",41627,180,2011,"AK"
"12511","Alaska","college",77153,3956,2011,"AK"
"12512","Alaska","masters",29269,2642,2011,"AK"
"12513","Alaska","professional",8000,1406,2011,"AK"
"12514","Alaska","doctorate",6039,1573,2011,"AK"
"12515","Alaska","poverty",73905,5839,2011,"AK"
"12516","Alaska","median_income",67825,1948,2011,"AK"
"12517","Alaska","labor_force",377710,5868,2011,"AK"
"12518","Alaska","unemployed",33367,2880,2011,"AK"
"12519","Alaska","median_rent",1049,37,2011,"AK"
"12520","Alaska","median_home_value",238300,5520,2011,"AK"
"12521","Arizona","median_age",36.2,0.1,2011,"AZ"
"12522","Arizona","total_pop",6482505,NA,2011,"AZ"
"12523","Arizona","white",5141027,23299,2011,"AZ"
"12524","Arizona","black",265940,7841,2011,"AZ"
"12525","Arizona","native",289812,5175,2011,"AZ"
"12526","Arizona","asian",177297,6178,2011,"AZ"
"12527","Arizona","pacific",11941,1586,2011,"AZ"
"12528","Arizona","other",402195,21457,2011,"AZ"
"12529","Arizona","multiracial",194293,11560,2011,"AZ"
"12530","Arizona","hispanic",1949295,NA,2011,"AZ"
"12531","Arizona","college",719546,14987,2011,"AZ"
"12532","Arizona","masters",291892,10829,2011,"AZ"
"12533","Arizona","professional",64212,4258,2011,"AZ"
"12534","Arizona","doctorate",43548,4313,2011,"AZ"
"12535","Arizona","poverty",1203501,38097,2011,"AZ"
"12536","Arizona","median_income",46709,554,2011,"AZ"
"12537","Arizona","labor_force",3025208,18721,2011,"AZ"
"12538","Arizona","unemployed",337217,13404,2011,"AZ"
"12539","Arizona","median_rent",850,8,2011,"AZ"
"12540","Arizona","median_home_value",153800,1459,2011,"AZ"
"12541","Arkansas","median_age",37.5,0.3,2011,"AR"
"12542","Arkansas","total_pop",2937979,NA,2011,"AR"
"12543","Arkansas","white",2296248,7497,2011,"AR"
"12544","Arkansas","black",463364,4287,2011,"AR"
"12545","Arkansas","native",16772,2398,2011,"AR"
"12546","Arkansas","asian",34342,2594,2011,"AR"
"12547","Arkansas","pacific",7279,1910,2011,"AR"
"12548","Arkansas","other",62745,7426,2011,"AR"
"12549","Arkansas","multiracial",57229,5642,2011,"AR"
"12550","Arkansas","hispanic",190047,1436,2011,"AR"
"12551","Arkansas","college",254903,7605,2011,"AR"
"12552","Arkansas","masters",96313,5835,2011,"AR"
"12553","Arkansas","professional",25130,2800,2011,"AR"
"12554","Arkansas","doctorate",18474,2232,2011,"AR"
"12555","Arkansas","poverty",555876,17602,2011,"AR"
"12556","Arkansas","median_income",38758,761,2011,"AR"
"12557","Arkansas","labor_force",1363235,11336,2011,"AR"
"12558","Arkansas","unemployed",127480,5894,2011,"AR"
"12559","Arkansas","median_rent",639,10,2011,"AR"
"12560","Arkansas","median_home_value",106300,1643,2011,"AR"
"12561","California","median_age",35.4,0.1,2011,"CA"
"12562","California","total_pop",37691912,NA,2011,"CA"
"12563","California","white",23698393,65345,2011,"CA"
"12564","California","black",2253905,15479,2011,"CA"
"12565","California","native",289597,14245,2011,"CA"
"12566","California","asian",4970627,17933,2011,"CA"
"12567","California","pacific",146894,5678,2011,"CA"
"12568","California","other",4738489,66403,2011,"CA"
"12569","California","multiracial",1594007,33877,2011,"CA"
"12570","California","hispanic",14359500,NA,2011,"CA"
"12571","California","college",4697422,39369,2011,"CA"
"12572","California","masters",1791770,21779,2011,"CA"
"12573","California","professional",559241,13995,2011,"CA"
"12574","California","doctorate",357887,12930,2011,"CA"
"12575","California","poverty",6118803,71852,2011,"CA"
"12576","California","median_income",57287,279,2011,"CA"
"12577","California","labor_force",18737749,41991,2011,"CA"
"12578","California","unemployed",2311055,27107,2011,"CA"
"12579","California","median_rent",1174,4,2011,"CA"
"12580","California","median_home_value",355600,1577,2011,"CA"
"12581","Colorado","median_age",36.2,0.1,2011,"CO"
"12582","Colorado","total_pop",5116796,NA,2011,"CO"
"12583","Colorado","white",4318187,17394,2011,"CO"
"12584","Colorado","black",203243,4916,2011,"CO"
"12585","Colorado","native",51677,4851,2011,"CO"
"12586","Colorado","asian",143760,3834,2011,"CO"
"12587","Colorado","pacific",5949,641,2011,"CO"
"12588","Colorado","other",221207,15837,2011,"CO"
"12589","Colorado","multiracial",172773,9552,2011,"CO"
"12590","Colorado","hispanic",1070559,NA,2011,"CO"
"12591","Colorado","college",789859,16005,2011,"CO"
"12592","Colorado","masters",331369,9338,2011,"CO"
"12593","Colorado","professional",70901,4465,2011,"CO"
"12594","Colorado","doctorate",50963,3765,2011,"CO"
"12595","Colorado","poverty",674195,21621,2011,"CO"
"12596","Colorado","median_income",55387,605,2011,"CO"
"12597","Colorado","labor_force",2747663,11628,2011,"CO"
"12598","Colorado","unemployed",255244,9192,2011,"CO"
"12599","Colorado","median_rent",900,12,2011,"CO"
"12600","Colorado","median_home_value",233700,1795,2011,"CO"
"12601","Connecticut","median_age",40.3,0.1,2011,"CT"
"12602","Connecticut","total_pop",3580709,NA,2011,"CT"
"12603","Connecticut","white",2787171,11468,2011,"CT"
"12604","Connecticut","black",359683,5702,2011,"CT"
"12605","Connecticut","native",7481,1778,2011,"CT"
"12606","Connecticut","asian",141081,2409,2011,"CT"
"12607","Connecticut","pacific",1416,755,2011,"CT"
"12608","Connecticut","other",195293,10646,2011,"CT"
"12609","Connecticut","multiracial",88584,5802,2011,"CT"
"12610","Connecticut","hispanic",494289,NA,2011,"CT"
"12611","Connecticut","college",500103,9320,2011,"CT"
"12612","Connecticut","masters",275007,9354,2011,"CT"
"12613","Connecticut","professional",70962,3864,2011,"CT"
"12614","Connecticut","doctorate",37987,3385,2011,"CT"
"12615","Connecticut","poverty",377856,17034,2011,"CT"
"12616","Connecticut","median_income",65753,854,2011,"CT"
"12617","Connecticut","labor_force",1949486,9334,2011,"CT"
"12618","Connecticut","unemployed",206992,7907,2011,"CT"
"12619","Connecticut","median_rent",1021,12,2011,"CT"
"12620","Connecticut","median_home_value",278700,2580,2011,"CT"
"12621","Delaware","median_age",39.1,0.4,2011,"DE"
"12622","Delaware","total_pop",907135,NA,2011,"DE"
"12623","Delaware","white",636680,4729,2011,"DE"
"12624","Delaware","black",193899,2993,2011,"DE"
"12625","Delaware","native",2794,895,2011,"DE"
"12626","Delaware","asian",29930,1168,2011,"DE"
"12627","Delaware","pacific",22,29,2011,"DE"
"12628","Delaware","other",19682,4485,2011,"DE"
"12629","Delaware","multiracial",24128,3358,2011,"DE"
"12630","Delaware","hispanic",76153,NA,2011,"DE"
"12631","Delaware","college",104599,4415,2011,"DE"
"12632","Delaware","masters",49862,4172,2011,"DE"
"12633","Delaware","professional",11217,1897,2011,"DE"
"12634","Delaware","doctorate",10565,1883,2011,"DE"
"12635","Delaware","poverty",104831,8149,2011,"DE"
"12636","Delaware","median_income",58814,1586,2011,"DE"
"12637","Delaware","labor_force",461640,5615,2011,"DE"
"12638","Delaware","unemployed",41275,3137,2011,"DE"
"12639","Delaware","median_rent",960,22,2011,"DE"
"12640","Delaware","median_home_value",236900,3594,2011,"DE"
"12641","District of Columbia","median_age",33.4,0.2,2011,"DC"
"12642","District of Columbia","total_pop",617996,NA,2011,"DC"
"12643","District of Columbia","white",246505,3665,2011,"DC"
"12644","District of Columbia","black",309845,2181,2011,"DC"
"12645","District of Columbia","native",1956,848,2011,"DC"
"12646","District of Columbia","asian",22510,968,2011,"DC"
"12647","District of Columbia","pacific",0,200,2011,"DC"
"12648","District of Columbia","other",24420,3654,2011,"DC"
"12649","District of Columbia","multiracial",12760,1744,2011,"DC"
"12650","District of Columbia","hispanic",58744,NA,2011,"DC"
"12651","District of Columbia","college",99622,3700,2011,"DC"
"12652","District of Columbia","masters",74134,4232,2011,"DC"
"12653","District of Columbia","professional",34099,2592,2011,"DC"
"12654","District of Columbia","doctorate",16909,2188,2011,"DC"
"12655","District of Columbia","poverty",109363,8006,2011,"DC"
"12656","District of Columbia","median_income",63124,2407,2011,"DC"
"12657","District of Columbia","labor_force",350483,4630,2011,"DC"
"12658","District of Columbia","unemployed",39876,3595,2011,"DC"
"12659","District of Columbia","median_rent",1216,36,2011,"DC"
"12660","District of Columbia","median_home_value",422400,15805,2011,"DC"
"12661","Florida","median_age",41.1,0.2,2011,"FL"
"12662","Florida","total_pop",19057542,NA,2011,"FL"
"12663","Florida","white",14535897,31466,2011,"FL"
"12664","Florida","black",3046628,20255,2011,"FL"
"12665","Florida","native",63416,6292,2011,"FL"
"12666","Florida","asian",463164,8849,2011,"FL"
"12667","Florida","pacific",12545,3380,2011,"FL"
"12668","Florida","other",512411,27599,2011,"FL"
"12669","Florida","multiracial",423481,20163,2011,"FL"
"12670","Florida","hispanic",4355051,568,2011,"FL"
"12671","Florida","college",2190780,26016,2011,"FL"
"12672","Florida","masters",843014,17281,2011,"FL"
"12673","Florida","professional",250768,9689,2011,"FL"
"12674","Florida","doctorate",144667,8431,2011,"FL"
"12675","Florida","poverty",3173456,53070,2011,"FL"
"12676","Florida","median_income",44299,406,2011,"FL"
"12677","Florida","labor_force",9249754,37595,2011,"FL"
"12678","Florida","unemployed",1147856,20923,2011,"FL"
"12679","Florida","median_rent",949,6,2011,"FL"
"12680","Florida","median_home_value",151000,1036,2011,"FL"
"12681","Georgia","median_age",35.5,0.2,2011,"GA"
"12682","Georgia","total_pop",9815210,NA,2011,"GA"
"12683","Georgia","white",5961961,19867,2011,"GA"
"12684","Georgia","black",3021927,14079,2011,"GA"
"12685","Georgia","native",24980,4510,2011,"GA"
"12686","Georgia","asian",322841,7505,2011,"GA"
"12687","Georgia","pacific",5659,2702,2011,"GA"
"12688","Georgia","other",287608,19454,2011,"GA"
"12689","Georgia","multiracial",190234,12372,2011,"GA"
"12690","Georgia","hispanic",880067,3229,2011,"GA"
"12691","Georgia","college",1119648,20805,2011,"GA"
"12692","Georgia","masters",435733,12726,2011,"GA"
"12693","Georgia","professional",113762,5534,2011,"GA"
"12694","Georgia","doctorate",69822,5136,2011,"GA"
"12695","Georgia","poverty",1827743,40709,2011,"GA"
"12696","Georgia","median_income",46007,454,2011,"GA"
"12697","Georgia","labor_force",4774331,26344,2011,"GA"
"12698","Georgia","unemployed",580555,16510,2011,"GA"
"12699","Georgia","median_rent",833,6,2011,"GA"
"12700","Georgia","median_home_value",147100,1456,2011,"GA"
"12701","Hawaii","median_age",38.5,0.2,2011,"HI"
"12702","Hawaii","total_pop",1374810,NA,2011,"HI"
"12703","Hawaii","white",343352,3503,2011,"HI"
"12704","Hawaii","black",26281,1452,2011,"HI"
"12705","Hawaii","native",3942,1158,2011,"HI"
"12706","Hawaii","asian",523824,9782,2011,"HI"
"12707","Hawaii","pacific",128087,5294,2011,"HI"
"12708","Hawaii","other",17772,3259,2011,"HI"
"12709","Hawaii","multiracial",331552,13187,2011,"HI"
"12710","Hawaii","hispanic",126419,NA,2011,"HI"
"12711","Hawaii","college",180231,6372,2011,"HI"
"12712","Hawaii","masters",63432,2993,2011,"HI"
"12713","Hawaii","professional",18812,2230,2011,"HI"
"12714","Hawaii","doctorate",10799,1568,2011,"HI"
"12715","Hawaii","poverty",161290,12291,2011,"HI"
"12716","Hawaii","median_income",61821,1035,2011,"HI"
"12717","Hawaii","labor_force",681799,7493,2011,"HI"
"12718","Hawaii","unemployed",52276,4265,2011,"HI"
"12719","Hawaii","median_rent",1308,34,2011,"HI"
"12720","Hawaii","median_home_value",487400,9301,2011,"HI"
"12721","Idaho","median_age",35,0.2,2011,"ID"
"12722","Idaho","total_pop",1584985,NA,2011,"ID"
"12723","Idaho","white",1465484,5687,2011,"ID"
"12724","Idaho","black",8392,1656,2011,"ID"
"12725","Idaho","native",20511,2685,2011,"ID"
"12726","Idaho","asian",20913,2460,2011,"ID"
"12727","Idaho","pacific",1287,682,2011,"ID"
"12728","Idaho","other",28938,5066,2011,"ID"
"12729","Idaho","multiracial",39460,4126,2011,"ID"
"12730","Idaho","hispanic",181740,468,2011,"ID"
"12731","Idaho","college",174646,7146,2011,"ID"
"12732","Idaho","masters",55345,3914,2011,"ID"
"12733","Idaho","professional",12617,2334,2011,"ID"
"12734","Idaho","doctorate",9487,1763,2011,"ID"
"12735","Idaho","poverty",255027,13229,2011,"ID"
"12736","Idaho","median_income",43341,1320,2011,"ID"
"12737","Idaho","labor_force",760733,8844,2011,"ID"
"12738","Idaho","unemployed",75817,4599,2011,"ID"
"12739","Idaho","median_rent",689,11,2011,"ID"
"12740","Idaho","median_home_value",158800,1970,2011,"ID"
"12741","Illinois","median_age",36.8,0.1,2011,"IL"
"12742","Illinois","total_pop",12869259,NA,2011,"IL"
"12743","Illinois","white",9328438,27666,2011,"IL"
"12744","Illinois","black",1867304,10690,2011,"IL"
"12745","Illinois","native",25818,3305,2011,"IL"
"12746","Illinois","asian",599115,6487,2011,"IL"
"12747","Illinois","pacific",1378,632,2011,"IL"
"12748","Illinois","other",783647,28478,2011,"IL"
"12749","Illinois","multiracial",263559,12405,2011,"IL"
"12750","Illinois","hispanic",2077030,1761,2011,"IL"
"12751","Illinois","college",1645334,21698,2011,"IL"
"12752","Illinois","masters",712735,13258,2011,"IL"
"12753","Illinois","professional",190433,6643,2011,"IL"
"12754","Illinois","doctorate",95362,5319,2011,"IL"
"12755","Illinois","poverty",1879965,34757,2011,"IL"
"12756","Illinois","median_income",53234,511,2011,"IL"
"12757","Illinois","labor_force",6661181,22012,2011,"IL"
"12758","Illinois","unemployed",734332,15355,2011,"IL"
"12759","Illinois","median_rent",859,5,2011,"IL"
"12760","Illinois","median_home_value",178500,1487,2011,"IL"
"12761","Indiana","median_age",37.1,0.1,2011,"IN"
"12762","Indiana","total_pop",6516922,NA,2011,"IN"
"12763","Indiana","white",5512023,8881,2011,"IN"
"12764","Indiana","black",589109,7189,2011,"IN"
"12765","Indiana","native",12817,1863,2011,"IN"
"12766","Indiana","asian",102695,4396,2011,"IN"
"12767","Indiana","pacific",786,503,2011,"IN"
"12768","Indiana","other",157123,10274,2011,"IN"
"12769","Indiana","multiracial",142369,7286,2011,"IN"
"12770","Indiana","hispanic",399486,1944,2011,"IN"
"12771","Indiana","college",628173,12300,2011,"IN"
"12772","Indiana","masters",255703,7785,2011,"IN"
"12773","Indiana","professional",52157,3973,2011,"IN"
"12774","Indiana","doctorate",43183,4103,2011,"IN"
"12775","Indiana","poverty",1011017,27152,2011,"IN"
"12776","Indiana","median_income",46438,455,2011,"IN"
"12777","Indiana","labor_force",3260792,16686,2011,"IN"
"12778","Indiana","unemployed",326292,9499,2011,"IN"
"12779","Indiana","median_rent",707,7,2011,"IN"
"12780","Indiana","median_home_value",122400,1052,2011,"IN"
"12781","Iowa","median_age",38.1,0.3,2011,"IA"
"12782","Iowa","total_pop",3062309,NA,2011,"IA"
"12783","Iowa","white",2800812,4987,2011,"IA"
"12784","Iowa","black",88258,3256,2011,"IA"
"12785","Iowa","native",12009,1482,2011,"IA"
"12786","Iowa","asian",56040,2355,2011,"IA"
"12787","Iowa","pacific",1010,428,2011,"IA"
"12788","Iowa","other",43292,5237,2011,"IA"
"12789","Iowa","multiracial",60888,4827,2011,"IA"
"12790","Iowa","hispanic",153241,926,2011,"IA"
"12791","Iowa","college",358051,8594,2011,"IA"
"12792","Iowa","masters",113481,4927,2011,"IA"
"12793","Iowa","professional",31379,2486,2011,"IA"
"12794","Iowa","doctorate",20188,2098,2011,"IA"
"12795","Iowa","poverty",378864,12247,2011,"IA"
"12796","Iowa","median_income",49427,693,2011,"IA"
"12797","Iowa","labor_force",1637404,7952,2011,"IA"
"12798","Iowa","unemployed",98648,4252,2011,"IA"
"12799","Iowa","median_rent",643,8,2011,"IA"
"12800","Iowa","median_home_value",123400,1181,2011,"IA"
"12801","Kansas","median_age",36.3,0.2,2011,"KS"
"12802","Kansas","total_pop",2871238,NA,2011,"KS"
"12803","Kansas","white",2442531,6705,2011,"KS"
"12804","Kansas","black",167669,4848,2011,"KS"
"12805","Kansas","native",23830,2669,2011,"KS"
"12806","Kansas","asian",67235,3040,2011,"KS"
"12807","Kansas","pacific",1642,771,2011,"KS"
"12808","Kansas","other",71792,6124,2011,"KS"
"12809","Kansas","multiracial",96539,6414,2011,"KS"
"12810","Kansas","hispanic",306806,1269,2011,"KS"
"12811","Kansas","college",365541,8513,2011,"KS"
"12812","Kansas","masters",141195,5522,2011,"KS"
"12813","Kansas","professional",31501,2657,2011,"KS"
"12814","Kansas","doctorate",19870,2659,2011,"KS"
"12815","Kansas","poverty",383467,13367,2011,"KS"
"12816","Kansas","median_income",48964,756,2011,"KS"
"12817","Kansas","labor_force",1500639,9610,2011,"KS"
"12818","Kansas","unemployed",111601,5416,2011,"KS"
"12819","Kansas","median_rent",709,11,2011,"KS"
"12820","Kansas","median_home_value",128300,1995,2011,"KS"
"12821","Kentucky","median_age",38.2,0.2,2011,"KY"
"12822","Kentucky","total_pop",4369356,NA,2011,"KY"
"12823","Kentucky","white",3837605,5487,2011,"KY"
"12824","Kentucky","black",348778,6594,2011,"KY"
"12825","Kentucky","native",9662,1761,2011,"KY"
"12826","Kentucky","asian",50424,2713,2011,"KY"
"12827","Kentucky","pacific",729,449,2011,"KY"
"12828","Kentucky","other",41911,5188,2011,"KY"
"12829","Kentucky","multiracial",80247,6532,2011,"KY"
"12830","Kentucky","hispanic",131508,2386,2011,"KY"
"12831","Kentucky","college",359975,10352,2011,"KY"
"12832","Kentucky","masters",183043,6804,2011,"KY"
"12833","Kentucky","professional",46260,2810,2011,"KY"
"12834","Kentucky","doctorate",26747,2989,2011,"KY"
"12835","Kentucky","poverty",811277,24336,2011,"KY"
"12836","Kentucky","median_income",41141,464,2011,"KY"
"12837","Kentucky","labor_force",2052108,12445,2011,"KY"
"12838","Kentucky","unemployed",213707,7927,2011,"KY"
"12839","Kentucky","median_rent",626,7,2011,"KY"
"12840","Kentucky","median_home_value",120600,1171,2011,"KY"
"12841","Louisiana","median_age",35.9,0.1,2011,"LA"
"12842","Louisiana","total_pop",4574836,NA,2011,"LA"
"12843","Louisiana","white",2874839,6593,2011,"LA"
"12844","Louisiana","black",1469876,6384,2011,"LA"
"12845","Louisiana","native",28830,2237,2011,"LA"
"12846","Louisiana","asian",72484,2804,2011,"LA"
"12847","Louisiana","pacific",3126,2331,2011,"LA"
"12848","Louisiana","other",48020,6386,2011,"LA"
"12849","Louisiana","multiracial",77661,6414,2011,"LA"
"12850","Louisiana","hispanic",197866,1605,2011,"LA"
"12851","Louisiana","college",415415,10704,2011,"LA"
"12852","Louisiana","masters",144023,6486,2011,"LA"
"12853","Louisiana","professional",44442,3392,2011,"LA"
"12854","Louisiana","doctorate",24060,2683,2011,"LA"
"12855","Louisiana","poverty",908375,21304,2011,"LA"
"12856","Louisiana","median_income",41734,528,2011,"LA"
"12857","Louisiana","labor_force",2175279,15787,2011,"LA"
"12858","Louisiana","unemployed",201340,7466,2011,"LA"
"12859","Louisiana","median_rent",747,8,2011,"LA"
"12860","Louisiana","median_home_value",139400,1806,2011,"LA"
"12861","Maine","median_age",43.2,0.2,2011,"ME"
"12862","Maine","total_pop",1328188,NA,2011,"ME"
"12863","Maine","white",1264494,1599,2011,"ME"
"12864","Maine","black",13598,1448,2011,"ME"
"12865","Maine","native",8148,1581,2011,"ME"
"12866","Maine","asian",13498,1852,2011,"ME"
"12867","Maine","pacific",134,116,2011,"ME"
"12868","Maine","other",3249,1000,2011,"ME"
"12869","Maine","multiracial",25067,2640,2011,"ME"
"12870","Maine","hispanic",17813,614,2011,"ME"
"12871","Maine","college",168605,5521,2011,"ME"
"12872","Maine","masters",69554,3568,2011,"ME"
"12873","Maine","professional",17910,2180,2011,"ME"
"12874","Maine","doctorate",11482,1754,2011,"ME"
"12875","Maine","poverty",182448,8462,2011,"ME"
"12876","Maine","median_income",46033,802,2011,"ME"
"12877","Maine","labor_force",703536,6572,2011,"ME"
"12878","Maine","unemployed",60432,4101,2011,"ME"
"12879","Maine","median_rent",747,15,2011,"ME"
"12880","Maine","median_home_value",171600,1802,2011,"ME"
"12881","Maryland","median_age",38,0.2,2011,"MD"
"12882","Maryland","total_pop",5828289,NA,2011,"MD"
"12883","Maryland","white",3414300,13228,2011,"MD"
"12884","Maryland","black",1725923,6990,2011,"MD"
"12885","Maryland","native",14530,1385,2011,"MD"
"12886","Maryland","asian",329770,4691,2011,"MD"
"12887","Maryland","pacific",1924,1095,2011,"MD"
"12888","Maryland","other",189897,13333,2011,"MD"
"12889","Maryland","multiracial",151945,8308,2011,"MD"
"12890","Maryland","hispanic",489505,374,2011,"MD"
"12891","Maryland","college",800177,12212,2011,"MD"
"12892","Maryland","masters",438160,10356,2011,"MD"
"12893","Maryland","professional",111530,5827,2011,"MD"
"12894","Maryland","doctorate",94505,5222,2011,"MD"
"12895","Maryland","poverty",571887,19719,2011,"MD"
"12896","Maryland","median_income",70004,804,2011,"MD"
"12897","Maryland","labor_force",3177062,14056,2011,"MD"
"12898","Maryland","unemployed",282496,10257,2011,"MD"
"12899","Maryland","median_rent",1153,11,2011,"MD"
"12900","Maryland","median_home_value",287100,2120,2011,"MD"
"12901","Massachusetts","median_age",39.3,0.2,2011,"MA"
"12902","Massachusetts","total_pop",6587536,NA,2011,"MA"
"12903","Massachusetts","white",5305948,12504,2011,"MA"
"12904","Massachusetts","black",451127,7855,2011,"MA"
"12905","Massachusetts","native",13160,2325,2011,"MA"
"12906","Massachusetts","asian",365968,4987,2011,"MA"
"12907","Massachusetts","pacific",858,443,2011,"MA"
"12908","Massachusetts","other",282417,13444,2011,"MA"
"12909","Massachusetts","multiracial",168058,11199,2011,"MA"
"12910","Massachusetts","hispanic",649272,117,2011,"MA"
"12911","Massachusetts","college",1004133,17102,2011,"MA"
"12912","Massachusetts","masters",528851,10913,2011,"MA"
"12913","Massachusetts","professional",122197,4922,2011,"MA"
"12914","Massachusetts","doctorate",107329,4141,2011,"MA"
"12915","Massachusetts","poverty",738514,23459,2011,"MA"
"12916","Massachusetts","median_income",62859,902,2011,"MA"
"12917","Massachusetts","labor_force",3619653,14098,2011,"MA"
"12918","Massachusetts","unemployed",334933,9040,2011,"MA"
"12919","Massachusetts","median_rent",1034,10,2011,"MA"
"12920","Massachusetts","median_home_value",326300,2004,2011,"MA"
"12921","Michigan","median_age",39.2,0.2,2011,"MI"
"12922","Michigan","total_pop",9876187,NA,2011,"MI"
"12923","Michigan","white",7830903,9530,2011,"MI"
"12924","Michigan","black",1388139,7863,2011,"MI"
"12925","Michigan","native",54719,3625,2011,"MI"
"12926","Michigan","asian",242232,5033,2011,"MI"
"12927","Michigan","pacific",2118,889,2011,"MI"
"12928","Michigan","other",105245,7698,2011,"MI"
"12929","Michigan","multiracial",252831,9915,2011,"MI"
"12930","Michigan","hispanic",447420,716,2011,"MI"
"12931","Michigan","college",1037602,12877,2011,"MI"
"12932","Michigan","masters",473641,9752,2011,"MI"
"12933","Michigan","professional",112135,4108,2011,"MI"
"12934","Michigan","doctorate",64891,3829,2011,"MI"
"12935","Michigan","poverty",1693294,28336,2011,"MI"
"12936","Michigan","median_income",45981,330,2011,"MI"
"12937","Michigan","labor_force",4821613,17201,2011,"MI"
"12938","Michigan","unemployed",629735,10634,2011,"MI"
"12939","Michigan","median_rent",739,6,2011,"MI"
"12940","Michigan","median_home_value",118100,795,2011,"MI"
"12941","Minnesota","median_age",37.6,0.1,2011,"MN"
"12942","Minnesota","total_pop",5344861,NA,2011,"MN"
"12943","Minnesota","white",4577875,7618,2011,"MN"
"12944","Minnesota","black",279142,6224,2011,"MN"
"12945","Minnesota","native",60842,3167,2011,"MN"
"12946","Minnesota","asian",216270,3768,2011,"MN"
"12947","Minnesota","pacific",763,342,2011,"MN"
"12948","Minnesota","other",74998,7403,2011,"MN"
"12949","Minnesota","multiracial",134971,8828,2011,"MN"
"12950","Minnesota","hispanic",257186,1004,2011,"MN"
"12951","Minnesota","college",777339,10996,2011,"MN"
"12952","Minnesota","masters",258399,6596,2011,"MN"
"12953","Minnesota","professional",75781,3570,2011,"MN"
"12954","Minnesota","doctorate",41332,2817,2011,"MN"
"12955","Minnesota","poverty",621970,17360,2011,"MN"
"12956","Minnesota","median_income",56954,488,2011,"MN"
"12957","Minnesota","labor_force",2955217,12292,2011,"MN"
"12958","Minnesota","unemployed",226336,6856,2011,"MN"
"12959","Minnesota","median_rent",787,9,2011,"MN"
"12960","Minnesota","median_home_value",183500,1359,2011,"MN"
"12961","Mississippi","median_age",36.1,0.3,2011,"MS"
"12962","Mississippi","total_pop",2978512,NA,2011,"MS"
"12963","Mississippi","white",1770546,4486,2011,"MS"
"12964","Mississippi","black",1115359,5473,2011,"MS"
"12965","Mississippi","native",11815,1722,2011,"MS"
"12966","Mississippi","asian",27077,3206,2011,"MS"
"12967","Mississippi","pacific",108,122,2011,"MS"
"12968","Mississippi","other",19265,3669,2011,"MS"
"12969","Mississippi","multiracial",34342,4658,2011,"MS"
"12970","Mississippi","hispanic",81113,3654,2011,"MS"
"12971","Mississippi","college",240726,8265,2011,"MS"
"12972","Mississippi","masters",95403,6223,2011,"MS"
"12973","Mississippi","professional",25780,2646,2011,"MS"
"12974","Mississippi","doctorate",17716,2309,2011,"MS"
"12975","Mississippi","poverty",650524,20706,2011,"MS"
"12976","Mississippi","median_income",36919,583,2011,"MS"
"12977","Mississippi","labor_force",1332465,10475,2011,"MS"
"12978","Mississippi","unemployed",151170,6463,2011,"MS"
"12979","Mississippi","median_rent",689,9,2011,"MS"
"12980","Mississippi","median_home_value",99900,1870,2011,"MS"
"12981","Missouri","median_age",38,0.2,2011,"MO"
"12982","Missouri","total_pop",6010688,NA,2011,"MO"
"12983","Missouri","white",4991510,7231,2011,"MO"
"12984","Missouri","black",688379,6563,2011,"MO"
"12985","Missouri","native",22326,2594,2011,"MO"
"12986","Missouri","asian",96187,3149,2011,"MO"
"12987","Missouri","pacific",5692,1498,2011,"MO"
"12988","Missouri","other",61460,6179,2011,"MO"
"12989","Missouri","multiracial",145134,7914,2011,"MO"
"12990","Missouri","hispanic",216372,1346,2011,"MO"
"12991","Missouri","college",656222,13073,2011,"MO"
"12992","Missouri","masters",278278,8204,2011,"MO"
"12993","Missouri","professional",67613,3874,2011,"MO"
"12994","Missouri","doctorate",42869,3090,2011,"MO"
"12995","Missouri","poverty",920118,22609,2011,"MO"
"12996","Missouri","median_income",45247,529,2011,"MO"
"12997","Missouri","labor_force",3026952,14274,2011,"MO"
"12998","Missouri","unemployed",284895,9012,2011,"MO"
"12999","Missouri","median_rent",708,7,2011,"MO"
"13000","Missouri","median_home_value",136900,1372,2011,"MO"
"13001","Montana","median_age",39.7,0.3,2011,"MT"
"13002","Montana","total_pop",998199,NA,2011,"MT"
"13003","Montana","white",891294,2197,2011,"MT"
"13004","Montana","black",4305,1404,2011,"MT"
"13005","Montana","native",66644,3337,2011,"MT"
"13006","Montana","asian",5714,1173,2011,"MT"
"13007","Montana","pacific",968,838,2011,"MT"
"13008","Montana","other",5149,1668,2011,"MT"
"13009","Montana","multiracial",24125,2788,2011,"MT"
"13010","Montana","hispanic",29331,620,2011,"MT"
"13011","Montana","college",132946,5890,2011,"MT"
"13012","Montana","masters",38774,2775,2011,"MT"
"13013","Montana","professional",10426,1495,2011,"MT"
"13014","Montana","doctorate",8772,1610,2011,"MT"
"13015","Montana","poverty",144054,8962,2011,"MT"
"13016","Montana","median_income",44222,1078,2011,"MT"
"13017","Montana","labor_force",521313,5636,2011,"MT"
"13018","Montana","unemployed",41325,3612,2011,"MT"
"13019","Montana","median_rent",650,17,2011,"MT"
"13020","Montana","median_home_value",184100,3685,2011,"MT"
"13021","Nebraska","median_age",36.3,0.2,2011,"NE"
"13022","Nebraska","total_pop",1842641,NA,2011,"NE"
"13023","Nebraska","white",1624885,5966,2011,"NE"
"13024","Nebraska","black",83693,3632,2011,"NE"
"13025","Nebraska","native",17985,1896,2011,"NE"
"13026","Nebraska","asian",34517,1779,2011,"NE"
"13027","Nebraska","pacific",693,303,2011,"NE"
"13028","Nebraska","other",40493,4982,2011,"NE"
"13029","Nebraska","multiracial",40375,3846,2011,"NE"
"13030","Nebraska","hispanic",173430,489,2011,"NE"
"13031","Nebraska","college",225822,5577,2011,"NE"
"13032","Nebraska","masters",73911,3752,2011,"NE"
"13033","Nebraska","professional",19852,2036,2011,"NE"
"13034","Nebraska","doctorate",14542,1660,2011,"NE"
"13035","Nebraska","poverty",234710,10211,2011,"NE"
"13036","Nebraska","median_income",50296,687,2011,"NE"
"13037","Nebraska","labor_force",1006874,6987,2011,"NE"
"13038","Nebraska","unemployed",63231,3621,2011,"NE"
"13039","Nebraska","median_rent",673,10,2011,"NE"
"13040","Nebraska","median_home_value",127400,1531,2011,"NE"
"13041","Nevada","median_age",36.7,0.2,2011,"NV"
"13042","Nevada","total_pop",2723322,NA,2011,"NV"
"13043","Nevada","white",1948463,15765,2011,"NV"
"13044","Nevada","black",222551,5616,2011,"NV"
"13045","Nevada","native",32805,3070,2011,"NV"
"13046","Nevada","asian",194695,6015,2011,"NV"
"13047","Nevada","pacific",16360,1595,2011,"NV"
"13048","Nevada","other",202603,14069,2011,"NV"
"13049","Nevada","multiracial",105845,10551,2011,"NV"
"13050","Nevada","hispanic",737221,NA,2011,"NV"
"13051","Nevada","college",269461,10643,2011,"NV"
"13052","Nevada","masters",90902,6217,2011,"NV"
"13053","Nevada","professional",31897,4289,2011,"NV"
"13054","Nevada","doctorate",14615,2019,2011,"NV"
"13055","Nevada","poverty",426741,20552,2011,"NV"
"13056","Nevada","median_income",48927,1020,2011,"NV"
"13057","Nevada","labor_force",1379559,11755,2011,"NV"
"13058","Nevada","unemployed",174677,8649,2011,"NV"
"13059","Nevada","median_rent",936,13,2011,"NV"
"13060","Nevada","median_home_value",158000,2406,2011,"NV"
"13061","New Hampshire","median_age",41.5,0.2,2011,"NH"
"13062","New Hampshire","total_pop",1318194,NA,2011,"NH"
"13063","New Hampshire","white",1240868,2868,2011,"NH"
"13064","New Hampshire","black",14655,1344,2011,"NH"
"13065","New Hampshire","native",2154,701,2011,"NH"
"13066","New Hampshire","asian",29002,2149,2011,"NH"
"13067","New Hampshire","pacific",117,129,2011,"NH"
"13068","New Hampshire","other",8756,2720,2011,"NH"
"13069","New Hampshire","multiracial",22642,2360,2011,"NH"
"13070","New Hampshire","hispanic",38497,1097,2011,"NH"
"13071","New Hampshire","college",191748,6078,2011,"NH"
"13072","New Hampshire","masters",84488,4132,2011,"NH"
"13073","New Hampshire","professional",14658,1630,2011,"NH"
"13074","New Hampshire","doctorate",14419,1880,2011,"NH"
"13075","New Hampshire","poverty",112715,8386,2011,"NH"
"13076","New Hampshire","median_income",62647,1415,2011,"NH"
"13077","New Hampshire","labor_force",735366,6583,2011,"NH"
"13078","New Hampshire","unemployed",50560,3770,2011,"NH"
"13079","New Hampshire","median_rent",939,15,2011,"NH"
"13080","New Hampshire","median_home_value",237500,3100,2011,"NH"
"13081","New Jersey","median_age",39.2,0.1,2011,"NJ"
"13082","New Jersey","total_pop",8821155,NA,2011,"NJ"
"13083","New Jersey","white",6104543,20959,2011,"NJ"
"13084","New Jersey","black",1182905,11416,2011,"NJ"
"13085","New Jersey","native",21103,3871,2011,"NJ"
"13086","New Jersey","asian",747620,6615,2011,"NJ"
"13087","New Jersey","pacific",3365,1571,2011,"NJ"
"13088","New Jersey","other",544803,20644,2011,"NJ"
"13089","New Jersey","multiracial",216816,12912,2011,"NJ"
"13090","New Jersey","hispanic",1600690,NA,2011,"NJ"
"13091","New Jersey","college",1322225,14575,2011,"NJ"
"13092","New Jersey","masters",569427,11826,2011,"NJ"
"13093","New Jersey","professional",138976,5951,2011,"NJ"
"13094","New Jersey","doctorate",88275,5208,2011,"NJ"
"13095","New Jersey","poverty",897376,24537,2011,"NJ"
"13096","New Jersey","median_income",67458,721,2011,"NJ"
"13097","New Jersey","labor_force",4662195,14631,2011,"NJ"
"13098","New Jersey","unemployed",509682,13097,2011,"NJ"
"13099","New Jersey","median_rent",1135,7,2011,"NJ"
"13100","New Jersey","median_home_value",324900,1581,2011,"NJ"
"13101","New Mexico","median_age",36.6,0.2,2011,"NM"
"13102","New Mexico","total_pop",2082224,NA,2011,"NM"
"13103","New Mexico","white",1492790,15175,2011,"NM"
"13104","New Mexico","black",44365,3969,2011,"NM"
"13105","New Mexico","native",190825,4587,2011,"NM"
"13106","New Mexico","asian",25637,1939,2011,"NM"
"13107","New Mexico","pacific",1171,614,2011,"NM"
"13108","New Mexico","other",263221,13689,2011,"NM"
"13109","New Mexico","multiracial",64215,5875,2011,"NM"
"13110","New Mexico","hispanic",973051,NA,2011,"NM"
"13111","New Mexico","college",195527,7997,2011,"NM"
"13112","New Mexico","masters",102579,5596,2011,"NM"
"13113","New Mexico","professional",21793,2450,2011,"NM"
"13114","New Mexico","doctorate",26096,2393,2011,"NM"
"13115","New Mexico","poverty",439914,17336,2011,"NM"
"13116","New Mexico","median_income",41963,803,2011,"NM"
"13117","New Mexico","labor_force",979399,9131,2011,"NM"
"13118","New Mexico","unemployed",109626,6304,2011,"NM"
"13119","New Mexico","median_rent",729,12,2011,"NM"
"13120","New Mexico","median_home_value",159000,2344,2011,"NM"
"13121","New York","median_age",38.1,0.2,2011,"NY"
"13122","New York","total_pop",19465197,NA,2011,"NY"
"13123","New York","white",12710382,29843,2011,"NY"
"13124","New York","black",3036099,16183,2011,"NY"
"13125","New York","native",67731,4685,2011,"NY"
"13126","New York","asian",1447760,9725,2011,"NY"
"13127","New York","pacific",5562,2536,2011,"NY"
"13128","New York","other",1670880,32891,2011,"NY"
"13129","New York","multiracial",526783,16971,2011,"NY"
"13130","New York","hispanic",3496401,760,2011,"NY"
"13131","New York","college",2467536,24540,2011,"NY"
"13132","New York","masters",1342831,16615,2011,"NY"
"13133","New York","professional",356937,11102,2011,"NY"
"13134","New York","doctorate",178363,6117,2011,"NY"
"13135","New York","poverty",3027342,42152,2011,"NY"
"13136","New York","median_income",55246,398,2011,"NY"
"13137","New York","labor_force",9907450,28803,2011,"NY"
"13138","New York","unemployed",948435,17838,2011,"NY"
"13139","New York","median_rent",1058,5,2011,"NY"
"13140","New York","median_home_value",285300,2548,2011,"NY"
"13141","North Carolina","median_age",37.7,0.2,2011,"NC"
"13142","North Carolina","total_pop",9656401,NA,2011,"NC"
"13143","North Carolina","white",6768523,16949,2011,"NC"
"13144","North Carolina","black",2091558,11959,2011,"NC"
"13145","North Carolina","native",111633,4192,2011,"NC"
"13146","North Carolina","asian",211328,5649,2011,"NC"
"13147","North Carolina","pacific",4132,986,2011,"NC"
"13148","North Carolina","other",264372,16180,2011,"NC"
"13149","North Carolina","multiracial",204855,14449,2011,"NC"
"13150","North Carolina","hispanic",828104,1278,2011,"NC"
"13151","North Carolina","college",1136478,19414,2011,"NC"
"13152","North Carolina","masters",417351,13431,2011,"NC"
"13153","North Carolina","professional",95066,5350,2011,"NC"
"13154","North Carolina","doctorate",73579,5210,2011,"NC"
"13155","North Carolina","poverty",1680963,36728,2011,"NC"
"13156","North Carolina","median_income",43916,519,2011,"NC"
"13157","North Carolina","labor_force",4751695,25296,2011,"NC"
"13158","North Carolina","unemployed",555887,18312,2011,"NC"
"13159","North Carolina","median_rent",745,7,2011,"NC"
"13160","North Carolina","median_home_value",153700,1297,2011,"NC"
"13161","North Dakota","median_age",36.6,0.3,2011,"ND"
"13162","North Dakota","total_pop",683932,NA,2011,"ND"
"13163","North Dakota","white",614327,1430,2011,"ND"
"13164","North Dakota","black",6857,1255,2011,"ND"
"13165","North Dakota","native",38515,1701,2011,"ND"
"13166","North Dakota","asian",7070,1051,2011,"ND"
"13167","North Dakota","pacific",147,158,2011,"ND"
"13168","North Dakota","other",4362,1325,2011,"ND"
"13169","North Dakota","multiracial",12654,1852,2011,"ND"
"13170","North Dakota","hispanic",14923,736,2011,"ND"
"13171","North Dakota","college",86615,3620,2011,"ND"
"13172","North Dakota","masters",21053,2547,2011,"ND"
"13173","North Dakota","professional",6100,1167,2011,"ND"
"13174","North Dakota","doctorate",4132,901,2011,"ND"
"13175","North Dakota","poverty",80882,5567,2011,"ND"
"13176","North Dakota","median_income",51704,1260,2011,"ND"
"13177","North Dakota","labor_force",382841,4532,2011,"ND"
"13178","North Dakota","unemployed",12011,1708,2011,"ND"
"13179","North Dakota","median_rent",626,21,2011,"ND"
"13180","North Dakota","median_home_value",128600,3445,2011,"ND"
"13181","Ohio","median_age",39.1,0.1,2011,"OH"
"13182","Ohio","total_pop",11544951,NA,2011,"OH"
"13183","Ohio","white",9566847,8300,2011,"OH"
"13184","Ohio","black",1396483,10548,2011,"OH"
"13185","Ohio","native",19589,2047,2011,"OH"
"13186","Ohio","asian",194814,5015,2011,"OH"
"13187","Ohio","pacific",1981,808,2011,"OH"
"13188","Ohio","other",99138,7672,2011,"OH"
"13189","Ohio","multiracial",266099,11306,2011,"OH"
"13190","Ohio","hispanic",364018,1988,2011,"OH"
"13191","Ohio","college",1196897,17758,2011,"OH"
"13192","Ohio","masters",513723,11850,2011,"OH"
"13193","Ohio","professional",120297,4764,2011,"OH"
"13194","Ohio","doctorate",79828,4468,2011,"OH"
"13195","Ohio","poverty",1845800,35067,2011,"OH"
"13196","Ohio","median_income",45749,319,2011,"OH"
"13197","Ohio","labor_force",5820387,21594,2011,"OH"
"13198","Ohio","unemployed",606934,11873,2011,"OH"
"13199","Ohio","median_rent",692,4,2011,"OH"
"13200","Ohio","median_home_value",129600,735,2011,"OH"
"13201","Oklahoma","median_age",36.3,0.1,2011,"OK"
"13202","Oklahoma","total_pop",3791508,NA,2011,"OK"
"13203","Oklahoma","white",2792094,7616,2011,"OK"
"13204","Oklahoma","black",275392,4430,2011,"OK"
"13205","Oklahoma","native",260733,7642,2011,"OK"
"13206","Oklahoma","asian",65513,3141,2011,"OK"
"13207","Oklahoma","pacific",5393,1210,2011,"OK"
"13208","Oklahoma","other",90736,6574,2011,"OK"
"13209","Oklahoma","multiracial",301647,9225,2011,"OK"
"13210","Oklahoma","hispanic",347623,NA,2011,"OK"
"13211","Oklahoma","college",396219,8587,2011,"OK"
"13212","Oklahoma","masters",136076,5431,2011,"OK"
"13213","Oklahoma","professional",32423,2207,2011,"OK"
"13214","Oklahoma","doctorate",23367,2248,2011,"OK"
"13215","Oklahoma","poverty",633298,18126,2011,"OK"
"13216","Oklahoma","median_income",43225,607,2011,"OK"
"13217","Oklahoma","labor_force",1818689,11870,2011,"OK"
"13218","Oklahoma","unemployed",136930,4885,2011,"OK"
"13219","Oklahoma","median_rent",675,8,2011,"OK"
"13220","Oklahoma","median_home_value",112600,1269,2011,"OK"
"13221","Oregon","median_age",38.7,0.2,2011,"OR"
"13222","Oregon","total_pop",3871859,NA,2011,"OR"
"13223","Oregon","white",3279357,12288,2011,"OR"
"13224","Oregon","black",70067,2807,2011,"OR"
"13225","Oregon","native",52026,4557,2011,"OR"
"13226","Oregon","asian",152909,4397,2011,"OR"
"13227","Oregon","pacific",15100,2454,2011,"OR"
"13228","Oregon","other",167719,11405,2011,"OR"
"13229","Oregon","multiracial",134681,7065,2011,"OR"
"13230","Oregon","hispanic",466071,NA,2011,"OR"
"13231","Oregon","college",486317,10064,2011,"OR"
"13232","Oregon","masters",200641,8459,2011,"OR"
"13233","Oregon","professional",53434,3495,2011,"OR"
"13234","Oregon","doctorate",35429,3333,2011,"OR"
"13235","Oregon","poverty",662283,20527,2011,"OR"
"13236","Oregon","median_income",46816,711,2011,"OR"
"13237","Oregon","labor_force",1942971,13259,2011,"OR"
"13238","Oregon","unemployed",232635,9126,2011,"OR"
"13239","Oregon","median_rent",840,9,2011,"OR"
"13240","Oregon","median_home_value",232900,2089,2011,"OR"
"13241","Pennsylvania","median_age",40.3,0.1,2011,"PA"
"13242","Pennsylvania","total_pop",12742886,NA,2011,"PA"
"13243","Pennsylvania","white",10485910,11661,2011,"PA"
"13244","Pennsylvania","black",1372685,12132,2011,"PA"
"13245","Pennsylvania","native",17315,2084,2011,"PA"
"13246","Pennsylvania","asian",358168,4389,2011,"PA"
"13247","Pennsylvania","pacific",2009,811,2011,"PA"
"13248","Pennsylvania","other",259538,11861,2011,"PA"
"13249","Pennsylvania","multiracial",247261,11270,2011,"PA"
"13250","Pennsylvania","hispanic",751430,1100,2011,"PA"
"13251","Pennsylvania","college",1443083,15306,2011,"PA"
"13252","Pennsylvania","masters",643588,10553,2011,"PA"
"13253","Pennsylvania","professional",158025,6453,2011,"PA"
"13254","Pennsylvania","doctorate",104977,5248,2011,"PA"
"13255","Pennsylvania","poverty",1695996,36138,2011,"PA"
"13256","Pennsylvania","median_income",50228,292,2011,"PA"
"13257","Pennsylvania","labor_force",6458914,22403,2011,"PA"
"13258","Pennsylvania","unemployed",605594,13103,2011,"PA"
"13259","Pennsylvania","median_rent",786,5,2011,"PA"
"13260","Pennsylvania","median_home_value",164800,766,2011,"PA"
"13261","Rhode Island","median_age",39.5,0.3,2011,"RI"
"13262","Rhode Island","total_pop",1051302,NA,2011,"RI"
"13263","Rhode Island","white",859000,5950,2011,"RI"
"13264","Rhode Island","black",63397,3762,2011,"RI"
"13265","Rhode Island","native",4370,1273,2011,"RI"
"13266","Rhode Island","asian",33235,1460,2011,"RI"
"13267","Rhode Island","pacific",188,215,2011,"RI"
"13268","Rhode Island","other",62356,6489,2011,"RI"
"13269","Rhode Island","multiracial",28756,4167,2011,"RI"
"13270","Rhode Island","hispanic",134714,NA,2011,"RI"
"13271","Rhode Island","college",134049,5081,2011,"RI"
"13272","Rhode Island","masters",63669,4266,2011,"RI"
"13273","Rhode Island","professional",15150,1766,2011,"RI"
"13274","Rhode Island","doctorate",8944,1535,2011,"RI"
"13275","Rhode Island","poverty",148819,8909,2011,"RI"
"13276","Rhode Island","median_income",53636,1699,2011,"RI"
"13277","Rhode Island","labor_force",569816,6524,2011,"RI"
"13278","Rhode Island","unemployed",58581,4161,2011,"RI"
"13279","Rhode Island","median_rent",875,17,2011,"RI"
"13280","Rhode Island","median_home_value",245500,3572,2011,"RI"
"13281","South Carolina","median_age",38,0.2,2011,"SC"
"13282","South Carolina","total_pop",4679230,NA,2011,"SC"
"13283","South Carolina","white",3135216,8956,2011,"SC"
"13284","South Carolina","black",1305093,7192,2011,"SC"
"13285","South Carolina","native",13244,1991,2011,"SC"
"13286","South Carolina","asian",63356,2782,2011,"SC"
"13287","South Carolina","pacific",2042,1524,2011,"SC"
"13288","South Carolina","other",75888,8400,2011,"SC"
"13289","South Carolina","multiracial",84391,7046,2011,"SC"
"13290","South Carolina","hispanic",241008,1564,2011,"SC"
"13291","South Carolina","college",486569,12768,2011,"SC"
"13292","South Carolina","masters",189771,8398,2011,"SC"
"13293","South Carolina","professional",44678,3804,2011,"SC"
"13294","South Carolina","doctorate",27657,2853,2011,"SC"
"13295","South Carolina","poverty",856938,22008,2011,"SC"
"13296","South Carolina","median_income",42367,559,2011,"SC"
"13297","South Carolina","labor_force",2235219,17481,2011,"SC"
"13298","South Carolina","unemployed",266294,10746,2011,"SC"
"13299","South Carolina","median_rent",741,8,2011,"SC"
"13300","South Carolina","median_home_value",136000,1981,2011,"SC"
"13301","South Dakota","median_age",37.1,0.3,2011,"SD"
"13302","South Dakota","total_pop",824082,NA,2011,"SD"
"13303","South Dakota","white",707944,2394,2011,"SD"
"13304","South Dakota","black",9517,1203,2011,"SD"
"13305","South Dakota","native",71532,2373,2011,"SD"
"13306","South Dakota","asian",7855,869,2011,"SD"
"13307","South Dakota","pacific",63,71,2011,"SD"
"13308","South Dakota","other",7031,1805,2011,"SD"
"13309","South Dakota","multiracial",20140,2746,2011,"SD"
"13310","South Dakota","hispanic",22899,1246,2011,"SD"
"13311","South Dakota","college",97956,4222,2011,"SD"
"13312","South Dakota","masters",31868,2829,2011,"SD"
"13313","South Dakota","professional",6036,1131,2011,"SD"
"13314","South Dakota","doctorate",5774,1236,2011,"SD"
"13315","South Dakota","poverty",110681,6608,2011,"SD"
"13316","South Dakota","median_income",48321,1598,2011,"SD"
"13317","South Dakota","labor_force",439730,5417,2011,"SD"
"13318","South Dakota","unemployed",24107,2598,2011,"SD"
"13319","South Dakota","median_rent",612,17,2011,"SD"
"13320","South Dakota","median_home_value",131400,3154,2011,"SD"
"13321","Tennessee","median_age",38.3,0.2,2011,"TN"
"13322","Tennessee","total_pop",6403353,NA,2011,"TN"
"13323","Tennessee","white",4990068,8309,2011,"TN"
"13324","Tennessee","black",1071463,6624,2011,"TN"
"13325","Tennessee","native",18732,3475,2011,"TN"
"13326","Tennessee","asian",92286,4046,2011,"TN"
"13327","Tennessee","pacific",2299,1197,2011,"TN"
"13328","Tennessee","other",107031,8493,2011,"TN"
"13329","Tennessee","multiracial",121474,7801,2011,"TN"
"13330","Tennessee","hispanic",296307,2405,2011,"TN"
"13331","Tennessee","college",655551,14047,2011,"TN"
"13332","Tennessee","masters",242616,7418,2011,"TN"
"13333","Tennessee","professional",65244,4290,2011,"TN"
"13334","Tennessee","doctorate",50487,4105,2011,"TN"
"13335","Tennessee","poverty",1142299,29429,2011,"TN"
"13336","Tennessee","median_income",41693,423,2011,"TN"
"13337","Tennessee","labor_force",3113007,16374,2011,"TN"
"13338","Tennessee","unemployed",328545,10150,2011,"TN"
"13339","Tennessee","median_rent",715,7,2011,"TN"
"13340","Tennessee","median_home_value",138300,1223,2011,"TN"
"13341","Texas","median_age",33.7,0.1,2011,"TX"
"13342","Texas","total_pop",25674681,NA,2011,"TX"
"13343","Texas","white",19149157,45618,2011,"TX"
"13344","Texas","black",3011795,13895,2011,"TX"
"13345","Texas","native",128773,11133,2011,"TX"
"13346","Texas","asian",999118,10194,2011,"TX"
"13347","Texas","pacific",18726,4172,2011,"TX"
"13348","Texas","other",1770210,43137,2011,"TX"
"13349","Texas","multiracial",596902,18892,2011,"TX"
"13350","Texas","hispanic",9791628,2612,2011,"TX"
"13351","Texas","college",2847501,33440,2011,"TX"
"13352","Texas","masters",995078,19271,2011,"TX"
"13353","Texas","professional",244266,10513,2011,"TX"
"13354","Texas","doctorate",160834,7265,2011,"TX"
"13355","Texas","poverty",4628758,63020,2011,"TX"
"13356","Texas","median_income",49392,391,2011,"TX"
"13357","Texas","labor_force",12520343,44522,2011,"TX"
"13358","Texas","unemployed",1065274,23077,2011,"TX"
"13359","Texas","median_rent",813,5,2011,"TX"
"13360","Texas","median_home_value",127700,830,2011,"TX"
"13361","Utah","median_age",29.6,0.2,2011,"UT"
"13362","Utah","total_pop",2817222,NA,2011,"UT"
"13363","Utah","white",2486869,10393,2011,"UT"
"13364","Utah","black",32524,3943,2011,"UT"
"13365","Utah","native",31795,3102,2011,"UT"
"13366","Utah","asian",56679,3028,2011,"UT"
"13367","Utah","pacific",27209,2416,2011,"UT"
"13368","Utah","other",112788,10140,2011,"UT"
"13369","Utah","multiracial",69358,6379,2011,"UT"
"13370","Utah","hispanic",372913,NA,2011,"UT"
"13371","Utah","college",322983,7680,2011,"UT"
"13372","Utah","masters",108782,4992,2011,"UT"
"13373","Utah","professional",26231,2304,2011,"UT"
"13374","Utah","doctorate",20570,2048,2011,"UT"
"13375","Utah","poverty",374859,19403,2011,"UT"
"13376","Utah","median_income",55869,805,2011,"UT"
"13377","Utah","labor_force",1370085,10012,2011,"UT"
"13378","Utah","unemployed",109279,6258,2011,"UT"
"13379","Utah","median_rent",822,12,2011,"UT"
"13380","Utah","median_home_value",207500,2515,2011,"UT"
"13381","Vermont","median_age",42,0.3,2011,"VT"
"13382","Vermont","total_pop",626431,NA,2011,"VT"
"13383","Vermont","white",596253,999,2011,"VT"
"13384","Vermont","black",5194,937,2011,"VT"
"13385","Vermont","native",2140,607,2011,"VT"
"13386","Vermont","asian",7733,983,2011,"VT"
"13387","Vermont","pacific",245,186,2011,"VT"
"13388","Vermont","other",1227,792,2011,"VT"
"13389","Vermont","multiracial",13639,1462,2011,"VT"
"13390","Vermont","hispanic",9134,432,2011,"VT"
"13391","Vermont","college",93188,3633,2011,"VT"
"13392","Vermont","masters",43266,2774,2011,"VT"
"13393","Vermont","professional",9837,1229,2011,"VT"
"13394","Vermont","doctorate",7599,964,2011,"VT"
"13395","Vermont","poverty",69075,4730,2011,"VT"
"13396","Vermont","median_income",52776,1420,2011,"VT"
"13397","Vermont","labor_force",349718,4353,2011,"VT"
"13398","Vermont","unemployed",22416,1748,2011,"VT"
"13399","Vermont","median_rent",849,22,2011,"VT"
"13400","Vermont","median_home_value",213700,3759,2011,"VT"
"13401","Virginia","median_age",37.6,0.1,2011,"VA"
"13402","Virginia","total_pop",8096604,NA,2011,"VA"
"13403","Virginia","white",5615742,14273,2011,"VA"
"13404","Virginia","black",1581452,10391,2011,"VA"
"13405","Virginia","native",24374,3459,2011,"VA"
"13406","Virginia","asian",455242,7971,2011,"VA"
"13407","Virginia","pacific",5084,1580,2011,"VA"
"13408","Virginia","other",173964,12649,2011,"VA"
"13409","Virginia","multiracial",240746,14173,2011,"VA"
"13410","Virginia","hispanic",648793,2673,2011,"VA"
"13411","Virginia","college",1111225,13583,2011,"VA"
"13412","Virginia","masters",575887,11931,2011,"VA"
"13413","Virginia","professional",133180,6663,2011,"VA"
"13414","Virginia","doctorate",83202,4398,2011,"VA"
"13415","Virginia","poverty",905914,25152,2011,"VA"
"13416","Virginia","median_income",61882,507,2011,"VA"
"13417","Virginia","labor_force",4175698,19549,2011,"VA"
"13418","Virginia","unemployed",315567,10103,2011,"VA"
"13419","Virginia","median_rent",1062,13,2011,"VA"
"13420","Virginia","median_home_value",243100,1721,2011,"VA"
"13421","Washington","median_age",37.3,0.1,2011,"WA"
"13422","Washington","total_pop",6830038,NA,2011,"WA"
"13423","Washington","white",5357161,15858,2011,"WA"
"13424","Washington","black",239665,6363,2011,"WA"
"13425","Washington","native",91703,5026,2011,"WA"
"13426","Washington","asian",501712,7684,2011,"WA"
"13427","Washington","pacific",40300,2479,2011,"WA"
"13428","Washington","other",278678,16551,2011,"WA"
"13429","Washington","multiracial",320819,12964,2011,"WA"
"13430","Washington","hispanic",789060,NA,2011,"WA"
"13431","Washington","college",925095,16622,2011,"WA"
"13432","Washington","masters",384232,10091,2011,"WA"
"13433","Washington","professional",90773,4866,2011,"WA"
"13434","Washington","doctorate",60904,4416,2011,"WA"
"13435","Washington","poverty",929258,23388,2011,"WA"
"13436","Washington","median_income",56835,569,2011,"WA"
"13437","Washington","labor_force",3477743,14041,2011,"WA"
"13438","Washington","unemployed",359745,9679,2011,"WA"
"13439","Washington","median_rent",930,9,2011,"WA"
"13440","Washington","median_home_value",256300,2391,2011,"WA"
"13441","West Virginia","median_age",41.4,0.3,2011,"WV"
"13442","West Virginia","total_pop",1855364,NA,2011,"WV"
"13443","West Virginia","white",1741915,2269,2011,"WV"
"13444","West Virginia","black",56178,2868,2011,"WV"
"13445","West Virginia","native",2834,1024,2011,"WV"
"13446","West Virginia","asian",11492,1378,2011,"WV"
"13447","West Virginia","pacific",126,128,2011,"WV"
"13448","West Virginia","other",4452,1701,2011,"WV"
"13449","West Virginia","multiracial",38367,2797,2011,"WV"
"13450","West Virginia","hispanic",21302,933,2011,"WV"
"13451","West Virginia","college",150916,6259,2011,"WV"
"13452","West Virginia","masters",62407,3446,2011,"WV"
"13453","West Virginia","professional",15973,1603,2011,"WV"
"13454","West Virginia","doctorate",9745,1489,2011,"WV"
"13455","West Virginia","poverty",334885,13958,2011,"WV"
"13456","West Virginia","median_income",38482,875,2011,"WV"
"13457","West Virginia","labor_force",821367,7194,2011,"WV"
"13458","West Virginia","unemployed",72809,4365,2011,"WV"
"13459","West Virginia","median_rent",599,10,2011,"WV"
"13460","West Virginia","median_home_value",99300,1727,2011,"WV"
"13461","Wisconsin","median_age",38.7,0.2,2011,"WI"
"13462","Wisconsin","total_pop",5711767,NA,2011,"WI"
"13463","Wisconsin","white",4980495,8349,2011,"WI"
"13464","Wisconsin","black",356550,4844,2011,"WI"
"13465","Wisconsin","native",48065,2516,2011,"WI"
"13466","Wisconsin","asian",130617,3336,2011,"WI"
"13467","Wisconsin","pacific",1485,695,2011,"WI"
"13468","Wisconsin","other",77758,7682,2011,"WI"
"13469","Wisconsin","multiracial",116797,6125,2011,"WI"
"13470","Wisconsin","hispanic",345297,832,2011,"WI"
"13471","Wisconsin","college",668444,9958,2011,"WI"
"13472","Wisconsin","masters",249480,6699,2011,"WI"
"13473","Wisconsin","professional",59397,3756,2011,"WI"
"13474","Wisconsin","doctorate",36992,2535,2011,"WI"
"13475","Wisconsin","poverty",725797,20946,2011,"WI"
"13476","Wisconsin","median_income",50395,428,2011,"WI"
"13477","Wisconsin","labor_force",3070131,12655,2011,"WI"
"13478","Wisconsin","unemployed",250654,8863,2011,"WI"
"13479","Wisconsin","median_rent",739,5,2011,"WI"
"13480","Wisconsin","median_home_value",166700,863,2011,"WI"
"13481","Wyoming","median_age",36.8,0.4,2011,"WY"
"13482","Wyoming","total_pop",568158,NA,2011,"WY"
"13483","Wyoming","white",515335,2893,2011,"WY"
"13484","Wyoming","black",5079,937,2011,"WY"
"13485","Wyoming","native",12241,1370,2011,"WY"
"13486","Wyoming","asian",4833,1100,2011,"WY"
"13487","Wyoming","pacific",201,169,2011,"WY"
"13488","Wyoming","other",14829,2941,2011,"WY"
"13489","Wyoming","multiracial",15640,2461,2011,"WY"
"13490","Wyoming","hispanic",51758,NA,2011,"WY"
"13491","Wyoming","college",61815,3556,2011,"WY"
"13492","Wyoming","masters",23028,2247,2011,"WY"
"13493","Wyoming","professional",4735,827,2011,"WY"
"13494","Wyoming","doctorate",3270,928,2011,"WY"
"13495","Wyoming","poverty",62629,5598,2011,"WY"
"13496","Wyoming","median_income",56322,1890,2011,"WY"
"13497","Wyoming","labor_force",305529,4720,2011,"WY"
"13498","Wyoming","unemployed",15553,2116,2011,"WY"
"13499","Wyoming","median_rent",759,31,2011,"WY"
"13500","Wyoming","median_home_value",179900,4272,2011,"WY"
"13501","Puerto Rico","median_age",37.5,0.2,2011,"PR"
"13502","Puerto Rico","total_pop",3706690,NA,2011,"PR"
"13503","Puerto Rico","white",2539680,21485,2011,"PR"
"13504","Puerto Rico","black",290083,11977,2011,"PR"
"13505","Puerto Rico","native",8254,2052,2011,"PR"
"13506","Puerto Rico","asian",9489,2369,2011,"PR"
"13507","Puerto Rico","pacific",0,210,2011,"PR"
"13508","Puerto Rico","other",361521,14515,2011,"PR"
"13509","Puerto Rico","multiracial",497663,15956,2011,"PR"
"13510","Puerto Rico","hispanic",3667710,4625,2011,"PR"
"13511","Puerto Rico","college",416008,9790,2011,"PR"
"13512","Puerto Rico","masters",102061,4860,2011,"PR"
"13513","Puerto Rico","professional",31081,2779,2011,"PR"
"13514","Puerto Rico","doctorate",20401,2481,2011,"PR"
"13515","Puerto Rico","poverty",1673610,27123,2011,"PR"
"13516","Puerto Rico","median_income",18660,358,2011,"PR"
"13517","Puerto Rico","labor_force",1352971,11013,2011,"PR"
"13518","Puerto Rico","unemployed",250105,7757,2011,"PR"
"13519","Puerto Rico","median_rent",442,10,2011,"PR"
"13520","Puerto Rico","median_home_value",120300,1010,2011,"PR"
"13521","Alabama","18_29",794351,NA,2011,"AL"
"13522","Alabama","30_44",913820,NA,2011,"AL"
"13523","Alabama","45_64",1296391,NA,2011,"AL"
"13524","Alabama","65plus",673790,NA,2011,"AL"
"13525","Alabama","under18",1124388,NA,2011,"AL"
"13526","Alabama","18_29",793050,NA,2012,"AL"
"13527","Alabama","30_44",919615,NA,2012,"AL"
"13528","Alabama","45_64",1284024,NA,2012,"AL"
"13529","Alabama","65plus",700359,NA,2012,"AL"
"13530","Alabama","under18",1124975,NA,2012,"AL"
"13531","Alabama","18_29",803317,NA,2013,"AL"
"13532","Alabama","30_44",916173,NA,2013,"AL"
"13533","Alabama","45_64",1282803,NA,2013,"AL"
"13534","Alabama","65plus",721538,NA,2013,"AL"
"13535","Alabama","under18",1109891,NA,2013,"AL"
"13536","Alabama","18_29",790271,NA,2014,"AL"
"13537","Alabama","30_44",922922,NA,2014,"AL"
"13538","Alabama","45_64",1281072,NA,2014,"AL"
"13539","Alabama","65plus",746512,NA,2014,"AL"
"13540","Alabama","under18",1108600,NA,2014,"AL"
"13541","Alabama","18_29",786274,NA,2015,"AL"
"13542","Alabama","30_44",918710,NA,2015,"AL"
"13543","Alabama","45_64",1283740,NA,2015,"AL"
"13544","Alabama","65plus",761847,NA,2015,"AL"
"13545","Alabama","under18",1108408,NA,2015,"AL"
"13546","Alabama","18_29",790300,NA,2016,"AL"
"13547","Alabama","30_44",900604,NA,2016,"AL"
"13548","Alabama","45_64",1288927,NA,2016,"AL"
"13549","Alabama","65plus",783952,NA,2016,"AL"
"13550","Alabama","under18",1099517,NA,2016,"AL"
"13551","Alabama","18_29",794774,NA,2017,"AL"
"13552","Alabama","30_44",901189,NA,2017,"AL"
"13553","Alabama","45_64",1281507,NA,2017,"AL"
"13554","Alabama","65plus",803216,NA,2017,"AL"
"13555","Alabama","under18",1094061,NA,2017,"AL"
"13556","Alabama","18_29",793696,NA,2018,"AL"
"13557","Alabama","30_44",897062,NA,2018,"AL"
"13558","Alabama","45_64",1278345,NA,2018,"AL"
"13559","Alabama","65plus",829663,NA,2018,"AL"
"13560","Alabama","under18",1089105,NA,2018,"AL"
"13561","Alabama","18_29",782868,NA,2019,"AL"
"13562","Alabama","30_44",917804,NA,2019,"AL"
"13563","Alabama","45_64",1262604,NA,2019,"AL"
"13564","Alabama","65plus",854312,NA,2019,"AL"
"13565","Alabama","under18",1085597,NA,2019,"AL"
"13566","Alabama","18_29",782943,NA,2021,"AL"
"13567","Alabama","30_44",957007,NA,2021,"AL"
"13568","Alabama","45_64",1294176,NA,2021,"AL"
"13569","Alabama","65plus",885809,NA,2021,"AL"
"13570","Alabama","under18",1119942,NA,2021,"AL"
"13571","Alabama","18_29",803509,NA,2022,"AL"
"13572","Alabama","30_44",969403,NA,2022,"AL"
"13573","Alabama","45_64",1277343,NA,2022,"AL"
"13574","Alabama","65plus",913013,NA,2022,"AL"
"13575","Alabama","under18",1111028,NA,2022,"AL"
"13576","Alabama","18_29",793738,NA,2023,"AL"
"13577","Alabama","30_44",979886,NA,2023,"AL"
"13578","Alabama","45_64",1273079,NA,2023,"AL"
"13579","Alabama","65plus",932119,NA,2023,"AL"
"13580","Alabama","under18",1129646,NA,2023,"AL"
"13581","Alabama","18_29",802395,NA,2024,"AL"
"13582","Alabama","30_44",996772,NA,2024,"AL"
"13583","Alabama","45_64",1271163,NA,2024,"AL"
"13584","Alabama","65plus",955166,NA,2024,"AL"
"13585","Alabama","under18",1132203,NA,2024,"AL"
"13586","Alaska","18_29",134980,NA,2011,"AK"
"13587","Alaska","30_44",142288,NA,2011,"AK"
"13588","Alaska","45_64",198860,NA,2011,"AK"
"13589","Alaska","65plus",58367,NA,2011,"AK"
"13590","Alaska","under18",188223,NA,2011,"AK"
"13591","Alaska","18_29",137270,NA,2012,"AK"
"13592","Alaska","30_44",147433,NA,2012,"AK"
"13593","Alaska","45_64",197362,NA,2012,"AK"
"13594","Alaska","65plus",62119,NA,2012,"AK"
"13595","Alaska","under18",187265,NA,2012,"AK"
"13596","Alaska","18_29",144815,NA,2013,"AK"
"13597","Alaska","30_44",143246,NA,2013,"AK"
"13598","Alaska","45_64",193121,NA,2013,"AK"
"13599","Alaska","65plus",65584,NA,2013,"AK"
"13600","Alaska","under18",188366,NA,2013,"AK"
"13601","Alaska","18_29",144971,NA,2014,"AK"
"13602","Alaska","30_44",146700,NA,2014,"AK"
"13603","Alaska","45_64",188393,NA,2014,"AK"
"13604","Alaska","65plus",69899,NA,2014,"AK"
"13605","Alaska","under18",186769,NA,2014,"AK"
"13606","Alaska","18_29",145365,NA,2015,"AK"
"13607","Alaska","30_44",147587,NA,2015,"AK"
"13608","Alaska","45_64",188081,NA,2015,"AK"
"13609","Alaska","65plus",71008,NA,2015,"AK"
"13610","Alaska","under18",186391,NA,2015,"AK"
"13611","Alaska","18_29",139688,NA,2016,"AK"
"13612","Alaska","30_44",149961,NA,2016,"AK"
"13613","Alaska","45_64",189117,NA,2016,"AK"
"13614","Alaska","65plus",75832,NA,2016,"AK"
"13615","Alaska","under18",187296,NA,2016,"AK"
"13616","Alaska","18_29",135760,NA,2017,"AK"
"13617","Alaska","30_44",152566,NA,2017,"AK"
"13618","Alaska","45_64",183247,NA,2017,"AK"
"13619","Alaska","65plus",83041,NA,2017,"AK"
"13620","Alaska","under18",185181,NA,2017,"AK"
"13621","Alaska","18_29",131241,NA,2018,"AK"
"13622","Alaska","30_44",152092,NA,2018,"AK"
"13623","Alaska","45_64",182645,NA,2018,"AK"
"13624","Alaska","65plus",88000,NA,2018,"AK"
"13625","Alaska","under18",183460,NA,2018,"AK"
"13626","Alaska","18_29",128095,NA,2019,"AK"
"13627","Alaska","30_44",150656,NA,2019,"AK"
"13628","Alaska","45_64",182457,NA,2019,"AK"
"13629","Alaska","65plus",90588,NA,2019,"AK"
"13630","Alaska","under18",179749,NA,2019,"AK"
"13631","Alaska","18_29",122257,NA,2021,"AK"
"13632","Alaska","30_44",160532,NA,2021,"AK"
"13633","Alaska","45_64",172073,NA,2021,"AK"
"13634","Alaska","65plus",98410,NA,2021,"AK"
"13635","Alaska","under18",179401,NA,2021,"AK"
"13636","Alaska","18_29",122696,NA,2022,"AK"
"13637","Alaska","30_44",164735,NA,2022,"AK"
"13638","Alaska","45_64",168933,NA,2022,"AK"
"13639","Alaska","65plus",101474,NA,2022,"AK"
"13640","Alaska","under18",175745,NA,2022,"AK"
"13641","Alaska","18_29",120475,NA,2023,"AK"
"13642","Alaska","30_44",166654,NA,2023,"AK"
"13643","Alaska","45_64",168913,NA,2023,"AK"
"13644","Alaska","65plus",102998,NA,2023,"AK"
"13645","Alaska","under18",174366,NA,2023,"AK"
"13646","Alaska","18_29",121095,NA,2024,"AK"
"13647","Alaska","30_44",168425,NA,2024,"AK"
"13648","Alaska","45_64",167000,NA,2024,"AK"
"13649","Alaska","65plus",109415,NA,2024,"AK"
"13650","Alaska","under18",174198,NA,2024,"AK"
"13651","Arizona","18_29",1089006,NA,2011,"AZ"
"13652","Arizona","30_44",1249666,NA,2011,"AZ"
"13653","Arizona","45_64",1596656,NA,2011,"AZ"
"13654","Arizona","65plus",923153,NA,2011,"AZ"
"13655","Arizona","under18",1624024,NA,2011,"AZ"
"13656","Arizona","18_29",1094886,NA,2012,"AZ"
"13657","Arizona","30_44",1264818,NA,2012,"AZ"
"13658","Arizona","45_64",1602880,NA,2012,"AZ"
"13659","Arizona","65plus",971086,NA,2012,"AZ"
"13660","Arizona","under18",1619585,NA,2012,"AZ"
"13661","Arizona","18_29",1106214,NA,2013,"AZ"
"13662","Arizona","30_44",1273537,NA,2013,"AZ"
"13663","Arizona","45_64",1612187,NA,2013,"AZ"
"13664","Arizona","65plus",1018724,NA,2013,"AZ"
"13665","Arizona","under18",1615962,NA,2013,"AZ"
"13666","Arizona","18_29",1123461,NA,2014,"AZ"
"13667","Arizona","30_44",1284684,NA,2014,"AZ"
"13668","Arizona","45_64",1630511,NA,2014,"AZ"
"13669","Arizona","65plus",1070757,NA,2014,"AZ"
"13670","Arizona","under18",1622071,NA,2014,"AZ"
"13671","Arizona","18_29",1136710,NA,2015,"AZ"
"13672","Arizona","30_44",1292908,NA,2015,"AZ"
"13673","Arizona","45_64",1656915,NA,2015,"AZ"
"13674","Arizona","65plus",1120004,NA,2015,"AZ"
"13675","Arizona","under18",1621528,NA,2015,"AZ"
"13676","Arizona","18_29",1154427,NA,2016,"AZ"
"13677","Arizona","30_44",1297615,NA,2016,"AZ"
"13678","Arizona","45_64",1677781,NA,2016,"AZ"
"13679","Arizona","65plus",1169826,NA,2016,"AZ"
"13680","Arizona","under18",1631422,NA,2016,"AZ"
"13681","Arizona","18_29",1171625,NA,2017,"AZ"
"13682","Arizona","30_44",1313339,NA,2017,"AZ"
"13683","Arizona","45_64",1697728,NA,2017,"AZ"
"13684","Arizona","65plus",1200850,NA,2017,"AZ"
"13685","Arizona","under18",1632728,NA,2017,"AZ"
"13686","Arizona","18_29",1202315,NA,2018,"AZ"
"13687","Arizona","30_44",1348974,NA,2018,"AZ"
"13688","Arizona","45_64",1719255,NA,2018,"AZ"
"13689","Arizona","65plus",1259103,NA,2018,"AZ"
"13690","Arizona","under18",1641999,NA,2018,"AZ"
"13691","Arizona","18_29",1218714,NA,2019,"AZ"
"13692","Arizona","30_44",1375942,NA,2019,"AZ"
"13693","Arizona","45_64",1737172,NA,2019,"AZ"
"13694","Arizona","65plus",1307241,NA,2019,"AZ"
"13695","Arizona","under18",1639648,NA,2019,"AZ"
"13696","Arizona","18_29",1184432,NA,2021,"AZ"
"13697","Arizona","30_44",1413263,NA,2021,"AZ"
"13698","Arizona","45_64",1730352,NA,2021,"AZ"
"13699","Arizona","65plus",1333985,NA,2021,"AZ"
"13700","Arizona","under18",1614284,NA,2021,"AZ"
"13701","Arizona","18_29",1225187,NA,2022,"AZ"
"13702","Arizona","30_44",1437912,NA,2022,"AZ"
"13703","Arizona","45_64",1726541,NA,2022,"AZ"
"13704","Arizona","65plus",1381954,NA,2022,"AZ"
"13705","Arizona","under18",1587603,NA,2022,"AZ"
"13706","Arizona","18_29",1207294,NA,2023,"AZ"
"13707","Arizona","30_44",1463033,NA,2023,"AZ"
"13708","Arizona","45_64",1743207,NA,2023,"AZ"
"13709","Arizona","65plus",1437731,NA,2023,"AZ"
"13710","Arizona","under18",1580079,NA,2023,"AZ"
"13711","Arizona","18_29",1246781,NA,2024,"AZ"
"13712","Arizona","30_44",1508889,NA,2024,"AZ"
"13713","Arizona","45_64",1749805,NA,2024,"AZ"
"13714","Arizona","65plus",1491158,NA,2024,"AZ"
"13715","Arizona","under18",1585751,NA,2024,"AZ"
"13716","Arkansas","18_29",473701,NA,2011,"AR"
"13717","Arkansas","30_44",557900,NA,2011,"AR"
"13718","Arkansas","45_64",766567,NA,2011,"AR"
"13719","Arkansas","65plus",428625,NA,2011,"AR"
"13720","Arkansas","under18",711186,NA,2011,"AR"
"13721","Arkansas","18_29",479526,NA,2012,"AR"
"13722","Arkansas","30_44",556932,NA,2012,"AR"
"13723","Arkansas","45_64",759937,NA,2012,"AR"
"13724","Arkansas","65plus",441107,NA,2012,"AR"
"13725","Arkansas","under18",711629,NA,2012,"AR"
"13726","Arkansas","18_29",478877,NA,2013,"AR"
"13727","Arkansas","30_44",559813,NA,2013,"AR"
"13728","Arkansas","45_64",755519,NA,2013,"AR"
"13729","Arkansas","65plus",453542,NA,2013,"AR"
"13730","Arkansas","under18",711622,NA,2013,"AR"
"13731","Arkansas","18_29",481901,NA,2014,"AR"
"13732","Arkansas","30_44",562790,NA,2014,"AR"
"13733","Arkansas","45_64",750526,NA,2014,"AR"
"13734","Arkansas","65plus",465012,NA,2014,"AR"
"13735","Arkansas","under18",706140,NA,2014,"AR"
"13736","Arkansas","18_29",481160,NA,2015,"AR"
"13737","Arkansas","30_44",556171,NA,2015,"AR"
"13738","Arkansas","45_64",756815,NA,2015,"AR"
"13739","Arkansas","65plus",478114,NA,2015,"AR"
"13740","Arkansas","under18",705944,NA,2015,"AR"
"13741","Arkansas","18_29",485092,NA,2016,"AR"
"13742","Arkansas","30_44",552892,NA,2016,"AR"
"13743","Arkansas","45_64",757274,NA,2016,"AR"
"13744","Arkansas","65plus",485630,NA,2016,"AR"
"13745","Arkansas","under18",707360,NA,2016,"AR"
"13746","Arkansas","18_29",484928,NA,2017,"AR"
"13747","Arkansas","30_44",556302,NA,2017,"AR"
"13748","Arkansas","45_64",757592,NA,2017,"AR"
"13749","Arkansas","65plus",497024,NA,2017,"AR"
"13750","Arkansas","under18",708433,NA,2017,"AR"
"13751","Arkansas","18_29",491643,NA,2018,"AR"
"13752","Arkansas","30_44",556273,NA,2018,"AR"
"13753","Arkansas","45_64",754273,NA,2018,"AR"
"13754","Arkansas","65plus",507676,NA,2018,"AR"
"13755","Arkansas","under18",703960,NA,2018,"AR"
"13756","Arkansas","18_29",482609,NA,2019,"AR"
"13757","Arkansas","30_44",563513,NA,2019,"AR"
"13758","Arkansas","45_64",748433,NA,2019,"AR"
"13759","Arkansas","65plus",524237,NA,2019,"AR"
"13760","Arkansas","under18",699012,NA,2019,"AR"
"13761","Arkansas","18_29",468759,NA,2021,"AR"
"13762","Arkansas","30_44",584336,NA,2021,"AR"
"13763","Arkansas","45_64",743850,NA,2021,"AR"
"13764","Arkansas","65plus",525153,NA,2021,"AR"
"13765","Arkansas","under18",703793,NA,2021,"AR"
"13766","Arkansas","18_29",479457,NA,2022,"AR"
"13767","Arkansas","30_44",586241,NA,2022,"AR"
"13768","Arkansas","45_64",745265,NA,2022,"AR"
"13769","Arkansas","65plus",538842,NA,2022,"AR"
"13770","Arkansas","under18",695832,NA,2022,"AR"
"13771","Arkansas","18_29",479690,NA,2023,"AR"
"13772","Arkansas","30_44",601173,NA,2023,"AR"
"13773","Arkansas","45_64",734975,NA,2023,"AR"
"13774","Arkansas","65plus",550906,NA,2023,"AR"
"13775","Arkansas","under18",700988,NA,2023,"AR"
"13776","Arkansas","18_29",484329,NA,2024,"AR"
"13777","Arkansas","30_44",603856,NA,2024,"AR"
"13778","Arkansas","45_64",739321,NA,2024,"AR"
"13779","Arkansas","65plus",562707,NA,2024,"AR"
"13780","Arkansas","under18",698141,NA,2024,"AR"
"13781","California","18_29",6747283,NA,2011,"CA"
"13782","California","30_44",7807782,NA,2011,"CA"
"13783","California","45_64",9471358,NA,2011,"CA"
"13784","California","65plus",4398053,NA,2011,"CA"
"13785","California","under18",9267436,NA,2011,"CA"
"13786","California","18_29",6807171,NA,2012,"CA"
"13787","California","30_44",7864675,NA,2012,"CA"
"13788","California","45_64",9530885,NA,2012,"CA"
"13789","California","65plus",4599393,NA,2012,"CA"
"13790","California","under18",9239306,NA,2012,"CA"
"13791","California","18_29",6848252,NA,2013,"CA"
"13792","California","30_44",7905337,NA,2013,"CA"
"13793","California","45_64",9610640,NA,2013,"CA"
"13794","California","65plus",4794108,NA,2013,"CA"
"13795","California","under18",9174184,NA,2013,"CA"
"13796","California","18_29",6913094,NA,2014,"CA"
"13797","California","30_44",7990877,NA,2014,"CA"
"13798","California","45_64",9756858,NA,2014,"CA"
"13799","California","65plus",4990092,NA,2014,"CA"
"13800","California","under18",9151579,NA,2014,"CA"
"13801","California","18_29",6940099,NA,2015,"CA"
"13802","California","30_44",8026120,NA,2015,"CA"
"13803","California","45_64",9872623,NA,2015,"CA"
"13804","California","65plus",5189558,NA,2015,"CA"
"13805","California","under18",9116418,NA,2015,"CA"
"13806","California","18_29",6913731,NA,2016,"CA"
"13807","California","30_44",8009026,NA,2016,"CA"
"13808","California","45_64",9885572,NA,2016,"CA"
"13809","California","65plus",5348439,NA,2016,"CA"
"13810","California","under18",9093249,NA,2016,"CA"
"13811","California","18_29",6924222,NA,2017,"CA"
"13812","California","30_44",8126874,NA,2017,"CA"
"13813","California","45_64",9923354,NA,2017,"CA"
"13814","California","65plus",5504817,NA,2017,"CA"
"13815","California","under18",9057386,NA,2017,"CA"
"13816","California","18_29",6873362,NA,2018,"CA"
"13817","California","30_44",8181356,NA,2018,"CA"
"13818","California","45_64",9849452,NA,2018,"CA"
"13819","California","65plus",5667337,NA,2018,"CA"
"13820","California","under18",8985538,NA,2018,"CA"
"13821","California","18_29",6768419,NA,2019,"CA"
"13822","California","30_44",8249831,NA,2019,"CA"
"13823","California","45_64",9767911,NA,2019,"CA"
"13824","California","65plus",5834998,NA,2019,"CA"
"13825","California","under18",8891064,NA,2019,"CA"
"13826","California","18_29",6384168,NA,2021,"CA"
"13827","California","30_44",8416575,NA,2021,"CA"
"13828","California","45_64",9702788,NA,2021,"CA"
"13829","California","65plus",5964526,NA,2021,"CA"
"13830","California","under18",8769779,NA,2021,"CA"
"13831","California","18_29",6418722,NA,2022,"CA"
"13832","California","30_44",8384688,NA,2022,"CA"
"13833","California","45_64",9568024,NA,2022,"CA"
"13834","California","65plus",6158902,NA,2022,"CA"
"13835","California","under18",8499006,NA,2022,"CA"
"13836","California","18_29",6250222,NA,2023,"CA"
"13837","California","30_44",8438932,NA,2023,"CA"
"13838","California","45_64",9526791,NA,2023,"CA"
"13839","California","65plus",6311919,NA,2023,"CA"
"13840","California","under18",8437329,NA,2023,"CA"
"13841","California","18_29",6350427,NA,2024,"CA"
"13842","California","30_44",8604419,NA,2024,"CA"
"13843","California","45_64",9540218,NA,2024,"CA"
"13844","California","65plus",6524861,NA,2024,"CA"
"13845","California","under18",8411338,NA,2024,"CA"
"13846","Colorado","18_29",877294,NA,2011,"CO"
"13847","Colorado","30_44",1078113,NA,2011,"CO"
"13848","Colorado","45_64",1357315,NA,2011,"CO"
"13849","Colorado","65plus",575497,NA,2011,"CO"
"13850","Colorado","under18",1228577,NA,2011,"CO"
"13851","Colorado","18_29",889863,NA,2012,"CO"
"13852","Colorado","30_44",1087054,NA,2012,"CO"
"13853","Colorado","45_64",1368419,NA,2012,"CO"
"13854","Colorado","65plus",610939,NA,2012,"CO"
"13855","Colorado","under18",1231307,NA,2012,"CO"
"13856","Colorado","18_29",902314,NA,2013,"CO"
"13857","Colorado","30_44",1107500,NA,2013,"CO"
"13858","Colorado","45_64",1372285,NA,2013,"CO"
"13859","Colorado","65plus",644943,NA,2013,"CO"
"13860","Colorado","under18",1241325,NA,2013,"CO"
"13861","Colorado","18_29",923183,NA,2014,"CO"
"13862","Colorado","30_44",1124546,NA,2014,"CO"
"13863","Colorado","45_64",1381420,NA,2014,"CO"
"13864","Colorado","65plus",679572,NA,2014,"CO"
"13865","Colorado","under18",1247145,NA,2014,"CO"
"13866","Colorado","18_29",946456,NA,2015,"CO"
"13867","Colorado","30_44",1146619,NA,2015,"CO"
"13868","Colorado","45_64",1395155,NA,2015,"CO"
"13869","Colorado","65plus",711572,NA,2015,"CO"
"13870","Colorado","under18",1256772,NA,2015,"CO"
"13871","Colorado","18_29",958403,NA,2016,"CO"
"13872","Colorado","30_44",1159353,NA,2016,"CO"
"13873","Colorado","45_64",1419221,NA,2016,"CO"
"13874","Colorado","65plus",743056,NA,2016,"CO"
"13875","Colorado","under18",1260512,NA,2016,"CO"
"13876","Colorado","18_29",958903,NA,2017,"CO"
"13877","Colorado","30_44",1193150,NA,2017,"CO"
"13878","Colorado","45_64",1419043,NA,2017,"CO"
"13879","Colorado","65plus",773699,NA,2017,"CO"
"13880","Colorado","under18",1262359,NA,2017,"CO"
"13881","Colorado","18_29",975822,NA,2018,"CO"
"13882","Colorado","30_44",1223761,NA,2018,"CO"
"13883","Colorado","45_64",1421388,NA,2018,"CO"
"13884","Colorado","65plus",807855,NA,2018,"CO"
"13885","Colorado","under18",1266738,NA,2018,"CO"
"13886","Colorado","18_29",987095,NA,2019,"CO"
"13887","Colorado","30_44",1253311,NA,2019,"CO"
"13888","Colorado","45_64",1416632,NA,2019,"CO"
"13889","Colorado","65plus",845378,NA,2019,"CO"
"13890","Colorado","under18",1256320,NA,2019,"CO"
"13891","Colorado","18_29",965284,NA,2021,"CO"
"13892","Colorado","30_44",1312246,NA,2021,"CO"
"13893","Colorado","45_64",1412425,NA,2021,"CO"
"13894","Colorado","65plus",880167,NA,2021,"CO"
"13895","Colorado","under18",1241947,NA,2021,"CO"
"13896","Colorado","18_29",990017,NA,2022,"CO"
"13897","Colorado","30_44",1331107,NA,2022,"CO"
"13898","Colorado","45_64",1392046,NA,2022,"CO"
"13899","Colorado","65plus",915661,NA,2022,"CO"
"13900","Colorado","under18",1211095,NA,2022,"CO"
"13901","Colorado","18_29",980471,NA,2023,"CO"
"13902","Colorado","30_44",1353950,NA,2023,"CO"
"13903","Colorado","45_64",1387967,NA,2023,"CO"
"13904","Colorado","65plus",944542,NA,2023,"CO"
"13905","Colorado","under18",1210680,NA,2023,"CO"
"13906","Colorado","18_29",991817,NA,2024,"CO"
"13907","Colorado","30_44",1389971,NA,2024,"CO"
"13908","Colorado","45_64",1388495,NA,2024,"CO"
"13909","Colorado","65plus",980364,NA,2024,"CO"
"13910","Colorado","under18",1206847,NA,2024,"CO"
"13911","Connecticut","18_29",549454,NA,2011,"CT"
"13912","Connecticut","30_44",678365,NA,2011,"CT"
"13913","Connecticut","45_64",1033956,NA,2011,"CT"
"13914","Connecticut","65plus",515314,NA,2011,"CT"
"13915","Connecticut","under18",803620,NA,2011,"CT"
"13916","Connecticut","18_29",557324,NA,2012,"CT"
"13917","Connecticut","30_44",672929,NA,2012,"CT"
"13918","Connecticut","45_64",1035304,NA,2012,"CT"
"13919","Connecticut","65plus",532024,NA,2012,"CT"
"13920","Connecticut","under18",792766,NA,2012,"CT"
"13921","Connecticut","18_29",567977,NA,2013,"CT"
"13922","Connecticut","30_44",664752,NA,2013,"CT"
"13923","Connecticut","45_64",1033503,NA,2013,"CT"
"13924","Connecticut","65plus",544506,NA,2013,"CT"
"13925","Connecticut","under18",785342,NA,2013,"CT"
"13926","Connecticut","18_29",570646,NA,2014,"CT"
"13927","Connecticut","30_44",659179,NA,2014,"CT"
"13928","Connecticut","45_64",1036448,NA,2014,"CT"
"13929","Connecticut","65plus",555528,NA,2014,"CT"
"13930","Connecticut","under18",774876,NA,2014,"CT"
"13931","Connecticut","18_29",572818,NA,2015,"CT"
"13932","Connecticut","30_44",655305,NA,2015,"CT"
"13933","Connecticut","45_64",1034155,NA,2015,"CT"
"13934","Connecticut","65plus",565283,NA,2015,"CT"
"13935","Connecticut","under18",763325,NA,2015,"CT"
"13936","Connecticut","18_29",573627,NA,2016,"CT"
"13937","Connecticut","30_44",644014,NA,2016,"CT"
"13938","Connecticut","45_64",1030009,NA,2016,"CT"
"13939","Connecticut","65plus",576640,NA,2016,"CT"
"13940","Connecticut","under18",752162,NA,2016,"CT"
"13941","Connecticut","18_29",574241,NA,2017,"CT"
"13942","Connecticut","30_44",643332,NA,2017,"CT"
"13943","Connecticut","45_64",1027239,NA,2017,"CT"
"13944","Connecticut","65plus",601094,NA,2017,"CT"
"13945","Connecticut","under18",742278,NA,2017,"CT"
"13946","Connecticut","18_29",567191,NA,2018,"CT"
"13947","Connecticut","30_44",649476,NA,2018,"CT"
"13948","Connecticut","45_64",1007785,NA,2018,"CT"
"13949","Connecticut","65plus",613147,NA,2018,"CT"
"13950","Connecticut","under18",735066,NA,2018,"CT"
"13951","Connecticut","18_29",563736,NA,2019,"CT"
"13952","Connecticut","30_44",649175,NA,2019,"CT"
"13953","Connecticut","45_64",995912,NA,2019,"CT"
"13954","Connecticut","65plus",629032,NA,2019,"CT"
"13955","Connecticut","under18",727432,NA,2019,"CT"
"13956","Connecticut","18_29",568144,NA,2021,"CT"
"13957","Connecticut","30_44",677827,NA,2021,"CT"
"13958","Connecticut","45_64",983215,NA,2021,"CT"
"13959","Connecticut","65plus",649172,NA,2021,"CT"
"13960","Connecticut","under18",727239,NA,2021,"CT"
"13961","Connecticut","18_29",571524,NA,2022,"CT"
"13962","Connecticut","30_44",689892,NA,2022,"CT"
"13963","Connecticut","45_64",970653,NA,2022,"CT"
"13964","Connecticut","65plus",663712,NA,2022,"CT"
"13965","Connecticut","under18",730424,NA,2022,"CT"
"13966","Connecticut","18_29",554517,NA,2023,"CT"
"13967","Connecticut","30_44",699994,NA,2023,"CT"
"13968","Connecticut","45_64",950010,NA,2023,"CT"
"13969","Connecticut","65plus",690031,NA,2023,"CT"
"13970","Connecticut","under18",722624,NA,2023,"CT"
"13971","Connecticut","18_29",571524,NA,2024,"CT"
"13972","Connecticut","30_44",718070,NA,2024,"CT"
"13973","Connecticut","45_64",944918,NA,2024,"CT"
"13974","Connecticut","65plus",713337,NA,2024,"CT"
"13975","Connecticut","under18",727220,NA,2024,"CT"
"13976","Delaware","18_29",150398,NA,2011,"DE"
"13977","Delaware","30_44",169190,NA,2011,"DE"
"13978","Delaware","45_64",249010,NA,2011,"DE"
"13979","Delaware","65plus",133912,NA,2011,"DE"
"13980","Delaware","under18",204625,NA,2011,"DE"
"13981","Delaware","18_29",152252,NA,2012,"DE"
"13982","Delaware","30_44",167377,NA,2012,"DE"
"13983","Delaware","45_64",251730,NA,2012,"DE"
"13984","Delaware","65plus",140813,NA,2012,"DE"
"13985","Delaware","under18",204920,NA,2012,"DE"
"13986","Delaware","18_29",153412,NA,2013,"DE"
"13987","Delaware","30_44",169743,NA,2013,"DE"
"13988","Delaware","45_64",251961,NA,2013,"DE"
"13989","Delaware","65plus",146945,NA,2013,"DE"
"13990","Delaware","under18",203688,NA,2013,"DE"
"13991","Delaware","18_29",154492,NA,2014,"DE"
"13992","Delaware","30_44",170522,NA,2014,"DE"
"13993","Delaware","45_64",252999,NA,2014,"DE"
"13994","Delaware","65plus",153759,NA,2014,"DE"
"13995","Delaware","under18",203842,NA,2014,"DE"
"13996","Delaware","18_29",154232,NA,2015,"DE"
"13997","Delaware","30_44",169941,NA,2015,"DE"
"13998","Delaware","45_64",256737,NA,2015,"DE"
"13999","Delaware","65plus",160824,NA,2015,"DE"
"14000","Delaware","under18",204200,NA,2015,"DE"
"14001","Delaware","18_29",152371,NA,2016,"DE"
"14002","Delaware","30_44",171497,NA,2016,"DE"
"14003","Delaware","45_64",257286,NA,2016,"DE"
"14004","Delaware","65plus",166674,NA,2016,"DE"
"14005","Delaware","under18",204237,NA,2016,"DE"
"14006","Delaware","18_29",153279,NA,2017,"DE"
"14007","Delaware","30_44",172678,NA,2017,"DE"
"14008","Delaware","45_64",258452,NA,2017,"DE"
"14009","Delaware","65plus",173217,NA,2017,"DE"
"14010","Delaware","under18",204313,NA,2017,"DE"
"14011","Delaware","18_29",150367,NA,2018,"DE"
"14012","Delaware","30_44",173746,NA,2018,"DE"
"14013","Delaware","45_64",259152,NA,2018,"DE"
"14014","Delaware","65plus",180756,NA,2018,"DE"
"14015","Delaware","under18",203150,NA,2018,"DE"
"14016","Delaware","18_29",147716,NA,2019,"DE"
"14017","Delaware","30_44",176907,NA,2019,"DE"
"14018","Delaware","45_64",255557,NA,2019,"DE"
"14019","Delaware","65plus",189638,NA,2019,"DE"
"14020","Delaware","under18",203946,NA,2019,"DE"
"14021","Delaware","18_29",145103,NA,2021,"DE"
"14022","Delaware","30_44",189312,NA,2021,"DE"
"14023","Delaware","45_64",258901,NA,2021,"DE"
"14024","Delaware","65plus",201551,NA,2021,"DE"
"14025","Delaware","under18",208517,NA,2021,"DE"
"14026","Delaware","18_29",147718,NA,2022,"DE"
"14027","Delaware","30_44",194280,NA,2022,"DE"
"14028","Delaware","45_64",255991,NA,2022,"DE"
"14029","Delaware","65plus",212180,NA,2022,"DE"
"14030","Delaware","under18",208227,NA,2022,"DE"
"14031","Delaware","18_29",146408,NA,2023,"DE"
"14032","Delaware","30_44",195780,NA,2023,"DE"
"14033","Delaware","45_64",257820,NA,2023,"DE"
"14034","Delaware","65plus",219957,NA,2023,"DE"
"14035","Delaware","under18",211925,NA,2023,"DE"
"14036","Delaware","18_29",150855,NA,2024,"DE"
"14037","Delaware","30_44",199995,NA,2024,"DE"
"14038","Delaware","45_64",259497,NA,2024,"DE"
"14039","Delaware","65plus",227824,NA,2024,"DE"
"14040","Delaware","under18",213746,NA,2024,"DE"
"14041","District of Columbia","18_29",157835,NA,2011,"DC"
"14042","District of Columbia","30_44",142512,NA,2011,"DC"
"14043","District of Columbia","45_64",142431,NA,2011,"DC"
"14044","District of Columbia","65plus",69738,NA,2011,"DC"
"14045","District of Columbia","under18",105480,NA,2011,"DC"
"14046","District of Columbia","18_29",158498,NA,2012,"DC"
"14047","District of Columbia","30_44",149316,NA,2012,"DC"
"14048","District of Columbia","45_64",143156,NA,2012,"DC"
"14049","District of Columbia","65plus",71901,NA,2012,"DC"
"14050","District of Columbia","under18",109452,NA,2012,"DC"
"14051","District of Columbia","18_29",158067,NA,2013,"DC"
"14052","District of Columbia","30_44",158437,NA,2013,"DC"
"14053","District of Columbia","45_64",144452,NA,2013,"DC"
"14054","District of Columbia","65plus",73961,NA,2013,"DC"
"14055","District of Columbia","under18",111532,NA,2013,"DC"
"14056","District of Columbia","18_29",158394,NA,2014,"DC"
"14057","District of Columbia","30_44",165346,NA,2014,"DC"
"14058","District of Columbia","45_64",145658,NA,2014,"DC"
"14059","District of Columbia","65plus",74465,NA,2014,"DC"
"14060","District of Columbia","under18",115030,NA,2014,"DC"
"14061","District of Columbia","18_29",159527,NA,2015,"DC"
"14062","District of Columbia","30_44",170885,NA,2015,"DC"
"14063","District of Columbia","45_64",147387,NA,2015,"DC"
"14064","District of Columbia","65plus",76591,NA,2015,"DC"
"14065","District of Columbia","under18",117838,NA,2015,"DC"
"14066","District of Columbia","18_29",159175,NA,2016,"DC"
"14067","District of Columbia","30_44",174628,NA,2016,"DC"
"14068","District of Columbia","45_64",147488,NA,2016,"DC"
"14069","District of Columbia","65plus",79097,NA,2016,"DC"
"14070","District of Columbia","under18",120782,NA,2016,"DC"
"14071","District of Columbia","18_29",158064,NA,2017,"DC"
"14072","District of Columbia","30_44",181178,NA,2017,"DC"
"14073","District of Columbia","45_64",146140,NA,2017,"DC"
"14074","District of Columbia","65plus",83992,NA,2017,"DC"
"14075","District of Columbia","under18",124598,NA,2017,"DC"
"14076","District of Columbia","18_29",157495,NA,2018,"DC"
"14077","District of Columbia","30_44",186572,NA,2018,"DC"
"14078","District of Columbia","45_64",145548,NA,2018,"DC"
"14079","District of Columbia","65plus",85626,NA,2018,"DC"
"14080","District of Columbia","under18",127214,NA,2018,"DC"
"14081","District of Columbia","18_29",155179,NA,2019,"DC"
"14082","District of Columbia","30_44",190804,NA,2019,"DC"
"14083","District of Columbia","45_64",144328,NA,2019,"DC"
"14084","District of Columbia","65plus",87537,NA,2019,"DC"
"14085","District of Columbia","under18",127901,NA,2019,"DC"
"14086","District of Columbia","18_29",135590,NA,2021,"DC"
"14087","District of Columbia","30_44",186735,NA,2021,"DC"
"14088","District of Columbia","45_64",136381,NA,2021,"DC"
"14089","District of Columbia","65plus",85615,NA,2021,"DC"
"14090","District of Columbia","under18",125729,NA,2021,"DC"
"14091","District of Columbia","18_29",138432,NA,2022,"DC"
"14092","District of Columbia","30_44",186370,NA,2022,"DC"
"14093","District of Columbia","45_64",135403,NA,2022,"DC"
"14094","District of Columbia","65plus",87354,NA,2022,"DC"
"14095","District of Columbia","under18",124244,NA,2022,"DC"
"14096","District of Columbia","18_29",139299,NA,2023,"DC"
"14097","District of Columbia","30_44",189042,NA,2023,"DC"
"14098","District of Columbia","45_64",135109,NA,2023,"DC"
"14099","District of Columbia","65plus",88996,NA,2023,"DC"
"14100","District of Columbia","under18",126526,NA,2023,"DC"
"14101","District of Columbia","18_29",144356,NA,2024,"DC"
"14102","District of Columbia","30_44",198314,NA,2024,"DC"
"14103","District of Columbia","45_64",138888,NA,2024,"DC"
"14104","District of Columbia","65plus",90674,NA,2024,"DC"
"14105","District of Columbia","under18",130018,NA,2024,"DC"
"14106","Florida","18_29",2988529,NA,2011,"FL"
"14107","Florida","30_44",3543688,NA,2011,"FL"
"14108","Florida","45_64",5170980,NA,2011,"FL"
"14109","Florida","65plus",3359395,NA,2011,"FL"
"14110","Florida","under18",3994950,NA,2011,"FL"
"14111","Florida","18_29",3024660,NA,2012,"FL"
"14112","Florida","30_44",3578009,NA,2012,"FL"
"14113","Florida","45_64",5205099,NA,2012,"FL"
"14114","Florida","65plus",3508827,NA,2012,"FL"
"14115","Florida","under18",4000973,NA,2012,"FL"
"14116","Florida","18_29",3036718,NA,2013,"FL"
"14117","Florida","30_44",3605307,NA,2013,"FL"
"14118","Florida","45_64",5237822,NA,2013,"FL"
"14119","Florida","65plus",3644283,NA,2013,"FL"
"14120","Florida","under18",4028730,NA,2013,"FL"
"14121","Florida","18_29",3080706,NA,2014,"FL"
"14122","Florida","30_44",3662610,NA,2014,"FL"
"14123","Florida","45_64",5305004,NA,2014,"FL"
"14124","Florida","65plus",3790954,NA,2014,"FL"
"14125","Florida","under18",4054023,NA,2014,"FL"
"14126","Florida","18_29",3108130,NA,2015,"FL"
"14127","Florida","30_44",3722597,NA,2015,"FL"
"14128","Florida","45_64",5392323,NA,2015,"FL"
"14129","Florida","65plus",3945233,NA,2015,"FL"
"14130","Florida","under18",4102989,NA,2015,"FL"
"14131","Florida","18_29",3130007,NA,2016,"FL"
"14132","Florida","30_44",3761617,NA,2016,"FL"
"14133","Florida","45_64",5484911,NA,2016,"FL"
"14134","Florida","65plus",4090764,NA,2016,"FL"
"14135","Florida","under18",4145140,NA,2016,"FL"
"14136","Florida","18_29",3161554,NA,2017,"FL"
"14137","Florida","30_44",3845493,NA,2017,"FL"
"14138","Florida","45_64",5561341,NA,2017,"FL"
"14139","Florida","65plus",4215232,NA,2017,"FL"
"14140","Florida","under18",4200780,NA,2017,"FL"
"14141","Florida","18_29",3189304,NA,2018,"FL"
"14142","Florida","30_44",3925240,NA,2018,"FL"
"14143","Florida","45_64",5598122,NA,2018,"FL"
"14144","Florida","65plus",4358784,NA,2018,"FL"
"14145","Florida","under18",4227875,NA,2018,"FL"
"14146","Florida","18_29",3157518,NA,2019,"FL"
"14147","Florida","30_44",3984072,NA,2019,"FL"
"14148","Florida","45_64",5605994,NA,2019,"FL"
"14149","Florida","65plus",4498198,NA,2019,"FL"
"14150","Florida","under18",4231955,NA,2019,"FL"
"14151","Florida","18_29",3043583,NA,2021,"FL"
"14152","Florida","30_44",4155003,NA,2021,"FL"
"14153","Florida","45_64",5695723,NA,2021,"FL"
"14154","Florida","65plus",4598996,NA,2021,"FL"
"14155","Florida","under18",4287823,NA,2021,"FL"
"14156","Florida","18_29",3176239,NA,2022,"FL"
"14157","Florida","30_44",4252540,NA,2022,"FL"
"14158","Florida","45_64",5726736,NA,2022,"FL"
"14159","Florida","65plus",4794414,NA,2022,"FL"
"14160","Florida","under18",4294894,NA,2022,"FL"
"14161","Florida","18_29",3152075,NA,2023,"FL"
"14162","Florida","30_44",4373996,NA,2023,"FL"
"14163","Florida","45_64",5787857,NA,2023,"FL"
"14164","Florida","65plus",4917782,NA,2023,"FL"
"14165","Florida","under18",4379016,NA,2023,"FL"
"14166","Florida","18_29",3298263,NA,2024,"FL"
"14167","Florida","30_44",4597566,NA,2024,"FL"
"14168","Florida","45_64",5890097,NA,2024,"FL"
"14169","Florida","65plus",5094353,NA,2024,"FL"
"14170","Florida","under18",4491936,NA,2024,"FL"
"14171","Georgia","18_29",1676069,NA,2011,"GA"
"14172","Georgia","30_44",2071686,NA,2011,"GA"
"14173","Georgia","45_64",2503491,NA,2011,"GA"
"14174","Georgia","65plus",1075895,NA,2011,"GA"
"14175","Georgia","under18",2488069,NA,2011,"GA"
"14176","Georgia","18_29",1689190,NA,2012,"GA"
"14177","Georgia","30_44",2073631,NA,2012,"GA"
"14178","Georgia","45_64",2522021,NA,2012,"GA"
"14179","Georgia","65plus",1139356,NA,2012,"GA"
"14180","Georgia","under18",2495747,NA,2012,"GA"
"14181","Georgia","18_29",1699776,NA,2013,"GA"
"14182","Georgia","30_44",2068339,NA,2013,"GA"
"14183","Georgia","45_64",2542898,NA,2013,"GA"
"14184","Georgia","65plus",1190773,NA,2013,"GA"
"14185","Georgia","under18",2490381,NA,2013,"GA"
"14186","Georgia","18_29",1713810,NA,2014,"GA"
"14187","Georgia","30_44",2075812,NA,2014,"GA"
"14188","Georgia","45_64",2567430,NA,2014,"GA"
"14189","Georgia","65plus",1248870,NA,2014,"GA"
"14190","Georgia","under18",2491421,NA,2014,"GA"
"14191","Georgia","18_29",1729934,NA,2015,"GA"
"14192","Georgia","30_44",2070206,NA,2015,"GA"
"14193","Georgia","45_64",2609547,NA,2015,"GA"
"14194","Georgia","65plus",1302759,NA,2015,"GA"
"14195","Georgia","under18",2502414,NA,2015,"GA"
"14196","Georgia","18_29",1732911,NA,2016,"GA"
"14197","Georgia","30_44",2070644,NA,2016,"GA"
"14198","Georgia","45_64",2637072,NA,2016,"GA"
"14199","Georgia","65plus",1359134,NA,2016,"GA"
"14200","Georgia","under18",2510610,NA,2016,"GA"
"14201","Georgia","18_29",1750809,NA,2017,"GA"
"14202","Georgia","30_44",2073281,NA,2017,"GA"
"14203","Georgia","45_64",2688674,NA,2017,"GA"
"14204","Georgia","65plus",1401850,NA,2017,"GA"
"14205","Georgia","under18",2514765,NA,2017,"GA"
"14206","Georgia","18_29",1784423,NA,2018,"GA"
"14207","Georgia","30_44",2096874,NA,2018,"GA"
"14208","Georgia","45_64",2678457,NA,2018,"GA"
"14209","Georgia","65plus",1456428,NA,2018,"GA"
"14210","Georgia","under18",2503293,NA,2018,"GA"
"14211","Georgia","18_29",1784213,NA,2019,"GA"
"14212","Georgia","30_44",2110489,NA,2019,"GA"
"14213","Georgia","45_64",2696500,NA,2019,"GA"
"14214","Georgia","65plus",1523192,NA,2019,"GA"
"14215","Georgia","under18",2503029,NA,2019,"GA"
"14216","Georgia","18_29",1769953,NA,2021,"GA"
"14217","Georgia","30_44",2186432,NA,2021,"GA"
"14218","Georgia","45_64",2735370,NA,2021,"GA"
"14219","Georgia","65plus",1585687,NA,2021,"GA"
"14220","Georgia","under18",2522124,NA,2021,"GA"
"14221","Georgia","18_29",1805184,NA,2022,"GA"
"14222","Georgia","30_44",2222091,NA,2022,"GA"
"14223","Georgia","45_64",2735658,NA,2022,"GA"
"14224","Georgia","65plus",1644275,NA,2022,"GA"
"14225","Georgia","under18",2505668,NA,2022,"GA"
"14226","Georgia","18_29",1782178,NA,2023,"GA"
"14227","Georgia","30_44",2268115,NA,2023,"GA"
"14228","Georgia","45_64",2745336,NA,2023,"GA"
"14229","Georgia","65plus",1699250,NA,2023,"GA"
"14230","Georgia","under18",2534348,NA,2023,"GA"
"14231","Georgia","18_29",1802017,NA,2024,"GA"
"14232","Georgia","30_44",2315150,NA,2024,"GA"
"14233","Georgia","45_64",2766977,NA,2024,"GA"
"14234","Georgia","65plus",1765603,NA,2024,"GA"
"14235","Georgia","under18",2531131,NA,2024,"GA"
"14236","Hawaii","18_29",233984,NA,2011,"HI"
"14237","Hawaii","30_44",265605,NA,2011,"HI"
"14238","Hawaii","45_64",367395,NA,2011,"HI"
"14239","Hawaii","65plus",203469,NA,2011,"HI"
"14240","Hawaii","under18",304357,NA,2011,"HI"
"14241","Hawaii","18_29",240512,NA,2012,"HI"
"14242","Hawaii","30_44",271089,NA,2012,"HI"
"14243","Hawaii","45_64",367408,NA,2012,"HI"
"14244","Hawaii","65plus",210423,NA,2012,"HI"
"14245","Hawaii","under18",302881,NA,2012,"HI"
"14246","Hawaii","18_29",243811,NA,2013,"HI"
"14247","Hawaii","30_44",274455,NA,2013,"HI"
"14248","Hawaii","45_64",358454,NA,2013,"HI"
"14249","Hawaii","65plus",220108,NA,2013,"HI"
"14250","Hawaii","under18",307226,NA,2013,"HI"
"14251","Hawaii","18_29",246507,NA,2014,"HI"
"14252","Hawaii","30_44",277172,NA,2014,"HI"
"14253","Hawaii","45_64",359467,NA,2014,"HI"
"14254","Hawaii","65plus",228061,NA,2014,"HI"
"14255","Hawaii","under18",308354,NA,2014,"HI"
"14256","Hawaii","18_29",247473,NA,2015,"HI"
"14257","Hawaii","30_44",281183,NA,2015,"HI"
"14258","Hawaii","45_64",354588,NA,2015,"HI"
"14259","Hawaii","65plus",237153,NA,2015,"HI"
"14260","Hawaii","under18",311206,NA,2015,"HI"
"14261","Hawaii","18_29",235073,NA,2016,"HI"
"14262","Hawaii","30_44",279965,NA,2016,"HI"
"14263","Hawaii","45_64",362213,NA,2016,"HI"
"14264","Hawaii","65plus",243541,NA,2016,"HI"
"14265","Hawaii","under18",307765,NA,2016,"HI"
"14266","Hawaii","18_29",228767,NA,2017,"HI"
"14267","Hawaii","30_44",282931,NA,2017,"HI"
"14268","Hawaii","45_64",356093,NA,2017,"HI"
"14269","Hawaii","65plus",253750,NA,2017,"HI"
"14270","Hawaii","under18",305997,NA,2017,"HI"
"14271","Hawaii","18_29",225188,NA,2018,"HI"
"14272","Hawaii","30_44",279025,NA,2018,"HI"
"14273","Hawaii","45_64",351556,NA,2018,"HI"
"14274","Hawaii","65plus",261467,NA,2018,"HI"
"14275","Hawaii","under18",303255,NA,2018,"HI"
"14276","Hawaii","18_29",219397,NA,2019,"HI"
"14277","Hawaii","30_44",280534,NA,2019,"HI"
"14278","Hawaii","45_64",346284,NA,2019,"HI"
"14279","Hawaii","65plus",269470,NA,2019,"HI"
"14280","Hawaii","under18",300187,NA,2019,"HI"
"14281","Hawaii","18_29",211670,NA,2021,"HI"
"14282","Hawaii","30_44",292655,NA,2021,"HI"
"14283","Hawaii","45_64",350460,NA,2021,"HI"
"14284","Hawaii","65plus",282567,NA,2021,"HI"
"14285","Hawaii","under18",304201,NA,2021,"HI"
"14286","Hawaii","18_29",210395,NA,2022,"HI"
"14287","Hawaii","30_44",291314,NA,2022,"HI"
"14288","Hawaii","45_64",346967,NA,2022,"HI"
"14289","Hawaii","65plus",294654,NA,2022,"HI"
"14290","Hawaii","under18",296866,NA,2022,"HI"
"14291","Hawaii","18_29",202961,NA,2023,"HI"
"14292","Hawaii","30_44",291662,NA,2023,"HI"
"14293","Hawaii","45_64",343276,NA,2023,"HI"
"14294","Hawaii","65plus",303352,NA,2023,"HI"
"14295","Hawaii","under18",293887,NA,2023,"HI"
"14296","Hawaii","18_29",205566,NA,2024,"HI"
"14297","Hawaii","30_44",292917,NA,2024,"HI"
"14298","Hawaii","45_64",342798,NA,2024,"HI"
"14299","Hawaii","65plus",311305,NA,2024,"HI"
"14300","Hawaii","under18",293560,NA,2024,"HI"
"14301","Idaho","18_29",261747,NA,2011,"ID"
"14302","Idaho","30_44",298601,NA,2011,"ID"
"14303","Idaho","45_64",392698,NA,2011,"ID"
"14304","Idaho","65plus",204286,NA,2011,"ID"
"14305","Idaho","under18",427653,NA,2011,"ID"
"14306","Idaho","18_29",264747,NA,2012,"ID"
"14307","Idaho","30_44",300311,NA,2012,"ID"
"14308","Idaho","45_64",394886,NA,2012,"ID"
"14309","Idaho","65plus",211032,NA,2012,"ID"
"14310","Idaho","under18",424752,NA,2012,"ID"
"14311","Idaho","18_29",260901,NA,2013,"ID"
"14312","Idaho","30_44",300242,NA,2013,"ID"
"14313","Idaho","45_64",401035,NA,2013,"ID"
"14314","Idaho","65plus",223104,NA,2013,"ID"
"14315","Idaho","under18",426854,NA,2013,"ID"
"14316","Idaho","18_29",262676,NA,2014,"ID"
"14317","Idaho","30_44",309137,NA,2014,"ID"
"14318","Idaho","45_64",396407,NA,2014,"ID"
"14319","Idaho","65plus",234979,NA,2014,"ID"
"14320","Idaho","under18",431265,NA,2014,"ID"
"14321","Idaho","18_29",264911,NA,2015,"ID"
"14322","Idaho","30_44",313171,NA,2015,"ID"
"14323","Idaho","45_64",401403,NA,2015,"ID"
"14324","Idaho","65plus",243264,NA,2015,"ID"
"14325","Idaho","under18",432181,NA,2015,"ID"
"14326","Idaho","18_29",270921,NA,2016,"ID"
"14327","Idaho","30_44",314883,NA,2016,"ID"
"14328","Idaho","45_64",404717,NA,2016,"ID"
"14329","Idaho","65plus",256162,NA,2016,"ID"
"14330","Idaho","under18",436457,NA,2016,"ID"
"14331","Idaho","18_29",273892,NA,2017,"ID"
"14332","Idaho","30_44",325163,NA,2017,"ID"
"14333","Idaho","45_64",412009,NA,2017,"ID"
"14334","Idaho","65plus",262594,NA,2017,"ID"
"14335","Idaho","under18",443285,NA,2017,"ID"
"14336","Idaho","18_29",282721,NA,2018,"ID"
"14337","Idaho","30_44",330163,NA,2018,"ID"
"14338","Idaho","45_64",416513,NA,2018,"ID"
"14339","Idaho","65plus",279441,NA,2018,"ID"
"14340","Idaho","under18",445370,NA,2018,"ID"
"14341","Idaho","18_29",287226,NA,2019,"ID"
"14342","Idaho","30_44",340091,NA,2019,"ID"
"14343","Idaho","45_64",421776,NA,2019,"ID"
"14344","Idaho","65plus",288617,NA,2019,"ID"
"14345","Idaho","under18",449355,NA,2019,"ID"
"14346","Idaho","18_29",292876,NA,2021,"ID"
"14347","Idaho","30_44",380369,NA,2021,"ID"
"14348","Idaho","45_64",443682,NA,2021,"ID"
"14349","Idaho","65plus",314010,NA,2021,"ID"
"14350","Idaho","under18",469986,NA,2021,"ID"
"14351","Idaho","18_29",316741,NA,2022,"ID"
"14352","Idaho","30_44",383940,NA,2022,"ID"
"14353","Idaho","45_64",444202,NA,2022,"ID"
"14354","Idaho","65plus",329530,NA,2022,"ID"
"14355","Idaho","under18",464620,NA,2022,"ID"
"14356","Idaho","18_29",316372,NA,2023,"ID"
"14357","Idaho","30_44",389386,NA,2023,"ID"
"14358","Idaho","45_64",450318,NA,2023,"ID"
"14359","Idaho","65plus",342259,NA,2023,"ID"
"14360","Idaho","under18",466391,NA,2023,"ID"
"14361","Idaho","18_29",327225,NA,2024,"ID"
"14362","Idaho","30_44",398411,NA,2024,"ID"
"14363","Idaho","45_64",453185,NA,2024,"ID"
"14364","Idaho","65plus",355551,NA,2024,"ID"
"14365","Idaho","under18",467247,NA,2024,"ID"
"14366","Illinois","18_29",2152554,NA,2011,"IL"
"14367","Illinois","30_44",2592093,NA,2011,"IL"
"14368","Illinois","45_64",3385477,NA,2011,"IL"
"14369","Illinois","65plus",1642595,NA,2011,"IL"
"14370","Illinois","under18",3096540,NA,2011,"IL"
"14371","Illinois","18_29",2148447,NA,2012,"IL"
"14372","Illinois","30_44",2586729,NA,2012,"IL"
"14373","Illinois","45_64",3381316,NA,2012,"IL"
"14374","Illinois","65plus",1695712,NA,2012,"IL"
"14375","Illinois","under18",3063051,NA,2012,"IL"
"14376","Illinois","18_29",2148803,NA,2013,"IL"
"14377","Illinois","30_44",2587214,NA,2013,"IL"
"14378","Illinois","45_64",3383875,NA,2013,"IL"
"14379","Illinois","65plus",1740088,NA,2013,"IL"
"14380","Illinois","under18",3022155,NA,2013,"IL"
"14381","Illinois","18_29",2139672,NA,2014,"IL"
"14382","Illinois","30_44",2576442,NA,2014,"IL"
"14383","Illinois","45_64",3391878,NA,2014,"IL"
"14384","Illinois","65plus",1787854,NA,2014,"IL"
"14385","Illinois","under18",2984734,NA,2014,"IL"
"14386","Illinois","18_29",2120489,NA,2015,"IL"
"14387","Illinois","30_44",2563200,NA,2015,"IL"
"14388","Illinois","45_64",3387896,NA,2015,"IL"
"14389","Illinois","65plus",1828225,NA,2015,"IL"
"14390","Illinois","under18",2960185,NA,2015,"IL"
"14391","Illinois","18_29",2104550,NA,2016,"IL"
"14392","Illinois","30_44",2529285,NA,2016,"IL"
"14393","Illinois","45_64",3372155,NA,2016,"IL"
"14394","Illinois","65plus",1872830,NA,2016,"IL"
"14395","Illinois","under18",2922719,NA,2016,"IL"
"14396","Illinois","18_29",2099169,NA,2017,"IL"
"14397","Illinois","30_44",2513276,NA,2017,"IL"
"14398","Illinois","45_64",3346893,NA,2017,"IL"
"14399","Illinois","65plus",1947595,NA,2017,"IL"
"14400","Illinois","under18",2895090,NA,2017,"IL"
"14401","Illinois","18_29",2077385,NA,2018,"IL"
"14402","Illinois","30_44",2511424,NA,2018,"IL"
"14403","Illinois","45_64",3305921,NA,2018,"IL"
"14404","Illinois","65plus",1990548,NA,2018,"IL"
"14405","Illinois","under18",2855802,NA,2018,"IL"
"14406","Illinois","18_29",2054062,NA,2019,"IL"
"14407","Illinois","30_44",2497888,NA,2019,"IL"
"14408","Illinois","45_64",3259831,NA,2019,"IL"
"14409","Illinois","65plus",2045361,NA,2019,"IL"
"14410","Illinois","under18",2814679,NA,2019,"IL"
"14411","Illinois","18_29",1987232,NA,2021,"IL"
"14412","Illinois","30_44",2543231,NA,2021,"IL"
"14413","Illinois","45_64",3237520,NA,2021,"IL"
"14414","Illinois","65plus",2103309,NA,2021,"IL"
"14415","Illinois","under18",2800177,NA,2021,"IL"
"14416","Illinois","18_29",2005828,NA,2022,"IL"
"14417","Illinois","30_44",2530245,NA,2022,"IL"
"14418","Illinois","45_64",3164813,NA,2022,"IL"
"14419","Illinois","65plus",2164940,NA,2022,"IL"
"14420","Illinois","under18",2716206,NA,2022,"IL"
"14421","Illinois","18_29",1959720,NA,2023,"IL"
"14422","Illinois","30_44",2537974,NA,2023,"IL"
"14423","Illinois","45_64",3144538,NA,2023,"IL"
"14424","Illinois","65plus",2205830,NA,2023,"IL"
"14425","Illinois","under18",2701627,NA,2023,"IL"
"14426","Illinois","18_29",2014287,NA,2024,"IL"
"14427","Illinois","30_44",2595830,NA,2024,"IL"
"14428","Illinois","45_64",3132799,NA,2024,"IL"
"14429","Illinois","65plus",2274582,NA,2024,"IL"
"14430","Illinois","under18",2692660,NA,2024,"IL"
"14431","Indiana","18_29",1079102,NA,2011,"IN"
"14432","Indiana","30_44",1250911,NA,2011,"IN"
"14433","Indiana","45_64",1733160,NA,2011,"IN"
"14434","Indiana","65plus",856492,NA,2011,"IN"
"14435","Indiana","under18",1597257,NA,2011,"IN"
"14436","Indiana","18_29",1081322,NA,2012,"IN"
"14437","Indiana","30_44",1241368,NA,2012,"IN"
"14438","Indiana","45_64",1735799,NA,2012,"IN"
"14439","Indiana","65plus",889426,NA,2012,"IN"
"14440","Indiana","under18",1589419,NA,2012,"IN"
"14441","Indiana","18_29",1086925,NA,2013,"IN"
"14442","Indiana","30_44",1250191,NA,2013,"IN"
"14443","Indiana","45_64",1730411,NA,2013,"IN"
"14444","Indiana","65plus",915833,NA,2013,"IN"
"14445","Indiana","under18",1587542,NA,2013,"IN"
"14446","Indiana","18_29",1090866,NA,2014,"IN"
"14447","Indiana","30_44",1254548,NA,2014,"IN"
"14448","Indiana","45_64",1726273,NA,2014,"IN"
"14449","Indiana","65plus",941494,NA,2014,"IN"
"14450","Indiana","under18",1583674,NA,2014,"IN"
"14451","Indiana","18_29",1101385,NA,2015,"IN"
"14452","Indiana","30_44",1239608,NA,2015,"IN"
"14453","Indiana","45_64",1733629,NA,2015,"IN"
"14454","Indiana","65plus",965324,NA,2015,"IN"
"14455","Indiana","under18",1579734,NA,2015,"IN"
"14456","Indiana","18_29",1103395,NA,2016,"IN"
"14457","Indiana","30_44",1230248,NA,2016,"IN"
"14458","Indiana","45_64",1728538,NA,2016,"IN"
"14459","Indiana","65plus",993339,NA,2016,"IN"
"14460","Indiana","under18",1577533,NA,2016,"IN"
"14461","Indiana","18_29",1105474,NA,2017,"IN"
"14462","Indiana","30_44",1238495,NA,2017,"IN"
"14463","Indiana","45_64",1724932,NA,2017,"IN"
"14464","Indiana","65plus",1023886,NA,2017,"IN"
"14465","Indiana","under18",1574031,NA,2017,"IN"
"14466","Indiana","18_29",1114068,NA,2018,"IN"
"14467","Indiana","30_44",1243579,NA,2018,"IN"
"14468","Indiana","45_64",1716028,NA,2018,"IN"
"14469","Indiana","65plus",1051146,NA,2018,"IN"
"14470","Indiana","under18",1567057,NA,2018,"IN"
"14471","Indiana","18_29",1120551,NA,2019,"IN"
"14472","Indiana","30_44",1254319,NA,2019,"IN"
"14473","Indiana","45_64",1705456,NA,2019,"IN"
"14474","Indiana","65plus",1084472,NA,2019,"IN"
"14475","Indiana","under18",1567421,NA,2019,"IN"
"14476","Indiana","18_29",1106383,NA,2021,"IN"
"14477","Indiana","30_44",1309030,NA,2021,"IN"
"14478","Indiana","45_64",1689595,NA,2021,"IN"
"14479","Indiana","65plus",1115579,NA,2021,"IN"
"14480","Indiana","under18",1585398,NA,2021,"IN"
"14481","Indiana","18_29",1112474,NA,2022,"IN"
"14482","Indiana","30_44",1319825,NA,2022,"IN"
"14483","Indiana","45_64",1673938,NA,2022,"IN"
"14484","Indiana","65plus",1157426,NA,2022,"IN"
"14485","Indiana","under18",1569374,NA,2022,"IN"
"14486","Indiana","18_29",1103506,NA,2023,"IN"
"14487","Indiana","30_44",1334456,NA,2023,"IN"
"14488","Indiana","45_64",1661763,NA,2023,"IN"
"14489","Indiana","65plus",1181568,NA,2023,"IN"
"14490","Indiana","under18",1580906,NA,2023,"IN"
"14491","Indiana","18_29",1114919,NA,2024,"IN"
"14492","Indiana","30_44",1363834,NA,2024,"IN"
"14493","Indiana","45_64",1648393,NA,2024,"IN"
"14494","Indiana","65plus",1218401,NA,2024,"IN"
"14495","Indiana","under18",1578728,NA,2024,"IN"
"14496","Iowa","18_29",507349,NA,2011,"IA"
"14497","Iowa","30_44",552293,NA,2011,"IA"
"14498","Iowa","45_64",820621,NA,2011,"IA"
"14499","Iowa","65plus",458190,NA,2011,"IA"
"14500","Iowa","under18",723856,NA,2011,"IA"
"14501","Iowa","18_29",508063,NA,2012,"IA"
"14502","Iowa","30_44",556539,NA,2012,"IA"
"14503","Iowa","45_64",817300,NA,2012,"IA"
"14504","Iowa","65plus",469618,NA,2012,"IA"
"14505","Iowa","under18",722666,NA,2012,"IA"
"14506","Iowa","18_29",508343,NA,2013,"IA"
"14507","Iowa","30_44",563633,NA,2013,"IA"
"14508","Iowa","45_64",815349,NA,2013,"IA"
"14509","Iowa","65plus",479625,NA,2013,"IA"
"14510","Iowa","under18",723466,NA,2013,"IA"
"14511","Iowa","18_29",510185,NA,2014,"IA"
"14512","Iowa","30_44",564563,NA,2014,"IA"
"14513","Iowa","45_64",816159,NA,2014,"IA"
"14514","Iowa","65plus",490628,NA,2014,"IA"
"14515","Iowa","under18",725591,NA,2014,"IA"
"14516","Iowa","18_29",512462,NA,2015,"IA"
"14517","Iowa","30_44",568991,NA,2015,"IA"
"14518","Iowa","45_64",812541,NA,2015,"IA"
"14519","Iowa","65plus",501152,NA,2015,"IA"
"14520","Iowa","under18",728753,NA,2015,"IA"
"14521","Iowa","18_29",514800,NA,2016,"IA"
"14522","Iowa","30_44",570746,NA,2016,"IA"
"14523","Iowa","45_64",808438,NA,2016,"IA"
"14524","Iowa","65plus",513742,NA,2016,"IA"
"14525","Iowa","under18",726967,NA,2016,"IA"
"14526","Iowa","18_29",518814,NA,2017,"IA"
"14527","Iowa","30_44",569898,NA,2017,"IA"
"14528","Iowa","45_64",802025,NA,2017,"IA"
"14529","Iowa","65plus",524624,NA,2017,"IA"
"14530","Iowa","under18",730350,NA,2017,"IA"
"14531","Iowa","18_29",520379,NA,2018,"IA"
"14532","Iowa","30_44",575709,NA,2018,"IA"
"14533","Iowa","45_64",788850,NA,2018,"IA"
"14534","Iowa","65plus",537818,NA,2018,"IA"
"14535","Iowa","under18",733389,NA,2018,"IA"
"14536","Iowa","18_29",515804,NA,2019,"IA"
"14537","Iowa","30_44",586828,NA,2019,"IA"
"14538","Iowa","45_64",777033,NA,2019,"IA"
"14539","Iowa","65plus",553575,NA,2019,"IA"
"14540","Iowa","under18",721830,NA,2019,"IA"
"14541","Iowa","18_29",517110,NA,2021,"IA"
"14542","Iowa","30_44",601497,NA,2021,"IA"
"14543","Iowa","45_64",769907,NA,2021,"IA"
"14544","Iowa","65plus",567581,NA,2021,"IA"
"14545","Iowa","under18",736984,NA,2021,"IA"
"14546","Iowa","18_29",522222,NA,2022,"IA"
"14547","Iowa","30_44",608775,NA,2022,"IA"
"14548","Iowa","45_64",763893,NA,2022,"IA"
"14549","Iowa","65plus",588879,NA,2022,"IA"
"14550","Iowa","under18",716748,NA,2022,"IA"
"14551","Iowa","18_29",512328,NA,2023,"IA"
"14552","Iowa","30_44",611743,NA,2023,"IA"
"14553","Iowa","45_64",762498,NA,2023,"IA"
"14554","Iowa","65plus",594888,NA,2023,"IA"
"14555","Iowa","under18",725547,NA,2023,"IA"
"14556","Iowa","18_29",526739,NA,2024,"IA"
"14557","Iowa","30_44",617570,NA,2024,"IA"
"14558","Iowa","45_64",757206,NA,2024,"IA"
"14559","Iowa","65plus",612603,NA,2024,"IA"
"14560","Iowa","under18",727370,NA,2024,"IA"
"14561","Kansas","18_29",490654,NA,2011,"KS"
"14562","Kansas","30_44",529669,NA,2011,"KS"
"14563","Kansas","45_64",746543,NA,2011,"KS"
"14564","Kansas","65plus",381959,NA,2011,"KS"
"14565","Kansas","under18",722413,NA,2011,"KS"
"14566","Kansas","18_29",495797,NA,2012,"KS"
"14567","Kansas","30_44",533696,NA,2012,"KS"
"14568","Kansas","45_64",740911,NA,2012,"KS"
"14569","Kansas","65plus",394224,NA,2012,"KS"
"14570","Kansas","under18",721277,NA,2012,"KS"
"14571","Kansas","18_29",493125,NA,2013,"KS"
"14572","Kansas","30_44",542540,NA,2013,"KS"
"14573","Kansas","45_64",731525,NA,2013,"KS"
"14574","Kansas","65plus",406225,NA,2013,"KS"
"14575","Kansas","under18",720542,NA,2013,"KS"
"14576","Kansas","18_29",491117,NA,2014,"KS"
"14577","Kansas","30_44",545921,NA,2014,"KS"
"14578","Kansas","45_64",726963,NA,2014,"KS"
"14579","Kansas","65plus",417533,NA,2014,"KS"
"14580","Kansas","under18",722487,NA,2014,"KS"
"14581","Kansas","18_29",492625,NA,2015,"KS"
"14582","Kansas","30_44",542032,NA,2015,"KS"
"14583","Kansas","45_64",730698,NA,2015,"KS"
"14584","Kansas","65plus",426052,NA,2015,"KS"
"14585","Kansas","under18",720234,NA,2015,"KS"
"14586","Kansas","18_29",486360,NA,2016,"KS"
"14587","Kansas","30_44",544590,NA,2016,"KS"
"14588","Kansas","45_64",723749,NA,2016,"KS"
"14589","Kansas","65plus",437671,NA,2016,"KS"
"14590","Kansas","under18",714919,NA,2016,"KS"
"14591","Kansas","18_29",492506,NA,2017,"KS"
"14592","Kansas","30_44",542249,NA,2017,"KS"
"14593","Kansas","45_64",718342,NA,2017,"KS"
"14594","Kansas","65plus",447451,NA,2017,"KS"
"14595","Kansas","under18",712575,NA,2017,"KS"
"14596","Kansas","18_29",487974,NA,2018,"KS"
"14597","Kansas","30_44",542828,NA,2018,"KS"
"14598","Kansas","45_64",713366,NA,2018,"KS"
"14599","Kansas","65plus",462191,NA,2018,"KS"
"14600","Kansas","under18",705151,NA,2018,"KS"
"14601","Kansas","18_29",486880,NA,2019,"KS"
"14602","Kansas","30_44",548330,NA,2019,"KS"
"14603","Kansas","45_64",699807,NA,2019,"KS"
"14604","Kansas","65plus",477996,NA,2019,"KS"
"14605","Kansas","under18",700301,NA,2019,"KS"
"14606","Kansas","18_29",478574,NA,2021,"KS"
"14607","Kansas","30_44",567185,NA,2021,"KS"
"14608","Kansas","45_64",696941,NA,2021,"KS"
"14609","Kansas","65plus",489676,NA,2021,"KS"
"14610","Kansas","under18",702206,NA,2021,"KS"
"14611","Kansas","18_29",494344,NA,2022,"KS"
"14612","Kansas","30_44",569651,NA,2022,"KS"
"14613","Kansas","45_64",678601,NA,2022,"KS"
"14614","Kansas","65plus",506342,NA,2022,"KS"
"14615","Kansas","under18",688212,NA,2022,"KS"
"14616","Kansas","18_29",487474,NA,2023,"KS"
"14617","Kansas","30_44",575686,NA,2023,"KS"
"14618","Kansas","45_64",672258,NA,2023,"KS"
"14619","Kansas","65plus",518365,NA,2023,"KS"
"14620","Kansas","under18",686764,NA,2023,"KS"
"14621","Kansas","18_29",492791,NA,2024,"KS"
"14622","Kansas","30_44",584243,NA,2024,"KS"
"14623","Kansas","45_64",673170,NA,2024,"KS"
"14624","Kansas","65plus",533774,NA,2024,"KS"
"14625","Kansas","under18",686628,NA,2024,"KS"
"14626","Kentucky","18_29",701238,NA,2011,"KY"
"14627","Kentucky","30_44",853592,NA,2011,"KY"
"14628","Kentucky","45_64",1195566,NA,2011,"KY"
"14629","Kentucky","65plus",593961,NA,2011,"KY"
"14630","Kentucky","under18",1024999,NA,2011,"KY"
"14631","Kentucky","18_29",702119,NA,2012,"KY"
"14632","Kentucky","30_44",854355,NA,2012,"KY"
"14633","Kentucky","45_64",1192336,NA,2012,"KY"
"14634","Kentucky","65plus",613626,NA,2012,"KY"
"14635","Kentucky","under18",1017979,NA,2012,"KY"
"14636","Kentucky","18_29",707183,NA,2013,"KY"
"14637","Kentucky","30_44",850438,NA,2013,"KY"
"14638","Kentucky","45_64",1187031,NA,2013,"KY"
"14639","Kentucky","65plus",636058,NA,2013,"KY"
"14640","Kentucky","under18",1014585,NA,2013,"KY"
"14641","Kentucky","18_29",708017,NA,2014,"KY"
"14642","Kentucky","30_44",845317,NA,2014,"KY"
"14643","Kentucky","45_64",1191798,NA,2014,"KY"
"14644","Kentucky","65plus",653022,NA,2014,"KY"
"14645","Kentucky","under18",1015303,NA,2014,"KY"
"14646","Kentucky","18_29",712008,NA,2015,"KY"
"14647","Kentucky","30_44",838685,NA,2015,"KY"
"14648","Kentucky","45_64",1189688,NA,2015,"KY"
"14649","Kentucky","65plus",674128,NA,2015,"KY"
"14650","Kentucky","under18",1010583,NA,2015,"KY"
"14651","Kentucky","18_29",719117,NA,2016,"KY"
"14652","Kentucky","30_44",830872,NA,2016,"KY"
"14653","Kentucky","45_64",1187003,NA,2016,"KY"
"14654","Kentucky","65plus",687525,NA,2016,"KY"
"14655","Kentucky","under18",1012457,NA,2016,"KY"
"14656","Kentucky","18_29",722590,NA,2017,"KY"
"14657","Kentucky","30_44",827483,NA,2017,"KY"
"14658","Kentucky","45_64",1180464,NA,2017,"KY"
"14659","Kentucky","65plus",709048,NA,2017,"KY"
"14660","Kentucky","under18",1014604,NA,2017,"KY"
"14661","Kentucky","18_29",729786,NA,2018,"KY"
"14662","Kentucky","30_44",824048,NA,2018,"KY"
"14663","Kentucky","45_64",1175395,NA,2018,"KY"
"14664","Kentucky","65plus",731392,NA,2018,"KY"
"14665","Kentucky","under18",1007781,NA,2018,"KY"
"14666","Kentucky","18_29",720563,NA,2019,"KY"
"14667","Kentucky","30_44",830431,NA,2019,"KY"
"14668","Kentucky","45_64",1160295,NA,2019,"KY"
"14669","Kentucky","65plus",754559,NA,2019,"KY"
"14670","Kentucky","under18",1001825,NA,2019,"KY"
"14671","Kentucky","18_29",706556,NA,2021,"KY"
"14672","Kentucky","30_44",865895,NA,2021,"KY"
"14673","Kentucky","45_64",1153072,NA,2021,"KY"
"14674","Kentucky","65plus",768416,NA,2021,"KY"
"14675","Kentucky","under18",1015455,NA,2021,"KY"
"14676","Kentucky","18_29",706761,NA,2022,"KY"
"14677","Kentucky","30_44",865652,NA,2022,"KY"
"14678","Kentucky","45_64",1143904,NA,2022,"KY"
"14679","Kentucky","65plus",791113,NA,2022,"KY"
"14680","Kentucky","under18",1004880,NA,2022,"KY"
"14681","Kentucky","18_29",698239,NA,2023,"KY"
"14682","Kentucky","30_44",874330,NA,2023,"KY"
"14683","Kentucky","45_64",1137080,NA,2023,"KY"
"14684","Kentucky","65plus",804768,NA,2023,"KY"
"14685","Kentucky","under18",1011737,NA,2023,"KY"
"14686","Kentucky","18_29",715871,NA,2024,"KY"
"14687","Kentucky","30_44",897778,NA,2024,"KY"
"14688","Kentucky","45_64",1128662,NA,2024,"KY"
"14689","Kentucky","65plus",825850,NA,2024,"KY"
"14690","Kentucky","under18",1020211,NA,2024,"KY"
"14691","Louisiana","18_29",808479,NA,2011,"LA"
"14692","Louisiana","30_44",876552,NA,2011,"LA"
"14693","Louisiana","45_64",1199261,NA,2011,"LA"
"14694","Louisiana","65plus",571296,NA,2011,"LA"
"14695","Louisiana","under18",1119248,NA,2011,"LA"
"14696","Louisiana","18_29",805681,NA,2012,"LA"
"14697","Louisiana","30_44",880581,NA,2012,"LA"
"14698","Louisiana","45_64",1198757,NA,2012,"LA"
"14699","Louisiana","65plus",597750,NA,2012,"LA"
"14700","Louisiana","under18",1119124,NA,2012,"LA"
"14701","Louisiana","18_29",810712,NA,2013,"LA"
"14702","Louisiana","30_44",892050,NA,2013,"LA"
"14703","Louisiana","45_64",1203076,NA,2013,"LA"
"14704","Louisiana","65plus",606958,NA,2013,"LA"
"14705","Louisiana","under18",1112674,NA,2013,"LA"
"14706","Louisiana","18_29",807394,NA,2014,"LA"
"14707","Louisiana","30_44",905596,NA,2014,"LA"
"14708","Louisiana","45_64",1190732,NA,2014,"LA"
"14709","Louisiana","65plus",631170,NA,2014,"LA"
"14710","Louisiana","under18",1114784,NA,2014,"LA"
"14711","Louisiana","18_29",797721,NA,2015,"LA"
"14712","Louisiana","30_44",910235,NA,2015,"LA"
"14713","Louisiana","45_64",1192975,NA,2015,"LA"
"14714","Louisiana","65plus",653608,NA,2015,"LA"
"14715","Louisiana","under18",1116185,NA,2015,"LA"
"14716","Louisiana","18_29",791611,NA,2016,"LA"
"14717","Louisiana","30_44",912228,NA,2016,"LA"
"14718","Louisiana","45_64",1186367,NA,2016,"LA"
"14719","Louisiana","65plus",674179,NA,2016,"LA"
"14720","Louisiana","under18",1117281,NA,2016,"LA"
"14721","Louisiana","18_29",784171,NA,2017,"LA"
"14722","Louisiana","30_44",913392,NA,2017,"LA"
"14723","Louisiana","45_64",1181417,NA,2017,"LA"
"14724","Louisiana","65plus",696111,NA,2017,"LA"
"14725","Louisiana","under18",1109242,NA,2017,"LA"
"14726","Louisiana","18_29",765567,NA,2018,"LA"
"14727","Louisiana","30_44",906062,NA,2018,"LA"
"14728","Louisiana","45_64",1170154,NA,2018,"LA"
"14729","Louisiana","65plus",720610,NA,2018,"LA"
"14730","Louisiana","under18",1097585,NA,2018,"LA"
"14731","Louisiana","18_29",750044,NA,2019,"LA"
"14732","Louisiana","30_44",923870,NA,2019,"LA"
"14733","Louisiana","45_64",1147800,NA,2019,"LA"
"14734","Louisiana","65plus",742194,NA,2019,"LA"
"14735","Louisiana","under18",1084886,NA,2019,"LA"
"14736","Louisiana","18_29",716634,NA,2021,"LA"
"14737","Louisiana","30_44",940802,NA,2021,"LA"
"14738","Louisiana","45_64",1118238,NA,2021,"LA"
"14739","Louisiana","65plus",766330,NA,2021,"LA"
"14740","Louisiana","under18",1082043,NA,2021,"LA"
"14741","Louisiana","18_29",714066,NA,2022,"LA"
"14742","Louisiana","30_44",924560,NA,2022,"LA"
"14743","Louisiana","45_64",1112694,NA,2022,"LA"
"14744","Louisiana","65plus",780061,NA,2022,"LA"
"14745","Louisiana","under18",1058860,NA,2022,"LA"
"14746","Louisiana","18_29",688121,NA,2023,"LA"
"14747","Louisiana","30_44",931297,NA,2023,"LA"
"14748","Louisiana","45_64",1096304,NA,2023,"LA"
"14749","Louisiana","65plus",794591,NA,2023,"LA"
"14750","Louisiana","under18",1063436,NA,2023,"LA"
"14751","Louisiana","18_29",697951,NA,2024,"LA"
"14752","Louisiana","30_44",930417,NA,2024,"LA"
"14753","Louisiana","45_64",1086971,NA,2024,"LA"
"14754","Louisiana","65plus",819864,NA,2024,"LA"
"14755","Louisiana","under18",1062537,NA,2024,"LA"
"14756","Maine","18_29",188893,NA,2011,"ME"
"14757","Maine","30_44",238398,NA,2011,"ME"
"14758","Maine","45_64",413267,NA,2011,"ME"
"14759","Maine","65plus",217308,NA,2011,"ME"
"14760","Maine","under18",270322,NA,2011,"ME"
"14761","Maine","18_29",189320,NA,2012,"ME"
"14762","Maine","30_44",235938,NA,2012,"ME"
"14763","Maine","45_64",411974,NA,2012,"ME"
"14764","Maine","65plus",225973,NA,2012,"ME"
"14765","Maine","under18",265987,NA,2012,"ME"
"14766","Maine","18_29",190937,NA,2013,"ME"
"14767","Maine","30_44",231037,NA,2013,"ME"
"14768","Maine","45_64",410009,NA,2013,"ME"
"14769","Maine","65plus",235984,NA,2013,"ME"
"14770","Maine","under18",260335,NA,2013,"ME"
"14771","Maine","18_29",189385,NA,2014,"ME"
"14772","Maine","30_44",231788,NA,2014,"ME"
"14773","Maine","45_64",408380,NA,2014,"ME"
"14774","Maine","65plus",242564,NA,2014,"ME"
"14775","Maine","under18",257972,NA,2014,"ME"
"14776","Maine","18_29",188421,NA,2015,"ME"
"14777","Maine","30_44",228444,NA,2015,"ME"
"14778","Maine","45_64",406036,NA,2015,"ME"
"14779","Maine","65plus",250568,NA,2015,"ME"
"14780","Maine","under18",255859,NA,2015,"ME"
"14781","Maine","18_29",189800,NA,2016,"ME"
"14782","Maine","30_44",229258,NA,2016,"ME"
"14783","Maine","45_64",400818,NA,2016,"ME"
"14784","Maine","65plus",256652,NA,2016,"ME"
"14785","Maine","under18",254951,NA,2016,"ME"
"14786","Maine","18_29",189697,NA,2017,"ME"
"14787","Maine","30_44",230099,NA,2017,"ME"
"14788","Maine","45_64",395168,NA,2017,"ME"
"14789","Maine","65plus",266741,NA,2017,"ME"
"14790","Maine","under18",254202,NA,2017,"ME"
"14791","Maine","18_29",186172,NA,2018,"ME"
"14792","Maine","30_44",233678,NA,2018,"ME"
"14793","Maine","45_64",393933,NA,2018,"ME"
"14794","Maine","65plus",276069,NA,2018,"ME"
"14795","Maine","under18",248552,NA,2018,"ME"
"14796","Maine","18_29",188875,NA,2019,"ME"
"14797","Maine","30_44",235678,NA,2019,"ME"
"14798","Maine","45_64",387328,NA,2019,"ME"
"14799","Maine","65plus",285978,NA,2019,"ME"
"14800","Maine","under18",246353,NA,2019,"ME"
"14801","Maine","18_29",186549,NA,2021,"ME"
"14802","Maine","30_44",254060,NA,2021,"ME"
"14803","Maine","45_64",384862,NA,2021,"ME"
"14804","Maine","65plus",297101,NA,2021,"ME"
"14805","Maine","under18",249675,NA,2021,"ME"
"14806","Maine","18_29",189162,NA,2022,"ME"
"14807","Maine","30_44",256421,NA,2022,"ME"
"14808","Maine","45_64",381373,NA,2022,"ME"
"14809","Maine","65plus",312893,NA,2022,"ME"
"14810","Maine","under18",245491,NA,2022,"ME"
"14811","Maine","18_29",190288,NA,2023,"ME"
"14812","Maine","30_44",264218,NA,2023,"ME"
"14813","Maine","45_64",375318,NA,2023,"ME"
"14814","Maine","65plus",320120,NA,2023,"ME"
"14815","Maine","under18",245778,NA,2023,"ME"
"14816","Maine","18_29",191268,NA,2024,"ME"
"14817","Maine","30_44",268259,NA,2024,"ME"
"14818","Maine","45_64",370880,NA,2024,"ME"
"14819","Maine","65plus",329926,NA,2024,"ME"
"14820","Maine","under18",244679,NA,2024,"ME"
"14821","Maryland","18_29",965122,NA,2011,"MD"
"14822","Maryland","30_44",1160300,NA,2011,"MD"
"14823","Maryland","45_64",1624476,NA,2011,"MD"
"14824","Maryland","65plus",731759,NA,2011,"MD"
"14825","Maryland","under18",1346632,NA,2011,"MD"
"14826","Maryland","18_29",974931,NA,2012,"MD"
"14827","Maryland","30_44",1172150,NA,2012,"MD"
"14828","Maryland","45_64",1631866,NA,2012,"MD"
"14829","Maryland","65plus",762681,NA,2012,"MD"
"14830","Maryland","under18",1342935,NA,2012,"MD"
"14831","Maryland","18_29",978324,NA,2013,"MD"
"14832","Maryland","30_44",1171655,NA,2013,"MD"
"14833","Maryland","45_64",1640510,NA,2013,"MD"
"14834","Maryland","65plus",793868,NA,2013,"MD"
"14835","Maryland","under18",1344457,NA,2013,"MD"
"14836","Maryland","18_29",980711,NA,2014,"MD"
"14837","Maryland","30_44",1180309,NA,2014,"MD"
"14838","Maryland","45_64",1642041,NA,2014,"MD"
"14839","Maryland","65plus",822171,NA,2014,"MD"
"14840","Maryland","under18",1351175,NA,2014,"MD"
"14841","Maryland","18_29",978959,NA,2015,"MD"
"14842","Maryland","30_44",1181086,NA,2015,"MD"
"14843","Maryland","45_64",1651639,NA,2015,"MD"
"14844","Maryland","65plus",846985,NA,2015,"MD"
"14845","Maryland","under18",1347732,NA,2015,"MD"
"14846","Maryland","18_29",966457,NA,2016,"MD"
"14847","Maryland","30_44",1179116,NA,2016,"MD"
"14848","Maryland","45_64",1648274,NA,2016,"MD"
"14849","Maryland","65plus",876448,NA,2016,"MD"
"14850","Maryland","under18",1346152,NA,2016,"MD"
"14851","Maryland","18_29",958540,NA,2017,"MD"
"14852","Maryland","30_44",1188890,NA,2017,"MD"
"14853","Maryland","45_64",1655211,NA,2017,"MD"
"14854","Maryland","65plus",902586,NA,2017,"MD"
"14855","Maryland","under18",1346950,NA,2017,"MD"
"14856","Maryland","18_29",951412,NA,2018,"MD"
"14857","Maryland","30_44",1187217,NA,2018,"MD"
"14858","Maryland","45_64",1634693,NA,2018,"MD"
"14859","Maryland","65plus",931041,NA,2018,"MD"
"14860","Maryland","under18",1338355,NA,2018,"MD"
"14861","Maryland","18_29",935373,NA,2019,"MD"
"14862","Maryland","30_44",1201661,NA,2019,"MD"
"14863","Maryland","45_64",1616472,NA,2019,"MD"
"14864","Maryland","65plus",959887,NA,2019,"MD"
"14865","Maryland","under18",1332287,NA,2019,"MD"
"14866","Maryland","18_29",922301,NA,2021,"MD"
"14867","Maryland","30_44",1255287,NA,2021,"MD"
"14868","Maryland","45_64",1624061,NA,2021,"MD"
"14869","Maryland","65plus",1003383,NA,2021,"MD"
"14870","Maryland","under18",1360097,NA,2021,"MD"
"14871","Maryland","18_29",914761,NA,2022,"MD"
"14872","Maryland","30_44",1262116,NA,2022,"MD"
"14873","Maryland","45_64",1598273,NA,2022,"MD"
"14874","Maryland","65plus",1042779,NA,2022,"MD"
"14875","Maryland","under18",1346731,NA,2022,"MD"
"14876","Maryland","18_29",894838,NA,2023,"MD"
"14877","Maryland","30_44",1271683,NA,2023,"MD"
"14878","Maryland","45_64",1588173,NA,2023,"MD"
"14879","Maryland","65plus",1066638,NA,2023,"MD"
"14880","Maryland","under18",1358921,NA,2023,"MD"
"14881","Maryland","18_29",913529,NA,2024,"MD"
"14882","Maryland","30_44",1301347,NA,2024,"MD"
"14883","Maryland","45_64",1580249,NA,2024,"MD"
"14884","Maryland","65plus",1099752,NA,2024,"MD"
"14885","Maryland","under18",1368343,NA,2024,"MD"
"14886","Massachusetts","18_29",1130122,NA,2011,"MA"
"14887","Massachusetts","30_44",1280666,NA,2011,"MA"
"14888","Massachusetts","45_64",1849732,NA,2011,"MA"
"14889","Massachusetts","65plus",921909,NA,2011,"MA"
"14890","Massachusetts","under18",1405107,NA,2011,"MA"
"14891","Massachusetts","18_29",1150696,NA,2012,"MA"
"14892","Massachusetts","30_44",1281295,NA,2012,"MA"
"14893","Massachusetts","45_64",1851867,NA,2012,"MA"
"14894","Massachusetts","65plus",961031,NA,2012,"MA"
"14895","Massachusetts","under18",1401255,NA,2012,"MA"
"14896","Massachusetts","18_29",1166898,NA,2013,"MA"
"14897","Massachusetts","30_44",1281944,NA,2013,"MA"
"14898","Massachusetts","45_64",1860930,NA,2013,"MA"
"14899","Massachusetts","65plus",990097,NA,2013,"MA"
"14900","Massachusetts","under18",1392955,NA,2013,"MA"
"14901","Massachusetts","18_29",1181417,NA,2014,"MA"
"14902","Massachusetts","30_44",1287025,NA,2014,"MA"
"14903","Massachusetts","45_64",1870704,NA,2014,"MA"
"14904","Massachusetts","65plus",1015577,NA,2014,"MA"
"14905","Massachusetts","under18",1390685,NA,2014,"MA"
"14906","Massachusetts","18_29",1184169,NA,2015,"MA"
"14907","Massachusetts","30_44",1296794,NA,2015,"MA"
"14908","Massachusetts","45_64",1882039,NA,2015,"MA"
"14909","Massachusetts","65plus",1044226,NA,2015,"MA"
"14910","Massachusetts","under18",1387194,NA,2015,"MA"
"14911","Massachusetts","18_29",1191293,NA,2016,"MA"
"14912","Massachusetts","30_44",1291694,NA,2016,"MA"
"14913","Massachusetts","45_64",1875420,NA,2016,"MA"
"14914","Massachusetts","65plus",1074425,NA,2016,"MA"
"14915","Massachusetts","under18",1378947,NA,2016,"MA"
"14916","Massachusetts","18_29",1200890,NA,2017,"MA"
"14917","Massachusetts","30_44",1307681,NA,2017,"MA"
"14918","Massachusetts","45_64",1872840,NA,2017,"MA"
"14919","Massachusetts","65plus",1107824,NA,2017,"MA"
"14920","Massachusetts","under18",1370584,NA,2017,"MA"
"14921","Massachusetts","18_29",1209410,NA,2018,"MA"
"14922","Massachusetts","30_44",1325357,NA,2018,"MA"
"14923","Massachusetts","45_64",1862715,NA,2018,"MA"
"14924","Massachusetts","65plus",1137541,NA,2018,"MA"
"14925","Massachusetts","under18",1367126,NA,2018,"MA"
"14926","Massachusetts","18_29",1192559,NA,2019,"MA"
"14927","Massachusetts","30_44",1339852,NA,2019,"MA"
"14928","Massachusetts","45_64",1836022,NA,2019,"MA"
"14929","Massachusetts","65plus",1172293,NA,2019,"MA"
"14930","Massachusetts","under18",1351777,NA,2019,"MA"
"14931","Massachusetts","18_29",1172403,NA,2021,"MA"
"14932","Massachusetts","30_44",1394774,NA,2021,"MA"
"14933","Massachusetts","45_64",1839159,NA,2021,"MA"
"14934","Massachusetts","65plus",1216447,NA,2021,"MA"
"14935","Massachusetts","under18",1361940,NA,2021,"MA"
"14936","Massachusetts","18_29",1177175,NA,2022,"MA"
"14937","Massachusetts","30_44",1397339,NA,2022,"MA"
"14938","Massachusetts","45_64",1811372,NA,2022,"MA"
"14939","Massachusetts","65plus",1260100,NA,2022,"MA"
"14940","Massachusetts","under18",1335988,NA,2022,"MA"
"14941","Massachusetts","18_29",1157331,NA,2023,"MA"
"14942","Massachusetts","30_44",1421310,NA,2023,"MA"
"14943","Massachusetts","45_64",1788435,NA,2023,"MA"
"14944","Massachusetts","65plus",1292884,NA,2023,"MA"
"14945","Massachusetts","under18",1341439,NA,2023,"MA"
"14946","Massachusetts","18_29",1199660,NA,2024,"MA"
"14947","Massachusetts","30_44",1463322,NA,2024,"MA"
"14948","Massachusetts","45_64",1782482,NA,2024,"MA"
"14949","Massachusetts","65plus",1335942,NA,2024,"MA"
"14950","Massachusetts","under18",1354765,NA,2024,"MA"
"14951","Michigan","18_29",1579626,NA,2011,"MI"
"14952","Michigan","30_44",1828003,NA,2011,"MI"
"14953","Michigan","45_64",2787603,NA,2011,"MI"
"14954","Michigan","65plus",1387870,NA,2011,"MI"
"14955","Michigan","under18",2293085,NA,2011,"MI"
"14956","Michigan","18_29",1581936,NA,2012,"MI"
"14957","Michigan","30_44",1810458,NA,2012,"MI"
"14958","Michigan","45_64",2780720,NA,2012,"MI"
"14959","Michigan","65plus",1442623,NA,2012,"MI"
"14960","Michigan","under18",2267623,NA,2012,"MI"
"14961","Michigan","18_29",1598683,NA,2013,"MI"
"14962","Michigan","30_44",1797531,NA,2013,"MI"
"14963","Michigan","45_64",2768886,NA,2013,"MI"
"14964","Michigan","65plus",1486783,NA,2013,"MI"
"14965","Michigan","under18",2243739,NA,2013,"MI"
"14966","Michigan","18_29",1609804,NA,2014,"MI"
"14967","Michigan","30_44",1782158,NA,2014,"MI"
"14968","Michigan","45_64",2763212,NA,2014,"MI"
"14969","Michigan","65plus",1531067,NA,2014,"MI"
"14970","Michigan","under18",2223636,NA,2014,"MI"
"14971","Michigan","18_29",1615132,NA,2015,"MI"
"14972","Michigan","30_44",1768238,NA,2015,"MI"
"14973","Michigan","45_64",2760741,NA,2015,"MI"
"14974","Michigan","65plus",1570641,NA,2015,"MI"
"14975","Michigan","under18",2207824,NA,2015,"MI"
"14976","Michigan","18_29",1631759,NA,2016,"MI"
"14977","Michigan","30_44",1751526,NA,2016,"MI"
"14978","Michigan","45_64",2744767,NA,2016,"MI"
"14979","Michigan","65plus",1609065,NA,2016,"MI"
"14980","Michigan","under18",2191183,NA,2016,"MI"
"14981","Michigan","18_29",1641531,NA,2017,"MI"
"14982","Michigan","30_44",1749363,NA,2017,"MI"
"14983","Michigan","45_64",2730443,NA,2017,"MI"
"14984","Michigan","65plus",1665113,NA,2017,"MI"
"14985","Michigan","under18",2175861,NA,2017,"MI"
"14986","Michigan","18_29",1651085,NA,2018,"MI"
"14987","Michigan","30_44",1767634,NA,2018,"MI"
"14988","Michigan","45_64",2692478,NA,2018,"MI"
"14989","Michigan","65plus",1720453,NA,2018,"MI"
"14990","Michigan","under18",2164265,NA,2018,"MI"
"14991","Michigan","18_29",1638870,NA,2019,"MI"
"14992","Michigan","30_44",1786584,NA,2019,"MI"
"14993","Michigan","45_64",2652172,NA,2019,"MI"
"14994","Michigan","65plus",1766409,NA,2019,"MI"
"14995","Michigan","under18",2142822,NA,2019,"MI"
"14996","Michigan","18_29",1584587,NA,2021,"MI"
"14997","Michigan","30_44",1871320,NA,2021,"MI"
"14998","Michigan","45_64",2619683,NA,2021,"MI"
"14999","Michigan","65plus",1823284,NA,2021,"MI"
"15000","Michigan","under18",2151937,NA,2021,"MI"
"15001","Michigan","18_29",1597599,NA,2022,"MI"
"15002","Michigan","30_44",1885920,NA,2022,"MI"
"15003","Michigan","45_64",2566809,NA,2022,"MI"
"15004","Michigan","65plus",1877562,NA,2022,"MI"
"15005","Michigan","under18",2106228,NA,2022,"MI"
"15006","Michigan","18_29",1552637,NA,2023,"MI"
"15007","Michigan","30_44",1910102,NA,2023,"MI"
"15008","Michigan","45_64",2531826,NA,2023,"MI"
"15009","Michigan","65plus",1932225,NA,2023,"MI"
"15010","Michigan","under18",2110471,NA,2023,"MI"
"15011","Michigan","18_29",1585588,NA,2024,"MI"
"15012","Michigan","30_44",1948563,NA,2024,"MI"
"15013","Michigan","45_64",2514694,NA,2024,"MI"
"15014","Michigan","65plus",1987859,NA,2024,"MI"
"15015","Michigan","under18",2103755,NA,2024,"MI"
"15016","Minnesota","18_29",877237,NA,2011,"MN"
"15017","Minnesota","30_44",1023569,NA,2011,"MN"
"15018","Minnesota","45_64",1465311,NA,2011,"MN"
"15019","Minnesota","65plus",701083,NA,2011,"MN"
"15020","Minnesota","under18",1277661,NA,2011,"MN"
"15021","Minnesota","18_29",867952,NA,2012,"MN"
"15022","Minnesota","30_44",1041305,NA,2012,"MN"
"15023","Minnesota","45_64",1462172,NA,2012,"MN"
"15024","Minnesota","65plus",729910,NA,2012,"MN"
"15025","Minnesota","under18",1277800,NA,2012,"MN"
"15026","Minnesota","18_29",871762,NA,2013,"MN"
"15027","Minnesota","30_44",1045025,NA,2013,"MN"
"15028","Minnesota","45_64",1466281,NA,2013,"MN"
"15029","Minnesota","65plus",754718,NA,2013,"MN"
"15030","Minnesota","under18",1282594,NA,2013,"MN"
"15031","Minnesota","18_29",868330,NA,2014,"MN"
"15032","Minnesota","30_44",1056206,NA,2014,"MN"
"15033","Minnesota","45_64",1471696,NA,2014,"MN"
"15034","Minnesota","65plus",777833,NA,2014,"MN"
"15035","Minnesota","under18",1283108,NA,2014,"MN"
"15036","Minnesota","18_29",867166,NA,2015,"MN"
"15037","Minnesota","30_44",1060243,NA,2015,"MN"
"15038","Minnesota","45_64",1474329,NA,2015,"MN"
"15039","Minnesota","65plus",804958,NA,2015,"MN"
"15040","Minnesota","under18",1282898,NA,2015,"MN"
"15041","Minnesota","18_29",870077,NA,2016,"MN"
"15042","Minnesota","30_44",1061170,NA,2016,"MN"
"15043","Minnesota","45_64",1469747,NA,2016,"MN"
"15044","Minnesota","65plus",830335,NA,2016,"MN"
"15045","Minnesota","under18",1288623,NA,2016,"MN"
"15046","Minnesota","18_29",874286,NA,2017,"MN"
"15047","Minnesota","30_44",1086065,NA,2017,"MN"
"15048","Minnesota","45_64",1459569,NA,2017,"MN"
"15049","Minnesota","65plus",858904,NA,2017,"MN"
"15050","Minnesota","under18",1297782,NA,2017,"MN"
"15051","Minnesota","18_29",875429,NA,2018,"MN"
"15052","Minnesota","30_44",1098982,NA,2018,"MN"
"15053","Minnesota","45_64",1446087,NA,2018,"MN"
"15054","Minnesota","65plus",888634,NA,2018,"MN"
"15055","Minnesota","under18",1302047,NA,2018,"MN"
"15056","Minnesota","18_29",870803,NA,2019,"MN"
"15057","Minnesota","30_44",1114925,NA,2019,"MN"
"15058","Minnesota","45_64",1429744,NA,2019,"MN"
"15059","Minnesota","65plus",921491,NA,2019,"MN"
"15060","Minnesota","under18",1302669,NA,2019,"MN"
"15061","Minnesota","18_29",864134,NA,2021,"MN"
"15062","Minnesota","30_44",1148747,NA,2021,"MN"
"15063","Minnesota","45_64",1426256,NA,2021,"MN"
"15064","Minnesota","65plus",959272,NA,2021,"MN"
"15065","Minnesota","under18",1308981,NA,2021,"MN"
"15066","Minnesota","18_29",873447,NA,2022,"MN"
"15067","Minnesota","30_44",1161394,NA,2022,"MN"
"15068","Minnesota","45_64",1399083,NA,2022,"MN"
"15069","Minnesota","65plus",995047,NA,2022,"MN"
"15070","Minnesota","under18",1288213,NA,2022,"MN"
"15071","Minnesota","18_29",860629,NA,2023,"MN"
"15072","Minnesota","30_44",1165185,NA,2023,"MN"
"15073","Minnesota","45_64",1391198,NA,2023,"MN"
"15074","Minnesota","65plus",1025928,NA,2023,"MN"
"15075","Minnesota","under18",1294975,NA,2023,"MN"
"15076","Minnesota","18_29",881723,NA,2024,"MN"
"15077","Minnesota","30_44",1184203,NA,2024,"MN"
"15078","Minnesota","45_64",1380128,NA,2024,"MN"
"15079","Minnesota","65plus",1056273,NA,2024,"MN"
"15080","Minnesota","under18",1290824,NA,2024,"MN"
"15081","Mississippi","18_29",504149,NA,2011,"MS"
"15082","Mississippi","30_44",569593,NA,2011,"MS"
"15083","Mississippi","45_64",765806,NA,2011,"MS"
"15084","Mississippi","65plus",387023,NA,2011,"MS"
"15085","Mississippi","under18",751941,NA,2011,"MS"
"15086","Mississippi","18_29",507711,NA,2012,"MS"
"15087","Mississippi","30_44",567157,NA,2012,"MS"
"15088","Mississippi","45_64",759665,NA,2012,"MS"
"15089","Mississippi","65plus",402724,NA,2012,"MS"
"15090","Mississippi","under18",747669,NA,2012,"MS"
"15091","Mississippi","18_29",505620,NA,2013,"MS"
"15092","Mississippi","30_44",574063,NA,2013,"MS"
"15093","Mississippi","45_64",760019,NA,2013,"MS"
"15094","Mississippi","65plus",414365,NA,2013,"MS"
"15095","Mississippi","under18",737140,NA,2013,"MS"
"15096","Mississippi","18_29",505658,NA,2014,"MS"
"15097","Mississippi","30_44",574887,NA,2014,"MS"
"15098","Mississippi","45_64",753668,NA,2014,"MS"
"15099","Mississippi","65plus",427313,NA,2014,"MS"
"15100","Mississippi","under18",732553,NA,2014,"MS"
"15101","Mississippi","18_29",503404,NA,2015,"MS"
"15102","Mississippi","30_44",567993,NA,2015,"MS"
"15103","Mississippi","45_64",751968,NA,2015,"MS"
"15104","Mississippi","65plus",440961,NA,2015,"MS"
"15105","Mississippi","under18",728007,NA,2015,"MS"
"15106","Mississippi","18_29",501342,NA,2016,"MS"
"15107","Mississippi","30_44",560421,NA,2016,"MS"
"15108","Mississippi","45_64",754176,NA,2016,"MS"
"15109","Mississippi","65plus",449634,NA,2016,"MS"
"15110","Mississippi","under18",723153,NA,2016,"MS"
"15111","Mississippi","18_29",498012,NA,2017,"MS"
"15112","Mississippi","30_44",552819,NA,2017,"MS"
"15113","Mississippi","45_64",752997,NA,2017,"MS"
"15114","Mississippi","65plus",465719,NA,2017,"MS"
"15115","Mississippi","under18",714553,NA,2017,"MS"
"15116","Mississippi","18_29",502111,NA,2018,"MS"
"15117","Mississippi","30_44",561137,NA,2018,"MS"
"15118","Mississippi","45_64",743137,NA,2018,"MS"
"15119","Mississippi","65plus",474423,NA,2018,"MS"
"15120","Mississippi","under18",705722,NA,2018,"MS"
"15121","Mississippi","18_29",488160,NA,2019,"MS"
"15122","Mississippi","30_44",557742,NA,2019,"MS"
"15123","Mississippi","45_64",745023,NA,2019,"MS"
"15124","Mississippi","65plus",486804,NA,2019,"MS"
"15125","Mississippi","under18",698420,NA,2019,"MS"
"15126","Mississippi","18_29",466007,NA,2021,"MS"
"15127","Mississippi","30_44",563885,NA,2021,"MS"
"15128","Mississippi","45_64",731243,NA,2021,"MS"
"15129","Mississippi","65plus",496945,NA,2021,"MS"
"15130","Mississippi","under18",691885,NA,2021,"MS"
"15131","Mississippi","18_29",469072,NA,2022,"MS"
"15132","Mississippi","30_44",562990,NA,2022,"MS"
"15133","Mississippi","45_64",718726,NA,2022,"MS"
"15134","Mississippi","65plus",513184,NA,2022,"MS"
"15135","Mississippi","under18",676085,NA,2022,"MS"
"15136","Mississippi","18_29",457904,NA,2023,"MS"
"15137","Mississippi","30_44",566161,NA,2023,"MS"
"15138","Mississippi","45_64",723899,NA,2023,"MS"
"15139","Mississippi","65plus",516492,NA,2023,"MS"
"15140","Mississippi","under18",675234,NA,2023,"MS"
"15141","Mississippi","18_29",465136,NA,2024,"MS"
"15142","Mississippi","30_44",555142,NA,2024,"MS"
"15143","Mississippi","45_64",719423,NA,2024,"MS"
"15144","Mississippi","65plus",531347,NA,2024,"MS"
"15145","Mississippi","under18",671997,NA,2024,"MS"
"15146","Missouri","18_29",989912,NA,2011,"MO"
"15147","Missouri","30_44",1123114,NA,2011,"MO"
"15148","Missouri","45_64",1629363,NA,2011,"MO"
"15149","Missouri","65plus",854604,NA,2011,"MO"
"15150","Missouri","under18",1413695,NA,2011,"MO"
"15151","Missouri","18_29",992207,NA,2012,"MO"
"15152","Missouri","30_44",1124207,NA,2012,"MO"
"15153","Missouri","45_64",1617543,NA,2012,"MO"
"15154","Missouri","65plus",884325,NA,2012,"MO"
"15155","Missouri","under18",1403706,NA,2012,"MO"
"15156","Missouri","18_29",997266,NA,2013,"MO"
"15157","Missouri","30_44",1120933,NA,2013,"MO"
"15158","Missouri","45_64",1618539,NA,2013,"MO"
"15159","Missouri","65plus",908358,NA,2013,"MO"
"15160","Missouri","under18",1399075,NA,2013,"MO"
"15161","Missouri","18_29",989049,NA,2014,"MO"
"15162","Missouri","30_44",1134422,NA,2014,"MO"
"15163","Missouri","45_64",1615726,NA,2014,"MO"
"15164","Missouri","65plus",931890,NA,2014,"MO"
"15165","Missouri","under18",1392502,NA,2014,"MO"
"15166","Missouri","18_29",992536,NA,2015,"MO"
"15167","Missouri","30_44",1131311,NA,2015,"MO"
"15168","Missouri","45_64",1616311,NA,2015,"MO"
"15169","Missouri","65plus",950948,NA,2015,"MO"
"15170","Missouri","under18",1392566,NA,2015,"MO"
"15171","Missouri","18_29",990913,NA,2016,"MO"
"15172","Missouri","30_44",1127841,NA,2016,"MO"
"15173","Missouri","45_64",1607203,NA,2016,"MO"
"15174","Missouri","65plus",976979,NA,2016,"MO"
"15175","Missouri","under18",1390064,NA,2016,"MO"
"15176","Missouri","18_29",993666,NA,2017,"MO"
"15177","Missouri","30_44",1125556,NA,2017,"MO"
"15178","Missouri","45_64",1596380,NA,2017,"MO"
"15179","Missouri","65plus",1010269,NA,2017,"MO"
"15180","Missouri","under18",1387661,NA,2017,"MO"
"15181","Missouri","18_29",988060,NA,2018,"MO"
"15182","Missouri","30_44",1139354,NA,2018,"MO"
"15183","Missouri","45_64",1586238,NA,2018,"MO"
"15184","Missouri","65plus",1035074,NA,2018,"MO"
"15185","Missouri","under18",1377726,NA,2018,"MO"
"15186","Missouri","18_29",979983,NA,2019,"MO"
"15187","Missouri","30_44",1159019,NA,2019,"MO"
"15188","Missouri","45_64",1567788,NA,2019,"MO"
"15189","Missouri","65plus",1057943,NA,2019,"MO"
"15190","Missouri","under18",1372695,NA,2019,"MO"
"15191","Missouri","18_29",951295,NA,2021,"MO"
"15192","Missouri","30_44",1203663,NA,2021,"MO"
"15193","Missouri","45_64",1544924,NA,2021,"MO"
"15194","Missouri","65plus",1084768,NA,2021,"MO"
"15195","Missouri","under18",1383537,NA,2021,"MO"
"15196","Missouri","18_29",978036,NA,2022,"MO"
"15197","Missouri","30_44",1204632,NA,2022,"MO"
"15198","Missouri","45_64",1519362,NA,2022,"MO"
"15199","Missouri","65plus",1113136,NA,2022,"MO"
"15200","Missouri","under18",1362791,NA,2022,"MO"
"15201","Missouri","18_29",960468,NA,2023,"MO"
"15202","Missouri","30_44",1215606,NA,2023,"MO"
"15203","Missouri","45_64",1510246,NA,2023,"MO"
"15204","Missouri","65plus",1138497,NA,2023,"MO"
"15205","Missouri","under18",1371339,NA,2023,"MO"
"15206","Missouri","18_29",974798,NA,2024,"MO"
"15207","Missouri","30_44",1236001,NA,2024,"MO"
"15208","Missouri","45_64",1498665,NA,2024,"MO"
"15209","Missouri","65plus",1169201,NA,2024,"MO"
"15210","Missouri","under18",1366801,NA,2024,"MO"
"15211","Montana","18_29",161783,NA,2011,"MT"
"15212","Montana","30_44",172366,NA,2011,"MT"
"15213","Montana","45_64",290003,NA,2011,"MT"
"15214","Montana","65plus",150976,NA,2011,"MT"
"15215","Montana","under18",223071,NA,2011,"MT"
"15216","Montana","18_29",160632,NA,2012,"MT"
"15217","Montana","30_44",176143,NA,2012,"MT"
"15218","Montana","45_64",289641,NA,2012,"MT"
"15219","Montana","65plus",158585,NA,2012,"MT"
"15220","Montana","under18",220140,NA,2012,"MT"
"15221","Montana","18_29",165131,NA,2013,"MT"
"15222","Montana","30_44",178113,NA,2013,"MT"
"15223","Montana","45_64",282745,NA,2013,"MT"
"15224","Montana","65plus",165080,NA,2013,"MT"
"15225","Montana","under18",224096,NA,2013,"MT"
"15226","Montana","18_29",165035,NA,2014,"MT"
"15227","Montana","30_44",181386,NA,2014,"MT"
"15228","Montana","45_64",282383,NA,2014,"MT"
"15229","Montana","65plus",170153,NA,2014,"MT"
"15230","Montana","under18",224622,NA,2014,"MT"
"15231","Montana","18_29",163293,NA,2015,"MT"
"15232","Montana","30_44",184390,NA,2015,"MT"
"15233","Montana","45_64",280108,NA,2015,"MT"
"15234","Montana","65plus",178931,NA,2015,"MT"
"15235","Montana","under18",226227,NA,2015,"MT"
"15236","Montana","18_29",163651,NA,2016,"MT"
"15237","Montana","30_44",184683,NA,2016,"MT"
"15238","Montana","45_64",281631,NA,2016,"MT"
"15239","Montana","65plus",183881,NA,2016,"MT"
"15240","Montana","under18",228674,NA,2016,"MT"
"15241","Montana","18_29",164205,NA,2017,"MT"
"15242","Montana","30_44",190428,NA,2017,"MT"
"15243","Montana","45_64",275749,NA,2017,"MT"
"15244","Montana","65plus",190216,NA,2017,"MT"
"15245","Montana","under18",229895,NA,2017,"MT"
"15246","Montana","18_29",165233,NA,2018,"MT"
"15247","Montana","30_44",193985,NA,2018,"MT"
"15248","Montana","45_64",272883,NA,2018,"MT"
"15249","Montana","65plus",200239,NA,2018,"MT"
"15250","Montana","under18",229965,NA,2018,"MT"
"15251","Montana","18_29",168867,NA,2019,"MT"
"15252","Montana","30_44",197028,NA,2019,"MT"
"15253","Montana","45_64",268450,NA,2019,"MT"
"15254","Montana","65plus",207909,NA,2019,"MT"
"15255","Montana","under18",226524,NA,2019,"MT"
"15256","Montana","18_29",170069,NA,2021,"MT"
"15257","Montana","30_44",212952,NA,2021,"MT"
"15258","Montana","45_64",269105,NA,2021,"MT"
"15259","Montana","65plus",217298,NA,2021,"MT"
"15260","Montana","under18",234847,NA,2021,"MT"
"15261","Montana","18_29",175743,NA,2022,"MT"
"15262","Montana","30_44",219885,NA,2022,"MT"
"15263","Montana","45_64",266921,NA,2022,"MT"
"15264","Montana","65plus",226136,NA,2022,"MT"
"15265","Montana","under18",234182,NA,2022,"MT"
"15266","Montana","18_29",170738,NA,2023,"MT"
"15267","Montana","30_44",226011,NA,2023,"MT"
"15268","Montana","45_64",268551,NA,2023,"MT"
"15269","Montana","65plus",231950,NA,2023,"MT"
"15270","Montana","under18",235562,NA,2023,"MT"
"15271","Montana","18_29",172905,NA,2024,"MT"
"15272","Montana","30_44",224311,NA,2024,"MT"
"15273","Montana","45_64",268579,NA,2024,"MT"
"15274","Montana","65plus",241423,NA,2024,"MT"
"15275","Montana","under18",230015,NA,2024,"MT"
"15276","Nebraska","18_29",313154,NA,2011,"NE"
"15277","Nebraska","30_44",339364,NA,2011,"NE"
"15278","Nebraska","45_64",479700,NA,2011,"NE"
"15279","Nebraska","65plus",249797,NA,2011,"NE"
"15280","Nebraska","under18",460626,NA,2011,"NE"
"15281","Nebraska","18_29",311742,NA,2012,"NE"
"15282","Nebraska","30_44",346331,NA,2012,"NE"
"15283","Nebraska","45_64",477678,NA,2012,"NE"
"15284","Nebraska","65plus",256972,NA,2012,"NE"
"15285","Nebraska","under18",462802,NA,2012,"NE"
"15286","Nebraska","18_29",313653,NA,2013,"NE"
"15287","Nebraska","30_44",351213,NA,2013,"NE"
"15288","Nebraska","45_64",475270,NA,2013,"NE"
"15289","Nebraska","65plus",264628,NA,2013,"NE"
"15290","Nebraska","under18",463752,NA,2013,"NE"
"15291","Nebraska","18_29",312655,NA,2014,"NE"
"15292","Nebraska","30_44",358346,NA,2014,"NE"
"15293","Nebraska","45_64",471948,NA,2014,"NE"
"15294","Nebraska","65plus",270677,NA,2014,"NE"
"15295","Nebraska","under18",467877,NA,2014,"NE"
"15296","Nebraska","18_29",313189,NA,2015,"NE"
"15297","Nebraska","30_44",364886,NA,2015,"NE"
"15298","Nebraska","45_64",468794,NA,2015,"NE"
"15299","Nebraska","65plus",278691,NA,2015,"NE"
"15300","Nebraska","under18",470630,NA,2015,"NE"
"15301","Nebraska","18_29",313170,NA,2016,"NE"
"15302","Nebraska","30_44",364706,NA,2016,"NE"
"15303","Nebraska","45_64",469865,NA,2016,"NE"
"15304","Nebraska","65plus",285290,NA,2016,"NE"
"15305","Nebraska","under18",474085,NA,2016,"NE"
"15306","Nebraska","18_29",316032,NA,2017,"NE"
"15307","Nebraska","30_44",365221,NA,2017,"NE"
"15308","Nebraska","45_64",469321,NA,2017,"NE"
"15309","Nebraska","65plus",294905,NA,2017,"NE"
"15310","Nebraska","under18",474597,NA,2017,"NE"
"15311","Nebraska","18_29",316106,NA,2018,"NE"
"15312","Nebraska","30_44",373487,NA,2018,"NE"
"15313","Nebraska","45_64",460791,NA,2018,"NE"
"15314","Nebraska","65plus",303998,NA,2018,"NE"
"15315","Nebraska","under18",474886,NA,2018,"NE"
"15316","Nebraska","18_29",318276,NA,2019,"NE"
"15317","Nebraska","30_44",370249,NA,2019,"NE"
"15318","Nebraska","45_64",458492,NA,2019,"NE"
"15319","Nebraska","65plus",312295,NA,2019,"NE"
"15320","Nebraska","under18",475096,NA,2019,"NE"
"15321","Nebraska","18_29",317362,NA,2021,"NE"
"15322","Nebraska","30_44",382697,NA,2021,"NE"
"15323","Nebraska","45_64",458598,NA,2021,"NE"
"15324","Nebraska","65plus",322833,NA,2021,"NE"
"15325","Nebraska","under18",482202,NA,2021,"NE"
"15326","Nebraska","18_29",319948,NA,2022,"NE"
"15327","Nebraska","30_44",388075,NA,2022,"NE"
"15328","Nebraska","45_64",450306,NA,2022,"NE"
"15329","Nebraska","65plus",334897,NA,2022,"NE"
"15330","Nebraska","under18",474697,NA,2022,"NE"
"15331","Nebraska","18_29",318188,NA,2023,"NE"
"15332","Nebraska","30_44",390679,NA,2023,"NE"
"15333","Nebraska","45_64",449993,NA,2023,"NE"
"15334","Nebraska","65plus",340925,NA,2023,"NE"
"15335","Nebraska","under18",478594,NA,2023,"NE"
"15336","Nebraska","18_29",327887,NA,2024,"NE"
"15337","Nebraska","30_44",397816,NA,2024,"NE"
"15338","Nebraska","45_64",452062,NA,2024,"NE"
"15339","Nebraska","65plus",348052,NA,2024,"NE"
"15340","Nebraska","under18",479649,NA,2024,"NE"
"15341","Nevada","18_29",444655,NA,2011,"NV"
"15342","Nevada","30_44",573283,NA,2011,"NV"
"15343","Nevada","45_64",702641,NA,2011,"NV"
"15344","Nevada","65plus",339640,NA,2011,"NV"
"15345","Nevada","under18",663103,NA,2011,"NV"
"15346","Nevada","18_29",450505,NA,2012,"NV"
"15347","Nevada","30_44",577905,NA,2012,"NV"
"15348","Nevada","45_64",706613,NA,2012,"NV"
"15349","Nevada","65plus",359486,NA,2012,"NV"
"15350","Nevada","under18",664422,NA,2012,"NV"
"15351","Nevada","18_29",452795,NA,2013,"NV"
"15352","Nevada","30_44",579947,NA,2013,"NV"
"15353","Nevada","45_64",714915,NA,2013,"NV"
"15354","Nevada","65plus",380832,NA,2013,"NV"
"15355","Nevada","under18",661647,NA,2013,"NV"
"15356","Nevada","18_29",461371,NA,2014,"NV"
"15357","Nevada","30_44",584793,NA,2014,"NV"
"15358","Nevada","45_64",729890,NA,2014,"NV"
"15359","Nevada","65plus",400514,NA,2014,"NV"
"15360","Nevada","under18",662531,NA,2014,"NV"
"15361","Nevada","18_29",463928,NA,2015,"NV"
"15362","Nevada","30_44",590227,NA,2015,"NV"
"15363","Nevada","45_64",746023,NA,2015,"NV"
"15364","Nevada","65plus",422112,NA,2015,"NV"
"15365","Nevada","under18",668555,NA,2015,"NV"
"15366","Nevada","18_29",467351,NA,2016,"NV"
"15367","Nevada","30_44",599273,NA,2016,"NV"
"15368","Nevada","45_64",754171,NA,2016,"NV"
"15369","Nevada","65plus",441761,NA,2016,"NV"
"15370","Nevada","under18",677502,NA,2016,"NV"
"15371","Nevada","18_29",472483,NA,2017,"NV"
"15372","Nevada","30_44",614485,NA,2017,"NV"
"15373","Nevada","45_64",768435,NA,2017,"NV"
"15374","Nevada","65plus",458679,NA,2017,"NV"
"15375","Nevada","under18",683957,NA,2017,"NV"
"15376","Nevada","18_29",474584,NA,2018,"NV"
"15377","Nevada","30_44",621855,NA,2018,"NV"
"15378","Nevada","45_64",773613,NA,2018,"NV"
"15379","Nevada","65plus",475120,NA,2018,"NV"
"15380","Nevada","under18",689220,NA,2018,"NV"
"15381","Nevada","18_29",477335,NA,2019,"NV"
"15382","Nevada","30_44",634994,NA,2019,"NV"
"15383","Nevada","45_64",778871,NA,2019,"NV"
"15384","Nevada","65plus",498219,NA,2019,"NV"
"15385","Nevada","under18",690737,NA,2019,"NV"
"15386","Nevada","18_29",471124,NA,2021,"NV"
"15387","Nevada","30_44",668004,NA,2021,"NV"
"15388","Nevada","45_64",787676,NA,2021,"NV"
"15389","Nevada","65plus",519568,NA,2021,"NV"
"15390","Nevada","under18",697619,NA,2021,"NV"
"15391","Nevada","18_29",482301,NA,2022,"NV"
"15392","Nevada","30_44",679182,NA,2022,"NV"
"15393","Nevada","45_64",788145,NA,2022,"NV"
"15394","Nevada","65plus",538491,NA,2022,"NV"
"15395","Nevada","under18",689653,NA,2022,"NV"
"15396","Nevada","18_29",471410,NA,2023,"NV"
"15397","Nevada","30_44",687324,NA,2023,"NV"
"15398","Nevada","45_64",796067,NA,2023,"NV"
"15399","Nevada","65plus",554859,NA,2023,"NV"
"15400","Nevada","under18",684516,NA,2023,"NV"
"15401","Nevada","18_29",484207,NA,2024,"NV"
"15402","Nevada","30_44",712430,NA,2024,"NV"
"15403","Nevada","45_64",807774,NA,2024,"NV"
"15404","Nevada","65plus",575351,NA,2024,"NV"
"15405","Nevada","under18",687705,NA,2024,"NV"
"15406","New Hampshire","18_29",197726,NA,2011,"NH"
"15407","New Hampshire","30_44",247074,NA,2011,"NH"
"15408","New Hampshire","45_64",409135,NA,2011,"NH"
"15409","New Hampshire","65plus",184590,NA,2011,"NH"
"15410","New Hampshire","under18",279669,NA,2011,"NH"
"15411","New Hampshire","18_29",201771,NA,2012,"NH"
"15412","New Hampshire","30_44",240980,NA,2012,"NH"
"15413","New Hampshire","45_64",408848,NA,2012,"NH"
"15414","New Hampshire","65plus",194097,NA,2012,"NH"
"15415","New Hampshire","under18",275022,NA,2012,"NH"
"15416","New Hampshire","18_29",203753,NA,2013,"NH"
"15417","New Hampshire","30_44",236414,NA,2013,"NH"
"15418","New Hampshire","45_64",409157,NA,2013,"NH"
"15419","New Hampshire","65plus",202960,NA,2013,"NH"
"15420","New Hampshire","under18",271175,NA,2013,"NH"
"15421","New Hampshire","18_29",206483,NA,2014,"NH"
"15422","New Hampshire","30_44",235908,NA,2014,"NH"
"15423","New Hampshire","45_64",407689,NA,2014,"NH"
"15424","New Hampshire","65plus",209447,NA,2014,"NH"
"15425","New Hampshire","under18",267286,NA,2014,"NH"
"15426","New Hampshire","18_29",208026,NA,2015,"NH"
"15427","New Hampshire","30_44",233766,NA,2015,"NH"
"15428","New Hampshire","45_64",407128,NA,2015,"NH"
"15429","New Hampshire","65plus",218357,NA,2015,"NH"
"15430","New Hampshire","under18",263331,NA,2015,"NH"
"15431","New Hampshire","18_29",208592,NA,2016,"NH"
"15432","New Hampshire","30_44",231858,NA,2016,"NH"
"15433","New Hampshire","45_64",407572,NA,2016,"NH"
"15434","New Hampshire","65plus",226932,NA,2016,"NH"
"15435","New Hampshire","under18",259841,NA,2016,"NH"
"15436","New Hampshire","18_29",208818,NA,2017,"NH"
"15437","New Hampshire","30_44",233341,NA,2017,"NH"
"15438","New Hampshire","45_64",406120,NA,2017,"NH"
"15439","New Hampshire","65plus",236321,NA,2017,"NH"
"15440","New Hampshire","under18",258195,NA,2017,"NH"
"15441","New Hampshire","18_29",213064,NA,2018,"NH"
"15442","New Hampshire","30_44",237305,NA,2018,"NH"
"15443","New Hampshire","45_64",402805,NA,2018,"NH"
"15444","New Hampshire","65plus",245156,NA,2018,"NH"
"15445","New Hampshire","under18",258128,NA,2018,"NH"
"15446","New Hampshire","18_29",209879,NA,2019,"NH"
"15447","New Hampshire","30_44",243777,NA,2019,"NH"
"15448","New Hampshire","45_64",396888,NA,2019,"NH"
"15449","New Hampshire","65plus",253147,NA,2019,"NH"
"15450","New Hampshire","under18",256020,NA,2019,"NH"
"15451","New Hampshire","18_29",211688,NA,2021,"NH"
"15452","New Hampshire","30_44",257512,NA,2021,"NH"
"15453","New Hampshire","45_64",395797,NA,2021,"NH"
"15454","New Hampshire","65plus",267741,NA,2021,"NH"
"15455","New Hampshire","under18",256254,NA,2021,"NH"
"15456","New Hampshire","18_29",205635,NA,2022,"NH"
"15457","New Hampshire","30_44",267175,NA,2022,"NH"
"15458","New Hampshire","45_64",388745,NA,2022,"NH"
"15459","New Hampshire","65plus",281983,NA,2022,"NH"
"15460","New Hampshire","under18",251693,NA,2022,"NH"
"15461","New Hampshire","18_29",204140,NA,2023,"NH"
"15462","New Hampshire","30_44",272195,NA,2023,"NH"
"15463","New Hampshire","45_64",385046,NA,2023,"NH"
"15464","New Hampshire","65plus",289958,NA,2023,"NH"
"15465","New Hampshire","under18",250715,NA,2023,"NH"
"15466","New Hampshire","18_29",204143,NA,2024,"NH"
"15467","New Hampshire","30_44",275552,NA,2024,"NH"
"15468","New Hampshire","45_64",377936,NA,2024,"NH"
"15469","New Hampshire","65plus",303232,NA,2024,"NH"
"15470","New Hampshire","under18",248169,NA,2024,"NH"
"15471","New Jersey","18_29",1330850,NA,2011,"NJ"
"15472","New Jersey","30_44",1782360,NA,2011,"NJ"
"15473","New Jersey","45_64",2458742,NA,2011,"NJ"
"15474","New Jersey","65plus",1206778,NA,2011,"NJ"
"15475","New Jersey","under18",2042425,NA,2011,"NJ"
"15476","New Jersey","18_29",1346783,NA,2012,"NJ"
"15477","New Jersey","30_44",1768848,NA,2012,"NJ"
"15478","New Jersey","45_64",2471907,NA,2012,"NJ"
"15479","New Jersey","65plus",1250314,NA,2012,"NJ"
"15480","New Jersey","under18",2026738,NA,2012,"NJ"
"15481","New Jersey","18_29",1357214,NA,2013,"NJ"
"15482","New Jersey","30_44",1757130,NA,2013,"NJ"
"15483","New Jersey","45_64",2478691,NA,2013,"NJ"
"15484","New Jersey","65plus",1284407,NA,2013,"NJ"
"15485","New Jersey","under18",2021897,NA,2013,"NJ"
"15486","New Jersey","18_29",1366609,NA,2014,"NJ"
"15487","New Jersey","30_44",1756042,NA,2014,"NJ"
"15488","New Jersey","45_64",2491202,NA,2014,"NJ"
"15489","New Jersey","65plus",1312125,NA,2014,"NJ"
"15490","New Jersey","under18",2012197,NA,2014,"NJ"
"15491","New Jersey","18_29",1365364,NA,2015,"NJ"
"15492","New Jersey","30_44",1748277,NA,2015,"NJ"
"15493","New Jersey","45_64",2502556,NA,2015,"NJ"
"15494","New Jersey","65plus",1342951,NA,2015,"NJ"
"15495","New Jersey","under18",1998865,NA,2015,"NJ"
"15496","New Jersey","18_29",1365229,NA,2016,"NJ"
"15497","New Jersey","30_44",1732079,NA,2016,"NJ"
"15498","New Jersey","45_64",2490567,NA,2016,"NJ"
"15499","New Jersey","65plus",1372155,NA,2016,"NJ"
"15500","New Jersey","under18",1984439,NA,2016,"NJ"
"15501","New Jersey","18_29",1374244,NA,2017,"NJ"
"15502","New Jersey","30_44",1740251,NA,2017,"NJ"
"15503","New Jersey","45_64",2495881,NA,2017,"NJ"
"15504","New Jersey","65plus",1416472,NA,2017,"NJ"
"15505","New Jersey","under18",1978796,NA,2017,"NJ"
"15506","New Jersey","18_29",1347918,NA,2018,"NJ"
"15507","New Jersey","30_44",1719038,NA,2018,"NJ"
"15508","New Jersey","45_64",2452270,NA,2018,"NJ"
"15509","New Jersey","65plus",1438289,NA,2018,"NJ"
"15510","New Jersey","under18",1951005,NA,2018,"NJ"
"15511","New Jersey","18_29",1329886,NA,2019,"NJ"
"15512","New Jersey","30_44",1715613,NA,2019,"NJ"
"15513","New Jersey","45_64",2423592,NA,2019,"NJ"
"15514","New Jersey","65plus",1475075,NA,2019,"NJ"
"15515","New Jersey","under18",1938024,NA,2019,"NJ"
"15516","New Jersey","18_29",1351297,NA,2021,"NJ"
"15517","New Jersey","30_44",1829354,NA,2021,"NJ"
"15518","New Jersey","45_64",2501982,NA,2021,"NJ"
"15519","New Jersey","65plus",1563621,NA,2021,"NJ"
"15520","New Jersey","under18",2020876,NA,2021,"NJ"
"15521","New Jersey","18_29",1364378,NA,2022,"NJ"
"15522","New Jersey","30_44",1842462,NA,2022,"NJ"
"15523","New Jersey","45_64",2452956,NA,2022,"NJ"
"15524","New Jersey","65plus",1611726,NA,2022,"NJ"
"15525","New Jersey","under18",1990177,NA,2022,"NJ"
"15526","New Jersey","18_29",1338131,NA,2023,"NJ"
"15527","New Jersey","30_44",1853758,NA,2023,"NJ"
"15528","New Jersey","45_64",2443010,NA,2023,"NJ"
"15529","New Jersey","65plus",1646777,NA,2023,"NJ"
"15530","New Jersey","under18",2009165,NA,2023,"NJ"
"15531","New Jersey","18_29",1391463,NA,2024,"NJ"
"15532","New Jersey","30_44",1923157,NA,2024,"NJ"
"15533","New Jersey","45_64",2435991,NA,2024,"NJ"
"15534","New Jersey","65plus",1706665,NA,2024,"NJ"
"15535","New Jersey","under18",2043575,NA,2024,"NJ"
"15536","New Mexico","18_29",350848,NA,2011,"NM"
"15537","New Mexico","30_44",379132,NA,2011,"NM"
"15538","New Mexico","45_64",551434,NA,2011,"NM"
"15539","New Mexico","65plus",283057,NA,2011,"NM"
"15540","New Mexico","under18",517753,NA,2011,"NM"
"15541","New Mexico","18_29",352708,NA,2012,"NM"
"15542","New Mexico","30_44",379649,NA,2012,"NM"
"15543","New Mexico","45_64",543075,NA,2012,"NM"
"15544","New Mexico","65plus",294258,NA,2012,"NM"
"15545","New Mexico","under18",515848,NA,2012,"NM"
"15546","New Mexico","18_29",350817,NA,2013,"NM"
"15547","New Mexico","30_44",383758,NA,2013,"NM"
"15548","New Mexico","45_64",535471,NA,2013,"NM"
"15549","New Mexico","65plus",307157,NA,2013,"NM"
"15550","New Mexico","under18",508084,NA,2013,"NM"
"15551","New Mexico","18_29",349867,NA,2014,"NM"
"15552","New Mexico","30_44",383621,NA,2014,"NM"
"15553","New Mexico","45_64",533920,NA,2014,"NM"
"15554","New Mexico","65plus",318086,NA,2014,"NM"
"15555","New Mexico","under18",500078,NA,2014,"NM"
"15556","New Mexico","18_29",344924,NA,2015,"NM"
"15557","New Mexico","30_44",382319,NA,2015,"NM"
"15558","New Mexico","45_64",527856,NA,2015,"NM"
"15559","New Mexico","65plus",330594,NA,2015,"NM"
"15560","New Mexico","under18",499416,NA,2015,"NM"
"15561","New Mexico","18_29",342323,NA,2016,"NM"
"15562","New Mexico","30_44",384129,NA,2016,"NM"
"15563","New Mexico","45_64",522988,NA,2016,"NM"
"15564","New Mexico","65plus",342061,NA,2016,"NM"
"15565","New Mexico","under18",489514,NA,2016,"NM"
"15566","New Mexico","18_29",343964,NA,2017,"NM"
"15567","New Mexico","30_44",387116,NA,2017,"NM"
"15568","New Mexico","45_64",517339,NA,2017,"NM"
"15569","New Mexico","65plus",349929,NA,2017,"NM"
"15570","New Mexico","under18",489722,NA,2017,"NM"
"15571","New Mexico","18_29",338861,NA,2018,"NM"
"15572","New Mexico","30_44",395263,NA,2018,"NM"
"15573","New Mexico","45_64",512587,NA,2018,"NM"
"15574","New Mexico","65plus",368480,NA,2018,"NM"
"15575","New Mexico","under18",480237,NA,2018,"NM"
"15576","New Mexico","18_29",340008,NA,2019,"NM"
"15577","New Mexico","30_44",397457,NA,2019,"NM"
"15578","New Mexico","45_64",507784,NA,2019,"NM"
"15579","New Mexico","65plus",377730,NA,2019,"NM"
"15580","New Mexico","under18",473850,NA,2019,"NM"
"15581","New Mexico","18_29",332800,NA,2021,"NM"
"15582","New Mexico","30_44",414156,NA,2021,"NM"
"15583","New Mexico","45_64",505316,NA,2021,"NM"
"15584","New Mexico","65plus",391797,NA,2021,"NM"
"15585","New Mexico","under18",471808,NA,2021,"NM"
"15586","New Mexico","18_29",337625,NA,2022,"NM"
"15587","New Mexico","30_44",416823,NA,2022,"NM"
"15588","New Mexico","45_64",498637,NA,2022,"NM"
"15589","New Mexico","65plus",404784,NA,2022,"NM"
"15590","New Mexico","under18",455475,NA,2022,"NM"
"15591","New Mexico","18_29",328560,NA,2023,"NM"
"15592","New Mexico","30_44",419106,NA,2023,"NM"
"15593","New Mexico","45_64",496375,NA,2023,"NM"
"15594","New Mexico","65plus",421772,NA,2023,"NM"
"15595","New Mexico","under18",448558,NA,2023,"NM"
"15596","New Mexico","18_29",332930,NA,2024,"NM"
"15597","New Mexico","30_44",430324,NA,2024,"NM"
"15598","New Mexico","45_64",493932,NA,2024,"NM"
"15599","New Mexico","65plus",429233,NA,2024,"NM"
"15600","New Mexico","under18",443837,NA,2024,"NM"
"15601","New York","18_29",3388461,NA,2011,"NY"
"15602","New York","30_44",3875115,NA,2011,"NY"
"15603","New York","45_64",5257079,NA,2011,"NY"
"15604","New York","65plus",2664920,NA,2011,"NY"
"15605","New York","under18",4279622,NA,2011,"NY"
"15606","New York","18_29",3420559,NA,2012,"NY"
"15607","New York","30_44",3871260,NA,2012,"NY"
"15608","New York","45_64",5257971,NA,2012,"NY"
"15609","New York","65plus",2759461,NA,2012,"NY"
"15610","New York","under18",4261010,NA,2012,"NY"
"15611","New York","18_29",3433386,NA,2013,"NY"
"15612","New York","30_44",3872526,NA,2013,"NY"
"15613","New York","45_64",5276110,NA,2013,"NY"
"15614","New York","65plus",2829843,NA,2013,"NY"
"15615","New York","under18",4239262,NA,2013,"NY"
"15616","New York","18_29",3455913,NA,2014,"NY"
"15617","New York","30_44",3879003,NA,2014,"NY"
"15618","New York","45_64",5290358,NA,2014,"NY"
"15619","New York","65plus",2895680,NA,2014,"NY"
"15620","New York","under18",4225273,NA,2014,"NY"
"15621","New York","18_29",3435232,NA,2015,"NY"
"15622","New York","30_44",3880271,NA,2015,"NY"
"15623","New York","45_64",5304674,NA,2015,"NY"
"15624","New York","65plus",2962447,NA,2015,"NY"
"15625","New York","under18",4213167,NA,2015,"NY"
"15626","New York","18_29",3413623,NA,2016,"NY"
"15627","New York","30_44",3845760,NA,2016,"NY"
"15628","New York","45_64",5275739,NA,2016,"NY"
"15629","New York","65plus",3030781,NA,2016,"NY"
"15630","New York","under18",4179386,NA,2016,"NY"
"15631","New York","18_29",3391542,NA,2017,"NY"
"15632","New York","30_44",3878308,NA,2017,"NY"
"15633","New York","45_64",5265003,NA,2017,"NY"
"15634","New York","65plus",3161049,NA,2017,"NY"
"15635","New York","under18",4153497,NA,2017,"NY"
"15636","New York","18_29",3286410,NA,2018,"NY"
"15637","New York","30_44",3825494,NA,2018,"NY"
"15638","New York","45_64",5153555,NA,2018,"NY"
"15639","New York","65plus",3212065,NA,2018,"NY"
"15640","New York","under18",4064685,NA,2018,"NY"
"15641","New York","18_29",3226186,NA,2019,"NY"
"15642","New York","30_44",3836052,NA,2019,"NY"
"15643","New York","45_64",5073259,NA,2019,"NY"
"15644","New York","65plus",3295968,NA,2019,"NY"
"15645","New York","under18",4022096,NA,2019,"NY"
"15646","New York","18_29",3112973,NA,2021,"NY"
"15647","New York","30_44",3983092,NA,2021,"NY"
"15648","New York","45_64",5158945,NA,2021,"NY"
"15649","New York","65plus",3477337,NA,2021,"NY"
"15650","New York","under18",4103566,NA,2021,"NY"
"15651","New York","18_29",3153040,NA,2022,"NY"
"15652","New York","30_44",3949676,NA,2022,"NY"
"15653","New York","45_64",5028601,NA,2022,"NY"
"15654","New York","65plus",3564596,NA,2022,"NY"
"15655","New York","under18",3981238,NA,2022,"NY"
"15656","New York","18_29",3065907,NA,2023,"NY"
"15657","New York","30_44",3956220,NA,2023,"NY"
"15658","New York","45_64",4962839,NA,2023,"NY"
"15659","New York","65plus",3635501,NA,2023,"NY"
"15660","New York","under18",3950749,NA,2023,"NY"
"15661","New York","18_29",3142143,NA,2024,"NY"
"15662","New York","30_44",4054393,NA,2024,"NY"
"15663","New York","45_64",4941004,NA,2024,"NY"
"15664","New York","65plus",3757173,NA,2024,"NY"
"15665","New York","under18",3972535,NA,2024,"NY"
"15666","North Carolina","18_29",1582341,NA,2011,"NC"
"15667","North Carolina","30_44",1951410,NA,2011,"NC"
"15668","North Carolina","45_64",2557552,NA,2011,"NC"
"15669","North Carolina","65plus",1275956,NA,2011,"NC"
"15670","North Carolina","under18",2289142,NA,2011,"NC"
"15671","North Carolina","18_29",1601535,NA,2012,"NC"
"15672","North Carolina","30_44",1959267,NA,2012,"NC"
"15673","North Carolina","45_64",2560569,NA,2012,"NC"
"15674","North Carolina","65plus",1346700,NA,2012,"NC"
"15675","North Carolina","under18",2284002,NA,2012,"NC"
"15676","North Carolina","18_29",1625114,NA,2013,"NC"
"15677","North Carolina","30_44",1960398,NA,2013,"NC"
"15678","North Carolina","45_64",2573662,NA,2013,"NC"
"15679","North Carolina","65plus",1404718,NA,2013,"NC"
"15680","North Carolina","under18",2284168,NA,2013,"NC"
"15681","North Carolina","18_29",1634558,NA,2014,"NC"
"15682","North Carolina","30_44",1956817,NA,2014,"NC"
"15683","North Carolina","45_64",2600872,NA,2014,"NC"
"15684","North Carolina","65plus",1461149,NA,2014,"NC"
"15685","North Carolina","under18",2290568,NA,2014,"NC"
"15686","North Carolina","18_29",1656798,NA,2015,"NC"
"15687","North Carolina","30_44",1946326,NA,2015,"NC"
"15688","North Carolina","45_64",2636083,NA,2015,"NC"
"15689","North Carolina","65plus",1515545,NA,2015,"NC"
"15690","North Carolina","under18",2288050,NA,2015,"NC"
"15691","North Carolina","18_29",1654230,NA,2016,"NC"
"15692","North Carolina","30_44",1944035,NA,2016,"NC"
"15693","North Carolina","45_64",2683038,NA,2016,"NC"
"15694","North Carolina","65plus",1568591,NA,2016,"NC"
"15695","North Carolina","under18",2296894,NA,2016,"NC"
"15696","North Carolina","18_29",1682805,NA,2017,"NC"
"15697","North Carolina","30_44",1955665,NA,2017,"NC"
"15698","North Carolina","45_64",2703761,NA,2017,"NC"
"15699","North Carolina","65plus",1629998,NA,2017,"NC"
"15700","North Carolina","under18",2301190,NA,2017,"NC"
"15701","North Carolina","18_29",1706115,NA,2018,"NC"
"15702","North Carolina","30_44",1971217,NA,2018,"NC"
"15703","North Carolina","45_64",2720856,NA,2018,"NC"
"15704","North Carolina","65plus",1688574,NA,2018,"NC"
"15705","North Carolina","under18",2296858,NA,2018,"NC"
"15706","North Carolina","18_29",1722061,NA,2019,"NC"
"15707","North Carolina","30_44",1999298,NA,2019,"NC"
"15708","North Carolina","45_64",2721818,NA,2019,"NC"
"15709","North Carolina","65plus",1750935,NA,2019,"NC"
"15710","North Carolina","under18",2293972,NA,2019,"NC"
"15711","North Carolina","18_29",1679871,NA,2021,"NC"
"15712","North Carolina","30_44",2053514,NA,2021,"NC"
"15713","North Carolina","45_64",2721662,NA,2021,"NC"
"15714","North Carolina","65plus",1796369,NA,2021,"NC"
"15715","North Carolina","under18",2299746,NA,2021,"NC"
"15716","North Carolina","18_29",1728600,NA,2022,"NC"
"15717","North Carolina","30_44",2102438,NA,2022,"NC"
"15718","North Carolina","45_64",2708393,NA,2022,"NC"
"15719","North Carolina","65plus",1866614,NA,2022,"NC"
"15720","North Carolina","under18",2292928,NA,2022,"NC"
"15721","North Carolina","18_29",1725998,NA,2023,"NC"
"15722","North Carolina","30_44",2148119,NA,2023,"NC"
"15723","North Carolina","45_64",2723519,NA,2023,"NC"
"15724","North Carolina","65plus",1915356,NA,2023,"NC"
"15725","North Carolina","under18",2322499,NA,2023,"NC"
"15726","North Carolina","18_29",1767727,NA,2024,"NC"
"15727","North Carolina","30_44",2219193,NA,2024,"NC"
"15728","North Carolina","45_64",2728898,NA,2024,"NC"
"15729","North Carolina","65plus",1980690,NA,2024,"NC"
"15730","North Carolina","under18",2349516,NA,2024,"NC"
"15731","North Dakota","18_29",134967,NA,2011,"ND"
"15732","North Dakota","30_44",118260,NA,2011,"ND"
"15733","North Dakota","45_64",180971,NA,2011,"ND"
"15734","North Dakota","65plus",98456,NA,2011,"ND"
"15735","North Dakota","under18",151278,NA,2011,"ND"
"15736","North Dakota","18_29",139119,NA,2012,"ND"
"15737","North Dakota","30_44",124843,NA,2012,"ND"
"15738","North Dakota","45_64",180606,NA,2012,"ND"
"15739","North Dakota","65plus",100962,NA,2012,"ND"
"15740","North Dakota","under18",154098,NA,2012,"ND"
"15741","North Dakota","18_29",147839,NA,2013,"ND"
"15742","North Dakota","30_44",130015,NA,2013,"ND"
"15743","North Dakota","45_64",182296,NA,2013,"ND"
"15744","North Dakota","65plus",102550,NA,2013,"ND"
"15745","North Dakota","under18",160693,NA,2013,"ND"
"15746","North Dakota","18_29",149081,NA,2014,"ND"
"15747","North Dakota","30_44",134215,NA,2014,"ND"
"15748","North Dakota","45_64",183981,NA,2014,"ND"
"15749","North Dakota","65plus",104679,NA,2014,"ND"
"15750","North Dakota","under18",167526,NA,2014,"ND"
"15751","North Dakota","18_29",153347,NA,2015,"ND"
"15752","North Dakota","30_44",140890,NA,2015,"ND"
"15753","North Dakota","45_64",184020,NA,2015,"ND"
"15754","North Dakota","65plus",107357,NA,2015,"ND"
"15755","North Dakota","under18",171314,NA,2015,"ND"
"15756","North Dakota","18_29",149751,NA,2016,"ND"
"15757","North Dakota","30_44",140946,NA,2016,"ND"
"15758","North Dakota","45_64",182810,NA,2016,"ND"
"15759","North Dakota","65plus",109851,NA,2016,"ND"
"15760","North Dakota","under18",174595,NA,2016,"ND"
"15761","North Dakota","18_29",145999,NA,2017,"ND"
"15762","North Dakota","30_44",144139,NA,2017,"ND"
"15763","North Dakota","45_64",179450,NA,2017,"ND"
"15764","North Dakota","65plus",112669,NA,2017,"ND"
"15765","North Dakota","under18",173136,NA,2017,"ND"
"15766","North Dakota","18_29",145890,NA,2018,"ND"
"15767","North Dakota","30_44",146300,NA,2018,"ND"
"15768","North Dakota","45_64",176740,NA,2018,"ND"
"15769","North Dakota","65plus",116433,NA,2018,"ND"
"15770","North Dakota","under18",174714,NA,2018,"ND"
"15771","North Dakota","18_29",144917,NA,2019,"ND"
"15772","North Dakota","30_44",149675,NA,2019,"ND"
"15773","North Dakota","45_64",170587,NA,2019,"ND"
"15774","North Dakota","65plus",120177,NA,2019,"ND"
"15775","North Dakota","under18",176706,NA,2019,"ND"
"15776","North Dakota","18_29",140420,NA,2021,"ND"
"15777","North Dakota","30_44",156100,NA,2021,"ND"
"15778","North Dakota","45_64",171999,NA,2021,"ND"
"15779","North Dakota","65plus",123840,NA,2021,"ND"
"15780","North Dakota","under18",182589,NA,2021,"ND"
"15781","North Dakota","18_29",141037,NA,2022,"ND"
"15782","North Dakota","30_44",161684,NA,2022,"ND"
"15783","North Dakota","45_64",165282,NA,2022,"ND"
"15784","North Dakota","65plus",130293,NA,2022,"ND"
"15785","North Dakota","under18",180965,NA,2022,"ND"
"15786","North Dakota","18_29",144127,NA,2023,"ND"
"15787","North Dakota","30_44",161729,NA,2023,"ND"
"15788","North Dakota","45_64",164515,NA,2023,"ND"
"15789","North Dakota","65plus",133955,NA,2023,"ND"
"15790","North Dakota","under18",179600,NA,2023,"ND"
"15791","North Dakota","18_29",144421,NA,2024,"ND"
"15792","North Dakota","30_44",168176,NA,2024,"ND"
"15793","North Dakota","45_64",165649,NA,2024,"ND"
"15794","North Dakota","65plus",140295,NA,2024,"ND"
"15795","North Dakota","under18",178027,NA,2024,"ND"
"15796","Ohio","18_29",1819385,NA,2011,"OH"
"15797","Ohio","30_44",2157489,NA,2011,"OH"
"15798","Ohio","45_64",3227871,NA,2011,"OH"
"15799","Ohio","65plus",1647834,NA,2011,"OH"
"15800","Ohio","under18",2692372,NA,2011,"OH"
"15801","Ohio","18_29",1830328,NA,2012,"OH"
"15802","Ohio","30_44",2142556,NA,2012,"OH"
"15803","Ohio","45_64",3203848,NA,2012,"OH"
"15804","Ohio","65plus",1707568,NA,2012,"OH"
"15805","Ohio","under18",2659925,NA,2012,"OH"
"15806","Ohio","18_29",1847094,NA,2013,"OH"
"15807","Ohio","30_44",2132373,NA,2013,"OH"
"15808","Ohio","45_64",3190592,NA,2013,"OH"
"15809","Ohio","65plus",1751963,NA,2013,"OH"
"15810","Ohio","under18",2648786,NA,2013,"OH"
"15811","Ohio","18_29",1847872,NA,2014,"OH"
"15812","Ohio","30_44",2138567,NA,2014,"OH"
"15813","Ohio","45_64",3175216,NA,2014,"OH"
"15814","Ohio","65plus",1796868,NA,2014,"OH"
"15815","Ohio","under18",2635640,NA,2014,"OH"
"15816","Ohio","18_29",1851152,NA,2015,"OH"
"15817","Ohio","30_44",2123167,NA,2015,"OH"
"15818","Ohio","45_64",3169742,NA,2015,"OH"
"15819","Ohio","65plus",1839554,NA,2015,"OH"
"15820","Ohio","under18",2629808,NA,2015,"OH"
"15821","Ohio","18_29",1858538,NA,2016,"OH"
"15822","Ohio","30_44",2106291,NA,2016,"OH"
"15823","Ohio","45_64",3155659,NA,2016,"OH"
"15824","Ohio","65plus",1884914,NA,2016,"OH"
"15825","Ohio","under18",2608971,NA,2016,"OH"
"15826","Ohio","18_29",1871075,NA,2017,"OH"
"15827","Ohio","30_44",2112079,NA,2017,"OH"
"15828","Ohio","45_64",3133842,NA,2017,"OH"
"15829","Ohio","65plus",1939616,NA,2017,"OH"
"15830","Ohio","under18",2601997,NA,2017,"OH"
"15831","Ohio","18_29",1872552,NA,2018,"OH"
"15832","Ohio","30_44",2129286,NA,2018,"OH"
"15833","Ohio","45_64",3101005,NA,2018,"OH"
"15834","Ohio","65plus",1996163,NA,2018,"OH"
"15835","Ohio","under18",2590436,NA,2018,"OH"
"15836","Ohio","18_29",1859063,NA,2019,"OH"
"15837","Ohio","30_44",2154250,NA,2019,"OH"
"15838","Ohio","45_64",3057392,NA,2019,"OH"
"15839","Ohio","65plus",2043548,NA,2019,"OH"
"15840","Ohio","under18",2574847,NA,2019,"OH"
"15841","Ohio","18_29",1820808,NA,2021,"OH"
"15842","Ohio","30_44",2238545,NA,2021,"OH"
"15843","Ohio","45_64",3014685,NA,2021,"OH"
"15844","Ohio","65plus",2102569,NA,2021,"OH"
"15845","Ohio","under18",2603410,NA,2021,"OH"
"15846","Ohio","18_29",1820275,NA,2022,"OH"
"15847","Ohio","30_44",2261197,NA,2022,"OH"
"15848","Ohio","45_64",2947765,NA,2022,"OH"
"15849","Ohio","65plus",2168665,NA,2022,"OH"
"15850","Ohio","under18",2558156,NA,2022,"OH"
"15851","Ohio","18_29",1797014,NA,2023,"OH"
"15852","Ohio","30_44",2278248,NA,2023,"OH"
"15853","Ohio","45_64",2926055,NA,2023,"OH"
"15854","Ohio","65plus",2213997,NA,2023,"OH"
"15855","Ohio","under18",2570621,NA,2023,"OH"
"15856","Ohio","18_29",1818304,NA,2024,"OH"
"15857","Ohio","30_44",2333189,NA,2024,"OH"
"15858","Ohio","45_64",2891848,NA,2024,"OH"
"15859","Ohio","65plus",2271397,NA,2024,"OH"
"15860","Ohio","under18",2568566,NA,2024,"OH"
"15861","Oklahoma","18_29",650435,NA,2011,"OK"
"15862","Oklahoma","30_44",715116,NA,2011,"OK"
"15863","Oklahoma","45_64",972934,NA,2011,"OK"
"15864","Oklahoma","65plus",517390,NA,2011,"OK"
"15865","Oklahoma","under18",935633,NA,2011,"OK"
"15866","Oklahoma","18_29",653956,NA,2012,"OK"
"15867","Oklahoma","30_44",721384,NA,2012,"OK"
"15868","Oklahoma","45_64",967189,NA,2012,"OK"
"15869","Oklahoma","65plus",536007,NA,2012,"OK"
"15870","Oklahoma","under18",936284,NA,2012,"OK"
"15871","Oklahoma","18_29",657309,NA,2013,"OK"
"15872","Oklahoma","30_44",734198,NA,2013,"OK"
"15873","Oklahoma","45_64",963302,NA,2013,"OK"
"15874","Oklahoma","65plus",547927,NA,2013,"OK"
"15875","Oklahoma","under18",947832,NA,2013,"OK"
"15876","Oklahoma","18_29",658808,NA,2014,"OK"
"15877","Oklahoma","30_44",740785,NA,2014,"OK"
"15878","Oklahoma","45_64",964597,NA,2014,"OK"
"15879","Oklahoma","65plus",561568,NA,2014,"OK"
"15880","Oklahoma","under18",952293,NA,2014,"OK"
"15881","Oklahoma","18_29",660306,NA,2015,"OK"
"15882","Oklahoma","30_44",747410,NA,2015,"OK"
"15883","Oklahoma","45_64",966494,NA,2015,"OK"
"15884","Oklahoma","65plus",576031,NA,2015,"OK"
"15885","Oklahoma","under18",961097,NA,2015,"OK"
"15886","Oklahoma","18_29",661459,NA,2016,"OK"
"15887","Oklahoma","30_44",742870,NA,2016,"OK"
"15888","Oklahoma","45_64",968984,NA,2016,"OK"
"15889","Oklahoma","65plus",588292,NA,2016,"OK"
"15890","Oklahoma","under18",961956,NA,2016,"OK"
"15891","Oklahoma","18_29",658198,NA,2017,"OK"
"15892","Oklahoma","30_44",749635,NA,2017,"OK"
"15893","Oklahoma","45_64",960416,NA,2017,"OK"
"15894","Oklahoma","65plus",601132,NA,2017,"OK"
"15895","Oklahoma","under18",961483,NA,2017,"OK"
"15896","Oklahoma","18_29",660097,NA,2018,"OK"
"15897","Oklahoma","30_44",753862,NA,2018,"OK"
"15898","Oklahoma","45_64",953199,NA,2018,"OK"
"15899","Oklahoma","65plus",619601,NA,2018,"OK"
"15900","Oklahoma","under18",956320,NA,2018,"OK"
"15901","Oklahoma","18_29",656990,NA,2019,"OK"
"15902","Oklahoma","30_44",767023,NA,2019,"OK"
"15903","Oklahoma","45_64",945507,NA,2019,"OK"
"15904","Oklahoma","65plus",635222,NA,2019,"OK"
"15905","Oklahoma","under18",952229,NA,2019,"OK"
"15906","Oklahoma","18_29",647988,NA,2021,"OK"
"15907","Oklahoma","30_44",798510,NA,2021,"OK"
"15908","Oklahoma","45_64",937029,NA,2021,"OK"
"15909","Oklahoma","65plus",645174,NA,2021,"OK"
"15910","Oklahoma","under18",957938,NA,2021,"OK"
"15911","Oklahoma","18_29",667360,NA,2022,"OK"
"15912","Oklahoma","30_44",805356,NA,2022,"OK"
"15913","Oklahoma","45_64",931666,NA,2022,"OK"
"15914","Oklahoma","65plus",661996,NA,2022,"OK"
"15915","Oklahoma","under18",953422,NA,2022,"OK"
"15916","Oklahoma","18_29",664057,NA,2023,"OK"
"15917","Oklahoma","30_44",818997,NA,2023,"OK"
"15918","Oklahoma","45_64",928041,NA,2023,"OK"
"15919","Oklahoma","65plus",676985,NA,2023,"OK"
"15920","Oklahoma","under18",965744,NA,2023,"OK"
"15921","Oklahoma","18_29",672585,NA,2024,"OK"
"15922","Oklahoma","30_44",829220,NA,2024,"OK"
"15923","Oklahoma","45_64",938160,NA,2024,"OK"
"15924","Oklahoma","65plus",692081,NA,2024,"OK"
"15925","Oklahoma","under18",963347,NA,2024,"OK"
"15926","Oregon","18_29",628569,NA,2011,"OR"
"15927","Oregon","30_44",768616,NA,2011,"OR"
"15928","Oregon","45_64",1059533,NA,2011,"OR"
"15929","Oregon","65plus",553121,NA,2011,"OR"
"15930","Oregon","under18",862020,NA,2011,"OR"
"15931","Oregon","18_29",626913,NA,2012,"OR"
"15932","Oregon","30_44",778089,NA,2012,"OR"
"15933","Oregon","45_64",1051912,NA,2012,"OR"
"15934","Oregon","65plus",581693,NA,2012,"OR"
"15935","Oregon","under18",860746,NA,2012,"OR"
"15936","Oregon","18_29",627858,NA,2013,"OR"
"15937","Oregon","30_44",788452,NA,2013,"OR"
"15938","Oregon","45_64",1049631,NA,2013,"OR"
"15939","Oregon","65plus",604596,NA,2013,"OR"
"15940","Oregon","under18",859528,NA,2013,"OR"
"15941","Oregon","18_29",631111,NA,2014,"OR"
"15942","Oregon","30_44",796071,NA,2014,"OR"
"15943","Oregon","45_64",1050116,NA,2014,"OR"
"15944","Oregon","65plus",634226,NA,2014,"OR"
"15945","Oregon","under18",858715,NA,2014,"OR"
"15946","Oregon","18_29",637795,NA,2015,"OR"
"15947","Oregon","30_44",806254,NA,2015,"OR"
"15948","Oregon","45_64",1063998,NA,2015,"OR"
"15949","Oregon","65plus",659778,NA,2015,"OR"
"15950","Oregon","under18",861152,NA,2015,"OR"
"15951","Oregon","18_29",653008,NA,2016,"OR"
"15952","Oregon","30_44",821064,NA,2016,"OR"
"15953","Oregon","45_64",1062259,NA,2016,"OR"
"15954","Oregon","65plus",688888,NA,2016,"OR"
"15955","Oregon","under18",868246,NA,2016,"OR"
"15956","Oregon","18_29",657810,NA,2017,"OR"
"15957","Oregon","30_44",838020,NA,2017,"OR"
"15958","Oregon","45_64",1064304,NA,2017,"OR"
"15959","Oregon","65plus",708868,NA,2017,"OR"
"15960","Oregon","under18",873774,NA,2017,"OR"
"15961","Oregon","18_29",666005,NA,2018,"OR"
"15962","Oregon","30_44",849228,NA,2018,"OR"
"15963","Oregon","45_64",1063281,NA,2018,"OR"
"15964","Oregon","65plus",739611,NA,2018,"OR"
"15965","Oregon","under18",872588,NA,2018,"OR"
"15966","Oregon","18_29",663197,NA,2019,"OR"
"15967","Oregon","30_44",877037,NA,2019,"OR"
"15968","Oregon","45_64",1047191,NA,2019,"OR"
"15969","Oregon","65plus",767496,NA,2019,"OR"
"15970","Oregon","under18",862816,NA,2019,"OR"
"15971","Oregon","18_29",642427,NA,2021,"OR"
"15972","Oregon","30_44",904944,NA,2021,"OR"
"15973","Oregon","45_64",1050222,NA,2021,"OR"
"15974","Oregon","65plus",789896,NA,2021,"OR"
"15975","Oregon","under18",858666,NA,2021,"OR"
"15976","Oregon","18_29",647805,NA,2022,"OR"
"15977","Oregon","30_44",906231,NA,2022,"OR"
"15978","Oregon","45_64",1037020,NA,2022,"OR"
"15979","Oregon","65plus",816714,NA,2022,"OR"
"15980","Oregon","under18",832367,NA,2022,"OR"
"15981","Oregon","18_29",631362,NA,2023,"OR"
"15982","Oregon","30_44",914160,NA,2023,"OR"
"15983","Oregon","45_64",1030161,NA,2023,"OR"
"15984","Oregon","65plus",827874,NA,2023,"OR"
"15985","Oregon","under18",829801,NA,2023,"OR"
"15986","Oregon","18_29",640386,NA,2024,"OR"
"15987","Oregon","30_44",924241,NA,2024,"OR"
"15988","Oregon","45_64",1032278,NA,2024,"OR"
"15989","Oregon","65plus",850217,NA,2024,"OR"
"15990","Oregon","under18",825249,NA,2024,"OR"
"15991","Pennsylvania","18_29",2054878,NA,2011,"PA"
"15992","Pennsylvania","30_44",2330765,NA,2011,"PA"
"15993","Pennsylvania","45_64",3613911,NA,2011,"PA"
"15994","Pennsylvania","65plus",1982418,NA,2011,"PA"
"15995","Pennsylvania","under18",2760914,NA,2011,"PA"
"15996","Pennsylvania","18_29",2075888,NA,2012,"PA"
"15997","Pennsylvania","30_44",2320884,NA,2012,"PA"
"15998","Pennsylvania","45_64",3587380,NA,2012,"PA"
"15999","Pennsylvania","65plus",2041930,NA,2012,"PA"
"16000","Pennsylvania","under18",2737454,NA,2012,"PA"
"16001","Pennsylvania","18_29",2073016,NA,2013,"PA"
"16002","Pennsylvania","30_44",2311842,NA,2013,"PA"
"16003","Pennsylvania","45_64",3582718,NA,2013,"PA"
"16004","Pennsylvania","65plus",2089972,NA,2013,"PA"
"16005","Pennsylvania","under18",2716253,NA,2013,"PA"
"16006","Pennsylvania","18_29",2072539,NA,2014,"PA"
"16007","Pennsylvania","30_44",2309770,NA,2014,"PA"
"16008","Pennsylvania","45_64",3570623,NA,2014,"PA"
"16009","Pennsylvania","65plus",2134099,NA,2014,"PA"
"16010","Pennsylvania","under18",2700178,NA,2014,"PA"
"16011","Pennsylvania","18_29",2068620,NA,2015,"PA"
"16012","Pennsylvania","30_44",2296632,NA,2015,"PA"
"16013","Pennsylvania","45_64",3564038,NA,2015,"PA"
"16014","Pennsylvania","65plus",2181193,NA,2015,"PA"
"16015","Pennsylvania","under18",2692020,NA,2015,"PA"
"16016","Pennsylvania","18_29",2052910,NA,2016,"PA"
"16017","Pennsylvania","30_44",2289905,NA,2016,"PA"
"16018","Pennsylvania","45_64",3544806,NA,2016,"PA"
"16019","Pennsylvania","65plus",2221761,NA,2016,"PA"
"16020","Pennsylvania","under18",2674845,NA,2016,"PA"
"16021","Pennsylvania","18_29",2047210,NA,2017,"PA"
"16022","Pennsylvania","30_44",2303457,NA,2017,"PA"
"16023","Pennsylvania","45_64",3513356,NA,2017,"PA"
"16024","Pennsylvania","65plus",2276543,NA,2017,"PA"
"16025","Pennsylvania","under18",2664971,NA,2017,"PA"
"16026","Pennsylvania","18_29",2031841,NA,2018,"PA"
"16027","Pennsylvania","30_44",2324161,NA,2018,"PA"
"16028","Pennsylvania","45_64",3471072,NA,2018,"PA"
"16029","Pennsylvania","65plus",2332369,NA,2018,"PA"
"16030","Pennsylvania","under18",2647617,NA,2018,"PA"
"16031","Pennsylvania","18_29",2000584,NA,2019,"PA"
"16032","Pennsylvania","30_44",2366071,NA,2019,"PA"
"16033","Pennsylvania","45_64",3414791,NA,2019,"PA"
"16034","Pennsylvania","65plus",2388218,NA,2019,"PA"
"16035","Pennsylvania","under18",2632325,NA,2019,"PA"
"16036","Pennsylvania","18_29",1950541,NA,2021,"PA"
"16037","Pennsylvania","30_44",2485892,NA,2021,"PA"
"16038","Pennsylvania","45_64",3388493,NA,2021,"PA"
"16039","Pennsylvania","65plus",2464903,NA,2021,"PA"
"16040","Pennsylvania","under18",2674227,NA,2021,"PA"
"16041","Pennsylvania","18_29",2002025,NA,2022,"PA"
"16042","Pennsylvania","30_44",2496974,NA,2022,"PA"
"16043","Pennsylvania","45_64",3311797,NA,2022,"PA"
"16044","Pennsylvania","65plus",2539054,NA,2022,"PA"
"16045","Pennsylvania","under18",2622158,NA,2022,"PA"
"16046","Pennsylvania","18_29",1951940,NA,2023,"PA"
"16047","Pennsylvania","30_44",2525672,NA,2023,"PA"
"16048","Pennsylvania","45_64",3261488,NA,2023,"PA"
"16049","Pennsylvania","65plus",2597954,NA,2023,"PA"
"16050","Pennsylvania","under18",2624629,NA,2023,"PA"
"16051","Pennsylvania","18_29",1980754,NA,2024,"PA"
"16052","Pennsylvania","30_44",2578544,NA,2024,"PA"
"16053","Pennsylvania","45_64",3228490,NA,2024,"PA"
"16054","Pennsylvania","65plus",2665974,NA,2024,"PA"
"16055","Pennsylvania","under18",2624989,NA,2024,"PA"
"16056","Rhode Island","18_29",186639,NA,2011,"RI"
"16057","Rhode Island","30_44",196860,NA,2011,"RI"
"16058","Rhode Island","45_64",295052,NA,2011,"RI"
"16059","Rhode Island","65plus",153677,NA,2011,"RI"
"16060","Rhode Island","under18",219074,NA,2011,"RI"
"16061","Rhode Island","18_29",187255,NA,2012,"RI"
"16062","Rhode Island","30_44",192540,NA,2012,"RI"
"16063","Rhode Island","45_64",294710,NA,2012,"RI"
"16064","Rhode Island","65plus",158825,NA,2012,"RI"
"16065","Rhode Island","under18",216962,NA,2012,"RI"
"16066","Rhode Island","18_29",188670,NA,2013,"RI"
"16067","Rhode Island","30_44",191897,NA,2013,"RI"
"16068","Rhode Island","45_64",295233,NA,2013,"RI"
"16069","Rhode Island","65plus",162864,NA,2013,"RI"
"16070","Rhode Island","under18",212847,NA,2013,"RI"
"16071","Rhode Island","18_29",188968,NA,2014,"RI"
"16072","Rhode Island","30_44",192149,NA,2014,"RI"
"16073","Rhode Island","45_64",294321,NA,2014,"RI"
"16074","Rhode Island","65plus",167180,NA,2014,"RI"
"16075","Rhode Island","under18",212555,NA,2014,"RI"
"16076","Rhode Island","18_29",189628,NA,2015,"RI"
"16077","Rhode Island","30_44",191414,NA,2015,"RI"
"16078","Rhode Island","45_64",292849,NA,2015,"RI"
"16079","Rhode Island","65plus",170532,NA,2015,"RI"
"16080","Rhode Island","under18",211875,NA,2015,"RI"
"16081","Rhode Island","18_29",189035,NA,2016,"RI"
"16082","Rhode Island","30_44",190531,NA,2016,"RI"
"16083","Rhode Island","45_64",294165,NA,2016,"RI"
"16084","Rhode Island","65plus",174055,NA,2016,"RI"
"16085","Rhode Island","under18",208640,NA,2016,"RI"
"16086","Rhode Island","18_29",191777,NA,2017,"RI"
"16087","Rhode Island","30_44",192864,NA,2017,"RI"
"16088","Rhode Island","45_64",291454,NA,2017,"RI"
"16089","Rhode Island","65plus",176572,NA,2017,"RI"
"16090","Rhode Island","under18",206972,NA,2017,"RI"
"16091","Rhode Island","18_29",189575,NA,2018,"RI"
"16092","Rhode Island","30_44",192623,NA,2018,"RI"
"16093","Rhode Island","45_64",288564,NA,2018,"RI"
"16094","Rhode Island","65plus",182645,NA,2018,"RI"
"16095","Rhode Island","under18",203908,NA,2018,"RI"
"16096","Rhode Island","18_29",185151,NA,2019,"RI"
"16097","Rhode Island","30_44",196296,NA,2019,"RI"
"16098","Rhode Island","45_64",287184,NA,2019,"RI"
"16099","Rhode Island","65plus",187155,NA,2019,"RI"
"16100","Rhode Island","under18",203575,NA,2019,"RI"
"16101","Rhode Island","18_29",183836,NA,2021,"RI"
"16102","Rhode Island","30_44",214442,NA,2021,"RI"
"16103","Rhode Island","45_64",288810,NA,2021,"RI"
"16104","Rhode Island","65plus",200201,NA,2021,"RI"
"16105","Rhode Island","under18",208321,NA,2021,"RI"
"16106","Rhode Island","18_29",184872,NA,2022,"RI"
"16107","Rhode Island","30_44",216426,NA,2022,"RI"
"16108","Rhode Island","45_64",283173,NA,2022,"RI"
"16109","Rhode Island","65plus",206117,NA,2022,"RI"
"16110","Rhode Island","under18",203146,NA,2022,"RI"
"16111","Rhode Island","18_29",179659,NA,2023,"RI"
"16112","Rhode Island","30_44",223269,NA,2023,"RI"
"16113","Rhode Island","45_64",277401,NA,2023,"RI"
"16114","Rhode Island","65plus",212376,NA,2023,"RI"
"16115","Rhode Island","under18",203257,NA,2023,"RI"
"16116","Rhode Island","18_29",183346,NA,2024,"RI"
"16117","Rhode Island","30_44",228183,NA,2024,"RI"
"16118","Rhode Island","45_64",277075,NA,2024,"RI"
"16119","Rhode Island","65plus",220168,NA,2024,"RI"
"16120","Rhode Island","under18",203536,NA,2024,"RI"
"16121","South Carolina","18_29",784617,NA,2011,"SC"
"16122","South Carolina","30_44",898158,NA,2011,"SC"
"16123","South Carolina","45_64",1259555,NA,2011,"SC"
"16124","South Carolina","65plus",654887,NA,2011,"SC"
"16125","South Carolina","under18",1082013,NA,2011,"SC"
"16126","South Carolina","18_29",792626,NA,2012,"SC"
"16127","South Carolina","30_44",898209,NA,2012,"SC"
"16128","South Carolina","45_64",1257136,NA,2012,"SC"
"16129","South Carolina","65plus",694776,NA,2012,"SC"
"16130","South Carolina","under18",1080976,NA,2012,"SC"
"16131","South Carolina","18_29",803573,NA,2013,"SC"
"16132","South Carolina","30_44",895829,NA,2013,"SC"
"16133","South Carolina","45_64",1271010,NA,2013,"SC"
"16134","South Carolina","65plus",725107,NA,2013,"SC"
"16135","South Carolina","under18",1079320,NA,2013,"SC"
"16136","South Carolina","18_29",804070,NA,2014,"SC"
"16137","South Carolina","30_44",905485,NA,2014,"SC"
"16138","South Carolina","45_64",1277660,NA,2014,"SC"
"16139","South Carolina","65plus",761583,NA,2014,"SC"
"16140","South Carolina","under18",1083684,NA,2014,"SC"
"16141","South Carolina","18_29",812725,NA,2015,"SC"
"16142","South Carolina","30_44",906309,NA,2015,"SC"
"16143","South Carolina","45_64",1293850,NA,2015,"SC"
"16144","South Carolina","65plus",793954,NA,2015,"SC"
"16145","South Carolina","under18",1089308,NA,2015,"SC"
"16146","South Carolina","18_29",810332,NA,2016,"SC"
"16147","South Carolina","30_44",920873,NA,2016,"SC"
"16148","South Carolina","45_64",1299803,NA,2016,"SC"
"16149","South Carolina","65plus",830147,NA,2016,"SC"
"16150","South Carolina","under18",1099964,NA,2016,"SC"
"16151","South Carolina","18_29",819994,NA,2017,"SC"
"16152","South Carolina","30_44",927046,NA,2017,"SC"
"16153","South Carolina","45_64",1309792,NA,2017,"SC"
"16154","South Carolina","65plus",865817,NA,2017,"SC"
"16155","South Carolina","under18",1101720,NA,2017,"SC"
"16156","South Carolina","18_29",827081,NA,2018,"SC"
"16157","South Carolina","30_44",938000,NA,2018,"SC"
"16158","South Carolina","45_64",1314883,NA,2018,"SC"
"16159","South Carolina","65plus",899754,NA,2018,"SC"
"16160","South Carolina","under18",1104409,NA,2018,"SC"
"16161","South Carolina","18_29",816921,NA,2019,"SC"
"16162","South Carolina","30_44",955650,NA,2019,"SC"
"16163","South Carolina","45_64",1328305,NA,2019,"SC"
"16164","South Carolina","65plus",935538,NA,2019,"SC"
"16165","South Carolina","under18",1112300,NA,2019,"SC"
"16166","South Carolina","18_29",794315,NA,2021,"SC"
"16167","South Carolina","30_44",994199,NA,2021,"SC"
"16168","South Carolina","45_64",1318972,NA,2021,"SC"
"16169","South Carolina","65plus",967223,NA,2021,"SC"
"16170","South Carolina","under18",1115996,NA,2021,"SC"
"16171","South Carolina","18_29",819042,NA,2022,"SC"
"16172","South Carolina","30_44",1013110,NA,2022,"SC"
"16173","South Carolina","45_64",1324722,NA,2022,"SC"
"16174","South Carolina","65plus",1008618,NA,2022,"SC"
"16175","South Carolina","under18",1117142,NA,2022,"SC"
"16176","South Carolina","18_29",814022,NA,2023,"SC"
"16177","South Carolina","30_44",1038261,NA,2023,"SC"
"16178","South Carolina","45_64",1340940,NA,2023,"SC"
"16179","South Carolina","65plus",1038094,NA,2023,"SC"
"16180","South Carolina","under18",1142238,NA,2023,"SC"
"16181","South Carolina","18_29",832002,NA,2024,"SC"
"16182","South Carolina","30_44",1062660,NA,2024,"SC"
"16183","South Carolina","45_64",1351606,NA,2024,"SC"
"16184","South Carolina","65plus",1082724,NA,2024,"SC"
"16185","South Carolina","under18",1149839,NA,2024,"SC"
"16186","South Dakota","18_29",139043,NA,2011,"SD"
"16187","South Dakota","30_44",146186,NA,2011,"SD"
"16188","South Dakota","45_64",216979,NA,2011,"SD"
"16189","South Dakota","65plus",120025,NA,2011,"SD"
"16190","South Dakota","under18",201849,NA,2011,"SD"
"16191","South Dakota","18_29",140719,NA,2012,"SD"
"16192","South Dakota","30_44",148633,NA,2012,"SD"
"16193","South Dakota","45_64",218688,NA,2012,"SD"
"16194","South Dakota","65plus",121092,NA,2012,"SD"
"16195","South Dakota","under18",204222,NA,2012,"SD"
"16196","South Dakota","18_29",141208,NA,2013,"SD"
"16197","South Dakota","30_44",151706,NA,2013,"SD"
"16198","South Dakota","45_64",218979,NA,2013,"SD"
"16199","South Dakota","65plus",124503,NA,2013,"SD"
"16200","South Dakota","under18",208481,NA,2013,"SD"
"16201","South Dakota","18_29",142005,NA,2014,"SD"
"16202","South Dakota","30_44",153407,NA,2014,"SD"
"16203","South Dakota","45_64",217516,NA,2014,"SD"
"16204","South Dakota","65plus",129354,NA,2014,"SD"
"16205","South Dakota","under18",210893,NA,2014,"SD"
"16206","South Dakota","18_29",141293,NA,2015,"SD"
"16207","South Dakota","30_44",154659,NA,2015,"SD"
"16208","South Dakota","45_64",218324,NA,2015,"SD"
"16209","South Dakota","65plus",134513,NA,2015,"SD"
"16210","South Dakota","under18",209680,NA,2015,"SD"
"16211","South Dakota","18_29",141722,NA,2016,"SD"
"16212","South Dakota","30_44",154135,NA,2016,"SD"
"16213","South Dakota","45_64",218127,NA,2016,"SD"
"16214","South Dakota","65plus",137569,NA,2016,"SD"
"16215","South Dakota","under18",213901,NA,2016,"SD"
"16216","South Dakota","18_29",139901,NA,2017,"SD"
"16217","South Dakota","30_44",158020,NA,2017,"SD"
"16218","South Dakota","45_64",216631,NA,2017,"SD"
"16219","South Dakota","65plus",141886,NA,2017,"SD"
"16220","South Dakota","under18",213228,NA,2017,"SD"
"16221","South Dakota","18_29",146352,NA,2018,"SD"
"16222","South Dakota","30_44",160037,NA,2018,"SD"
"16223","South Dakota","45_64",215025,NA,2018,"SD"
"16224","South Dakota","65plus",146358,NA,2018,"SD"
"16225","South Dakota","under18",214463,NA,2018,"SD"
"16226","South Dakota","18_29",139050,NA,2019,"SD"
"16227","South Dakota","30_44",162802,NA,2019,"SD"
"16228","South Dakota","45_64",213739,NA,2019,"SD"
"16229","South Dakota","65plus",153799,NA,2019,"SD"
"16230","South Dakota","under18",215269,NA,2019,"SD"
"16231","South Dakota","18_29",137750,NA,2021,"SD"
"16232","South Dakota","30_44",169316,NA,2021,"SD"
"16233","South Dakota","45_64",209806,NA,2021,"SD"
"16234","South Dakota","65plus",157883,NA,2021,"SD"
"16235","South Dakota","under18",220621,NA,2021,"SD"
"16236","South Dakota","18_29",141040,NA,2022,"SD"
"16237","South Dakota","30_44",171251,NA,2022,"SD"
"16238","South Dakota","45_64",212643,NA,2022,"SD"
"16239","South Dakota","65plus",165909,NA,2022,"SD"
"16240","South Dakota","under18",218981,NA,2022,"SD"
"16241","South Dakota","18_29",141891,NA,2023,"SD"
"16242","South Dakota","30_44",176345,NA,2023,"SD"
"16243","South Dakota","45_64",212689,NA,2023,"SD"
"16244","South Dakota","65plus",169586,NA,2023,"SD"
"16245","South Dakota","under18",218807,NA,2023,"SD"
"16246","South Dakota","18_29",144355,NA,2024,"SD"
"16247","South Dakota","30_44",176356,NA,2024,"SD"
"16248","South Dakota","45_64",210521,NA,2024,"SD"
"16249","South Dakota","65plus",175902,NA,2024,"SD"
"16250","South Dakota","under18",217535,NA,2024,"SD"
"16251","Tennessee","18_29",1032660,NA,2011,"TN"
"16252","Tennessee","30_44",1259520,NA,2011,"TN"
"16253","Tennessee","45_64",1741686,NA,2011,"TN"
"16254","Tennessee","65plus",879033,NA,2011,"TN"
"16255","Tennessee","under18",1490454,NA,2011,"TN"
"16256","Tennessee","18_29",1047714,NA,2012,"TN"
"16257","Tennessee","30_44",1269975,NA,2012,"TN"
"16258","Tennessee","45_64",1723616,NA,2012,"TN"
"16259","Tennessee","65plus",920721,NA,2012,"TN"
"16260","Tennessee","under18",1494217,NA,2012,"TN"
"16261","Tennessee","18_29",1053752,NA,2013,"TN"
"16262","Tennessee","30_44",1269983,NA,2013,"TN"
"16263","Tennessee","45_64",1729972,NA,2013,"TN"
"16264","Tennessee","65plus",950190,NA,2013,"TN"
"16265","Tennessee","under18",1492081,NA,2013,"TN"
"16266","Tennessee","18_29",1062792,NA,2014,"TN"
"16267","Tennessee","30_44",1270266,NA,2014,"TN"
"16268","Tennessee","45_64",1737144,NA,2014,"TN"
"16269","Tennessee","65plus",986813,NA,2014,"TN"
"16270","Tennessee","under18",1492337,NA,2014,"TN"
"16271","Tennessee","18_29",1073030,NA,2015,"TN"
"16272","Tennessee","30_44",1266943,NA,2015,"TN"
"16273","Tennessee","45_64",1750746,NA,2015,"TN"
"16274","Tennessee","65plus",1015780,NA,2015,"TN"
"16275","Tennessee","under18",1493800,NA,2015,"TN"
"16276","Tennessee","18_29",1081864,NA,2016,"TN"
"16277","Tennessee","30_44",1262806,NA,2016,"TN"
"16278","Tennessee","45_64",1758017,NA,2016,"TN"
"16279","Tennessee","65plus",1045255,NA,2016,"TN"
"16280","Tennessee","under18",1503252,NA,2016,"TN"
"16281","Tennessee","18_29",1093846,NA,2017,"TN"
"16282","Tennessee","30_44",1272639,NA,2017,"TN"
"16283","Tennessee","45_64",1770847,NA,2017,"TN"
"16284","Tennessee","65plus",1070400,NA,2017,"TN"
"16285","Tennessee","under18",1508252,NA,2017,"TN"
"16286","Tennessee","18_29",1103991,NA,2018,"TN"
"16287","Tennessee","30_44",1277042,NA,2018,"TN"
"16288","Tennessee","45_64",1774805,NA,2018,"TN"
"16289","Tennessee","65plus",1104797,NA,2018,"TN"
"16290","Tennessee","under18",1509375,NA,2018,"TN"
"16291","Tennessee","18_29",1107045,NA,2019,"TN"
"16292","Tennessee","30_44",1301452,NA,2019,"TN"
"16293","Tennessee","45_64",1770960,NA,2019,"TN"
"16294","Tennessee","65plus",1138965,NA,2019,"TN"
"16295","Tennessee","under18",1510752,NA,2019,"TN"
"16296","Tennessee","18_29",1097463,NA,2021,"TN"
"16297","Tennessee","30_44",1366390,NA,2021,"TN"
"16298","Tennessee","45_64",1786396,NA,2021,"TN"
"16299","Tennessee","65plus",1187354,NA,2021,"TN"
"16300","Tennessee","under18",1537615,NA,2021,"TN"
"16301","Tennessee","18_29",1119376,NA,2022,"TN"
"16302","Tennessee","30_44",1401923,NA,2022,"TN"
"16303","Tennessee","45_64",1776943,NA,2022,"TN"
"16304","Tennessee","65plus",1217964,NA,2022,"TN"
"16305","Tennessee","under18",1535133,NA,2022,"TN"
"16306","Tennessee","18_29",1112657,NA,2023,"TN"
"16307","Tennessee","30_44",1432358,NA,2023,"TN"
"16308","Tennessee","45_64",1771518,NA,2023,"TN"
"16309","Tennessee","65plus",1246596,NA,2023,"TN"
"16310","Tennessee","under18",1563360,NA,2023,"TN"
"16311","Tennessee","18_29",1132451,NA,2024,"TN"
"16312","Tennessee","30_44",1460162,NA,2024,"TN"
"16313","Tennessee","45_64",1784759,NA,2024,"TN"
"16314","Tennessee","65plus",1273979,NA,2024,"TN"
"16315","Tennessee","under18",1576399,NA,2024,"TN"
"16316","Texas","18_29",4499765,NA,2011,"TX"
"16317","Texas","30_44",5326732,NA,2011,"TX"
"16318","Texas","45_64",6182677,NA,2011,"TX"
"16319","Texas","65plus",2707825,NA,2011,"TX"
"16320","Texas","under18",6957682,NA,2011,"TX"
"16321","Texas","18_29",4573556,NA,2012,"TX"
"16322","Texas","30_44",5424698,NA,2012,"TX"
"16323","Texas","45_64",6242052,NA,2012,"TX"
"16324","Texas","65plus",2837722,NA,2012,"TX"
"16325","Texas","under18",6981175,NA,2012,"TX"
"16326","Texas","18_29",4625792,NA,2013,"TX"
"16327","Texas","30_44",5503395,NA,2013,"TX"
"16328","Texas","45_64",6311561,NA,2013,"TX"
"16329","Texas","65plus",2966527,NA,2013,"TX"
"16330","Texas","under18",7040918,NA,2013,"TX"
"16331","Texas","18_29",4704210,NA,2014,"TX"
"16332","Texas","30_44",5614022,NA,2014,"TX"
"16333","Texas","45_64",6426877,NA,2014,"TX"
"16334","Texas","65plus",3096013,NA,2014,"TX"
"16335","Texas","under18",7115836,NA,2014,"TX"
"16336","Texas","18_29",4789560,NA,2015,"TX"
"16337","Texas","30_44",5701208,NA,2015,"TX"
"16338","Texas","45_64",6548055,NA,2015,"TX"
"16339","Texas","65plus",3221507,NA,2015,"TX"
"16340","Texas","under18",7208784,NA,2015,"TX"
"16341","Texas","18_29",4840385,NA,2016,"TX"
"16342","Texas","30_44",5765665,NA,2016,"TX"
"16343","Texas","45_64",6612009,NA,2016,"TX"
"16344","Texas","65plus",3352843,NA,2016,"TX"
"16345","Texas","under18",7291694,NA,2016,"TX"
"16346","Texas","18_29",4875168,NA,2017,"TX"
"16347","Texas","30_44",5870697,NA,2017,"TX"
"16348","Texas","45_64",6728076,NA,2017,"TX"
"16349","Texas","65plus",3465492,NA,2017,"TX"
"16350","Texas","under18",7365163,NA,2017,"TX"
"16351","Texas","18_29",4953452,NA,2018,"TX"
"16352","Texas","30_44",5964395,NA,2018,"TX"
"16353","Texas","45_64",6784915,NA,2018,"TX"
"16354","Texas","65plus",3599599,NA,2018,"TX"
"16355","Texas","under18",7399484,NA,2018,"TX"
"16356","Texas","18_29",4970133,NA,2019,"TX"
"16357","Texas","30_44",6058647,NA,2019,"TX"
"16358","Texas","45_64",6831743,NA,2019,"TX"
"16359","Texas","65plus",3738727,NA,2019,"TX"
"16360","Texas","under18",7396631,NA,2019,"TX"
"16361","Texas","18_29",4928427,NA,2021,"TX"
"16362","Texas","30_44",6300942,NA,2021,"TX"
"16363","Texas","45_64",6949614,NA,2021,"TX"
"16364","Texas","65plus",3892411,NA,2021,"TX"
"16365","Texas","under18",7456547,NA,2021,"TX"
"16366","Texas","18_29",5117146,NA,2022,"TX"
"16367","Texas","30_44",6443659,NA,2022,"TX"
"16368","Texas","45_64",6992019,NA,2022,"TX"
"16369","Texas","65plus",4037085,NA,2022,"TX"
"16370","Texas","under18",7439663,NA,2022,"TX"
"16371","Texas","18_29",5074791,NA,2023,"TX"
"16372","Texas","30_44",6590541,NA,2023,"TX"
"16373","Texas","45_64",7102722,NA,2023,"TX"
"16374","Texas","65plus",4194990,NA,2023,"TX"
"16375","Texas","under18",7540257,NA,2023,"TX"
"16376","Texas","18_29",5258525,NA,2024,"TX"
"16377","Texas","30_44",6804055,NA,2024,"TX"
"16378","Texas","45_64",7205292,NA,2024,"TX"
"16379","Texas","65plus",4365469,NA,2024,"TX"
"16380","Texas","under18",7657490,NA,2024,"TX"
"16381","Utah","18_29",547995,NA,2011,"UT"
"16382","Utah","30_44",568725,NA,2011,"UT"
"16383","Utah","45_64",561099,NA,2011,"UT"
"16384","Utah","65plus",258324,NA,2011,"UT"
"16385","Utah","under18",881079,NA,2011,"UT"
"16386","Utah","18_29",546125,NA,2012,"UT"
"16387","Utah","30_44",582527,NA,2012,"UT"
"16388","Utah","45_64",567565,NA,2012,"UT"
"16389","Utah","65plus",271882,NA,2012,"UT"
"16390","Utah","under18",887188,NA,2012,"UT"
"16391","Utah","18_29",544726,NA,2013,"UT"
"16392","Utah","30_44",601940,NA,2013,"UT"
"16393","Utah","45_64",574695,NA,2013,"UT"
"16394","Utah","65plus",282680,NA,2013,"UT"
"16395","Utah","under18",896831,NA,2013,"UT"
"16396","Utah","18_29",543372,NA,2014,"UT"
"16397","Utah","30_44",613066,NA,2014,"UT"
"16398","Utah","45_64",585936,NA,2014,"UT"
"16399","Utah","65plus",294979,NA,2014,"UT"
"16400","Utah","under18",905549,NA,2014,"UT"
"16401","Utah","18_29",557332,NA,2015,"UT"
"16402","Utah","30_44",627067,NA,2015,"UT"
"16403","Utah","45_64",591345,NA,2015,"UT"
"16404","Utah","65plus",307842,NA,2015,"UT"
"16405","Utah","under18",912333,NA,2015,"UT"
"16406","Utah","18_29",571105,NA,2016,"UT"
"16407","Utah","30_44",633081,NA,2016,"UT"
"16408","Utah","45_64",605694,NA,2016,"UT"
"16409","Utah","65plus",319490,NA,2016,"UT"
"16410","Utah","under18",921847,NA,2016,"UT"
"16411","Utah","18_29",585844,NA,2017,"UT"
"16412","Utah","30_44",641477,NA,2017,"UT"
"16413","Utah","45_64",614223,NA,2017,"UT"
"16414","Utah","65plus",335195,NA,2017,"UT"
"16415","Utah","under18",925094,NA,2017,"UT"
"16416","Utah","18_29",603221,NA,2018,"UT"
"16417","Utah","30_44",655448,NA,2018,"UT"
"16418","Utah","45_64",619308,NA,2018,"UT"
"16419","Utah","65plus",351297,NA,2018,"UT"
"16420","Utah","under18",931831,NA,2018,"UT"
"16421","Utah","18_29",614835,NA,2019,"UT"
"16422","Utah","30_44",665068,NA,2019,"UT"
"16423","Utah","45_64",630549,NA,2019,"UT"
"16424","Utah","65plus",365198,NA,2019,"UT"
"16425","Utah","under18",930308,NA,2019,"UT"
"16426","Utah","18_29",633456,NA,2021,"UT"
"16427","Utah","30_44",701275,NA,2021,"UT"
"16428","Utah","45_64",669667,NA,2021,"UT"
"16429","Utah","65plus",388120,NA,2021,"UT"
"16430","Utah","under18",945457,NA,2021,"UT"
"16431","Utah","18_29",660345,NA,2022,"UT"
"16432","Utah","30_44",702943,NA,2022,"UT"
"16433","Utah","45_64",683220,NA,2022,"UT"
"16434","Utah","65plus",403699,NA,2022,"UT"
"16435","Utah","under18",930593,NA,2022,"UT"
"16436","Utah","18_29",660984,NA,2023,"UT"
"16437","Utah","30_44",712610,NA,2023,"UT"
"16438","Utah","45_64",694486,NA,2023,"UT"
"16439","Utah","65plus",415749,NA,2023,"UT"
"16440","Utah","under18",933905,NA,2023,"UT"
"16441","Utah","18_29",692048,NA,2024,"UT"
"16442","Utah","30_44",727169,NA,2024,"UT"
"16443","Utah","45_64",716721,NA,2024,"UT"
"16444","Utah","65plus",434922,NA,2024,"UT"
"16445","Utah","under18",932753,NA,2024,"UT"
"16446","Vermont","18_29",100651,NA,2011,"VT"
"16447","Vermont","30_44",112987,NA,2011,"VT"
"16448","Vermont","45_64",193231,NA,2011,"VT"
"16449","Vermont","65plus",93641,NA,2011,"VT"
"16450","Vermont","under18",125921,NA,2011,"VT"
"16451","Vermont","18_29",103095,NA,2012,"VT"
"16452","Vermont","30_44",107803,NA,2012,"VT"
"16453","Vermont","45_64",192735,NA,2012,"VT"
"16454","Vermont","65plus",98489,NA,2012,"VT"
"16455","Vermont","under18",123889,NA,2012,"VT"
"16456","Vermont","18_29",101436,NA,2013,"VT"
"16457","Vermont","30_44",108008,NA,2013,"VT"
"16458","Vermont","45_64",190398,NA,2013,"VT"
"16459","Vermont","65plus",102658,NA,2013,"VT"
"16460","Vermont","under18",124130,NA,2013,"VT"
"16461","Vermont","18_29",102642,NA,2014,"VT"
"16462","Vermont","30_44",109017,NA,2014,"VT"
"16463","Vermont","45_64",186438,NA,2014,"VT"
"16464","Vermont","65plus",106655,NA,2014,"VT"
"16465","Vermont","under18",121810,NA,2014,"VT"
"16466","Vermont","18_29",101786,NA,2015,"VT"
"16467","Vermont","30_44",106026,NA,2015,"VT"
"16468","Vermont","45_64",187986,NA,2015,"VT"
"16469","Vermont","65plus",110084,NA,2015,"VT"
"16470","Vermont","under18",120160,NA,2015,"VT"
"16471","Vermont","18_29",103594,NA,2016,"VT"
"16472","Vermont","30_44",105157,NA,2016,"VT"
"16473","Vermont","45_64",183559,NA,2016,"VT"
"16474","Vermont","65plus",113600,NA,2016,"VT"
"16475","Vermont","under18",118684,NA,2016,"VT"
"16476","Vermont","18_29",104614,NA,2017,"VT"
"16477","Vermont","30_44",105122,NA,2017,"VT"
"16478","Vermont","45_64",179016,NA,2017,"VT"
"16479","Vermont","65plus",117150,NA,2017,"VT"
"16480","Vermont","under18",117755,NA,2017,"VT"
"16481","Vermont","18_29",103599,NA,2018,"VT"
"16482","Vermont","30_44",106520,NA,2018,"VT"
"16483","Vermont","45_64",176778,NA,2018,"VT"
"16484","Vermont","65plus",123875,NA,2018,"VT"
"16485","Vermont","under18",115527,NA,2018,"VT"
"16486","Vermont","18_29",105470,NA,2019,"VT"
"16487","Vermont","30_44",106866,NA,2019,"VT"
"16488","Vermont","45_64",172893,NA,2019,"VT"
"16489","Vermont","65plus",125201,NA,2019,"VT"
"16490","Vermont","under18",113559,NA,2019,"VT"
"16491","Vermont","18_29",104067,NA,2021,"VT"
"16492","Vermont","30_44",116771,NA,2021,"VT"
"16493","Vermont","45_64",174792,NA,2021,"VT"
"16494","Vermont","65plus",133173,NA,2021,"VT"
"16495","Vermont","under18",116767,NA,2021,"VT"
"16496","Vermont","18_29",103442,NA,2022,"VT"
"16497","Vermont","30_44",119939,NA,2022,"VT"
"16498","Vermont","45_64",170122,NA,2022,"VT"
"16499","Vermont","65plus",139827,NA,2022,"VT"
"16500","Vermont","under18",113734,NA,2022,"VT"
"16501","Vermont","18_29",97903,NA,2023,"VT"
"16502","Vermont","30_44",121533,NA,2023,"VT"
"16503","Vermont","45_64",169781,NA,2023,"VT"
"16504","Vermont","65plus",143421,NA,2023,"VT"
"16505","Vermont","under18",114826,NA,2023,"VT"
"16506","Vermont","18_29",98180,NA,2024,"VT"
"16507","Vermont","30_44",121279,NA,2024,"VT"
"16508","Vermont","45_64",168521,NA,2024,"VT"
"16509","Vermont","65plus",148485,NA,2024,"VT"
"16510","Vermont","under18",112028,NA,2024,"VT"
"16511","Virginia","18_29",1385041,NA,2011,"VA"
"16512","Virginia","30_44",1650659,NA,2011,"VA"
"16513","Virginia","45_64",2197476,NA,2011,"VA"
"16514","Virginia","65plus",1010335,NA,2011,"VA"
"16515","Virginia","under18",1853093,NA,2011,"VA"
"16516","Virginia","18_29",1402139,NA,2012,"VA"
"16517","Virginia","30_44",1666543,NA,2012,"VA"
"16518","Virginia","45_64",2200420,NA,2012,"VA"
"16519","Virginia","65plus",1062133,NA,2012,"VA"
"16520","Virginia","under18",1854632,NA,2012,"VA"
"16521","Virginia","18_29",1414260,NA,2013,"VA"
"16522","Virginia","30_44",1671228,NA,2013,"VA"
"16523","Virginia","45_64",2205777,NA,2013,"VA"
"16524","Virginia","65plus",1104809,NA,2013,"VA"
"16525","Virginia","under18",1864331,NA,2013,"VA"
"16526","Virginia","18_29",1423816,NA,2014,"VA"
"16527","Virginia","30_44",1677863,NA,2014,"VA"
"16528","Virginia","45_64",2210227,NA,2014,"VA"
"16529","Virginia","65plus",1146846,NA,2014,"VA"
"16530","Virginia","under18",1867537,NA,2014,"VA"
"16531","Virginia","18_29",1420933,NA,2015,"VA"
"16532","Virginia","30_44",1675635,NA,2015,"VA"
"16533","Virginia","45_64",2229167,NA,2015,"VA"
"16534","Virginia","65plus",1187444,NA,2015,"VA"
"16535","Virginia","under18",1869814,NA,2015,"VA"
"16536","Virginia","18_29",1403398,NA,2016,"VA"
"16537","Virginia","30_44",1666660,NA,2016,"VA"
"16538","Virginia","45_64",2246145,NA,2016,"VA"
"16539","Virginia","65plus",1228045,NA,2016,"VA"
"16540","Virginia","under18",1867560,NA,2016,"VA"
"16541","Virginia","18_29",1405956,NA,2017,"VA"
"16542","Virginia","30_44",1689658,NA,2017,"VA"
"16543","Virginia","45_64",2234721,NA,2017,"VA"
"16544","Virginia","65plus",1271604,NA,2017,"VA"
"16545","Virginia","under18",1868081,NA,2017,"VA"
"16546","Virginia","18_29",1412372,NA,2018,"VA"
"16547","Virginia","30_44",1698420,NA,2018,"VA"
"16548","Virginia","45_64",2219028,NA,2018,"VA"
"16549","Virginia","65plus",1318225,NA,2018,"VA"
"16550","Virginia","under18",1869640,NA,2018,"VA"
"16551","Virginia","18_29",1400347,NA,2019,"VA"
"16552","Virginia","30_44",1707617,NA,2019,"VA"
"16553","Virginia","45_64",2211614,NA,2019,"VA"
"16554","Virginia","65plus",1358336,NA,2019,"VA"
"16555","Virginia","under18",1857605,NA,2019,"VA"
"16556","Virginia","18_29",1386313,NA,2021,"VA"
"16557","Virginia","30_44",1766688,NA,2021,"VA"
"16558","Virginia","45_64",2200975,NA,2021,"VA"
"16559","Virginia","65plus",1406480,NA,2021,"VA"
"16560","Virginia","under18",1881818,NA,2021,"VA"
"16561","Virginia","18_29",1398978,NA,2022,"VA"
"16562","Virginia","30_44",1781214,NA,2022,"VA"
"16563","Virginia","45_64",2179298,NA,2022,"VA"
"16564","Virginia","65plus",1462042,NA,2022,"VA"
"16565","Virginia","under18",1862087,NA,2022,"VA"
"16566","Virginia","18_29",1370939,NA,2023,"VA"
"16567","Virginia","30_44",1805441,NA,2023,"VA"
"16568","Virginia","45_64",2168210,NA,2023,"VA"
"16569","Virginia","65plus",1498931,NA,2023,"VA"
"16570","Virginia","under18",1872177,NA,2023,"VA"
"16571","Virginia","18_29",1384224,NA,2024,"VA"
"16572","Virginia","30_44",1831745,NA,2024,"VA"
"16573","Virginia","45_64",2170811,NA,2024,"VA"
"16574","Virginia","65plus",1550385,NA,2024,"VA"
"16575","Virginia","under18",1874030,NA,2024,"VA"
"16576","Washington","18_29",1152932,NA,2011,"WA"
"16577","Washington","30_44",1387133,NA,2011,"WA"
"16578","Washington","45_64",1848488,NA,2011,"WA"
"16579","Washington","65plus",861243,NA,2011,"WA"
"16580","Washington","under18",1580242,NA,2011,"WA"
"16581","Washington","18_29",1157059,NA,2012,"WA"
"16582","Washington","30_44",1395209,NA,2012,"WA"
"16583","Washington","45_64",1852097,NA,2012,"WA"
"16584","Washington","65plus",907618,NA,2012,"WA"
"16585","Washington","under18",1585029,NA,2012,"WA"
"16586","Washington","18_29",1163989,NA,2013,"WA"
"16587","Washington","30_44",1417161,NA,2013,"WA"
"16588","Washington","45_64",1843306,NA,2013,"WA"
"16589","Washington","65plus",950766,NA,2013,"WA"
"16590","Washington","under18",1596184,NA,2013,"WA"
"16591","Washington","18_29",1181335,NA,2014,"WA"
"16592","Washington","30_44",1430188,NA,2014,"WA"
"16593","Washington","45_64",1854838,NA,2014,"WA"
"16594","Washington","65plus",992516,NA,2014,"WA"
"16595","Washington","under18",1602653,NA,2014,"WA"
"16596","Washington","18_29",1197867,NA,2015,"WA"
"16597","Washington","30_44",1448333,NA,2015,"WA"
"16598","Washington","45_64",1875555,NA,2015,"WA"
"16599","Washington","65plus",1036626,NA,2015,"WA"
"16600","Washington","under18",1611970,NA,2015,"WA"
"16601","Washington","18_29",1212406,NA,2016,"WA"
"16602","Washington","30_44",1468815,NA,2016,"WA"
"16603","Washington","45_64",1898905,NA,2016,"WA"
"16604","Washington","65plus",1078813,NA,2016,"WA"
"16605","Washington","under18",1629061,NA,2016,"WA"
"16606","Washington","18_29",1221624,NA,2017,"WA"
"16607","Washington","30_44",1518128,NA,2017,"WA"
"16608","Washington","45_64",1901499,NA,2017,"WA"
"16609","Washington","65plus",1117759,NA,2017,"WA"
"16610","Washington","under18",1646733,NA,2017,"WA"
"16611","Washington","18_29",1246302,NA,2018,"WA"
"16612","Washington","30_44",1571984,NA,2018,"WA"
"16613","Washington","45_64",1891379,NA,2018,"WA"
"16614","Washington","65plus",1163987,NA,2018,"WA"
"16615","Washington","under18",1661939,NA,2018,"WA"
"16616","Washington","18_29",1248014,NA,2019,"WA"
"16617","Washington","30_44",1609845,NA,2019,"WA"
"16618","Washington","45_64",1886384,NA,2019,"WA"
"16619","Washington","65plus",1207685,NA,2019,"WA"
"16620","Washington","under18",1662965,NA,2019,"WA"
"16621","Washington","18_29",1218983,NA,2021,"WA"
"16622","Washington","30_44",1708313,NA,2021,"WA"
"16623","Washington","45_64",1883974,NA,2021,"WA"
"16624","Washington","65plus",1251640,NA,2021,"WA"
"16625","Washington","under18",1675782,NA,2021,"WA"
"16626","Washington","18_29",1233027,NA,2022,"WA"
"16627","Washington","30_44",1730458,NA,2022,"WA"
"16628","Washington","45_64",1869132,NA,2022,"WA"
"16629","Washington","65plus",1309142,NA,2022,"WA"
"16630","Washington","under18",1644027,NA,2022,"WA"
"16631","Washington","18_29",1208424,NA,2023,"WA"
"16632","Washington","30_44",1766071,NA,2023,"WA"
"16633","Washington","45_64",1852063,NA,2023,"WA"
"16634","Washington","65plus",1339130,NA,2023,"WA"
"16635","Washington","under18",1647192,NA,2023,"WA"
"16636","Washington","18_29",1242793,NA,2024,"WA"
"16637","Washington","30_44",1821158,NA,2024,"WA"
"16638","Washington","45_64",1863672,NA,2024,"WA"
"16639","Washington","65plus",1378508,NA,2024,"WA"
"16640","Washington","under18",1652049,NA,2024,"WA"
"16641","West Virginia","18_29",279866,NA,2011,"WV"
"16642","West Virginia","30_44",346166,NA,2011,"WV"
"16643","West Virginia","45_64",541184,NA,2011,"WV"
"16644","West Virginia","65plus",301317,NA,2011,"WV"
"16645","West Virginia","under18",386831,NA,2011,"WV"
"16646","West Virginia","18_29",280295,NA,2012,"WV"
"16647","West Virginia","30_44",343715,NA,2012,"WV"
"16648","West Virginia","45_64",536079,NA,2012,"WV"
"16649","West Virginia","65plus",311104,NA,2012,"WV"
"16650","West Virginia","under18",384220,NA,2012,"WV"
"16651","West Virginia","18_29",279782,NA,2013,"WV"
"16652","West Virginia","30_44",344774,NA,2013,"WV"
"16653","West Virginia","45_64",527478,NA,2013,"WV"
"16654","West Virginia","65plus",320013,NA,2013,"WV"
"16655","West Virginia","under18",382257,NA,2013,"WV"
"16656","West Virginia","18_29",279232,NA,2014,"WV"
"16657","West Virginia","30_44",338636,NA,2014,"WV"
"16658","West Virginia","45_64",520203,NA,2014,"WV"
"16659","West Virginia","65plus",329055,NA,2014,"WV"
"16660","West Virginia","under18",383200,NA,2014,"WV"
"16661","West Virginia","18_29",275932,NA,2015,"WV"
"16662","West Virginia","30_44",336720,NA,2015,"WV"
"16663","West Virginia","45_64",515668,NA,2015,"WV"
"16664","West Virginia","65plus",336361,NA,2015,"WV"
"16665","West Virginia","under18",379447,NA,2015,"WV"
"16666","West Virginia","18_29",272936,NA,2016,"WV"
"16667","West Virginia","30_44",328229,NA,2016,"WV"
"16668","West Virginia","45_64",509279,NA,2016,"WV"
"16669","West Virginia","65plus",343775,NA,2016,"WV"
"16670","West Virginia","under18",376883,NA,2016,"WV"
"16671","West Virginia","18_29",271341,NA,2017,"WV"
"16672","West Virginia","30_44",320993,NA,2017,"WV"
"16673","West Virginia","45_64",499548,NA,2017,"WV"
"16674","West Virginia","65plus",350572,NA,2017,"WV"
"16675","West Virginia","under18",373403,NA,2017,"WV"
"16676","West Virginia","18_29",270594,NA,2018,"WV"
"16677","West Virginia","30_44",319037,NA,2018,"WV"
"16678","West Virginia","45_64",491760,NA,2018,"WV"
"16679","West Virginia","65plus",361216,NA,2018,"WV"
"16680","West Virginia","under18",363225,NA,2018,"WV"
"16681","West Virginia","18_29",264891,NA,2019,"WV"
"16682","West Virginia","30_44",318518,NA,2019,"WV"
"16683","West Virginia","45_64",482520,NA,2019,"WV"
"16684","West Virginia","65plus",367400,NA,2019,"WV"
"16685","West Virginia","under18",358818,NA,2019,"WV"
"16686","West Virginia","18_29",255774,NA,2021,"WV"
"16687","West Virginia","30_44",324822,NA,2021,"WV"
"16688","West Virginia","45_64",472196,NA,2021,"WV"
"16689","West Virginia","65plus",368775,NA,2021,"WV"
"16690","West Virginia","under18",361392,NA,2021,"WV"
"16691","West Virginia","18_29",263270,NA,2022,"WV"
"16692","West Virginia","30_44",321535,NA,2022,"WV"
"16693","West Virginia","45_64",462646,NA,2022,"WV"
"16694","West Virginia","65plus",376162,NA,2022,"WV"
"16695","West Virginia","under18",351543,NA,2022,"WV"
"16696","West Virginia","18_29",258021,NA,2023,"WV"
"16697","West Virginia","30_44",321058,NA,2023,"WV"
"16698","West Virginia","45_64",459158,NA,2023,"WV"
"16699","West Virginia","65plus",380192,NA,2023,"WV"
"16700","West Virginia","under18",351642,NA,2023,"WV"
"16701","West Virginia","18_29",257994,NA,2024,"WV"
"16702","West Virginia","30_44",324798,NA,2024,"WV"
"16703","West Virginia","45_64",452758,NA,2024,"WV"
"16704","West Virginia","65plus",386851,NA,2024,"WV"
"16705","West Virginia","under18",347578,NA,2024,"WV"
"16706","Wisconsin","18_29",923801,NA,2011,"WI"
"16707","Wisconsin","30_44",1072655,NA,2011,"WI"
"16708","Wisconsin","45_64",1598697,NA,2011,"WI"
"16709","Wisconsin","65plus",792214,NA,2011,"WI"
"16710","Wisconsin","under18",1324400,NA,2011,"WI"
"16711","Wisconsin","18_29",921628,NA,2012,"WI"
"16712","Wisconsin","30_44",1066465,NA,2012,"WI"
"16713","Wisconsin","45_64",1597525,NA,2012,"WI"
"16714","Wisconsin","65plus",824030,NA,2012,"WI"
"16715","Wisconsin","under18",1316750,NA,2012,"WI"
"16716","Wisconsin","18_29",918445,NA,2013,"WI"
"16717","Wisconsin","30_44",1068578,NA,2013,"WI"
"16718","Wisconsin","45_64",1601161,NA,2013,"WI"
"16719","Wisconsin","65plus",848607,NA,2013,"WI"
"16720","Wisconsin","under18",1305922,NA,2013,"WI"
"16721","Wisconsin","18_29",915186,NA,2014,"WI"
"16722","Wisconsin","30_44",1070217,NA,2014,"WI"
"16723","Wisconsin","45_64",1596939,NA,2014,"WI"
"16724","Wisconsin","65plus",875720,NA,2014,"WI"
"16725","Wisconsin","under18",1299502,NA,2014,"WI"
"16726","Wisconsin","18_29",913977,NA,2015,"WI"
"16727","Wisconsin","30_44",1068475,NA,2015,"WI"
"16728","Wisconsin","45_64",1596083,NA,2015,"WI"
"16729","Wisconsin","65plus",900763,NA,2015,"WI"
"16730","Wisconsin","under18",1292039,NA,2015,"WI"
"16731","Wisconsin","18_29",920088,NA,2016,"WI"
"16732","Wisconsin","30_44",1056034,NA,2016,"WI"
"16733","Wisconsin","45_64",1590335,NA,2016,"WI"
"16734","Wisconsin","65plus",927261,NA,2016,"WI"
"16735","Wisconsin","under18",1284991,NA,2016,"WI"
"16736","Wisconsin","18_29",918780,NA,2017,"WI"
"16737","Wisconsin","30_44",1065151,NA,2017,"WI"
"16738","Wisconsin","45_64",1576007,NA,2017,"WI"
"16739","Wisconsin","65plus",956184,NA,2017,"WI"
"16740","Wisconsin","under18",1279361,NA,2017,"WI"
"16741","Wisconsin","18_29",921743,NA,2018,"WI"
"16742","Wisconsin","30_44",1070139,NA,2018,"WI"
"16743","Wisconsin","45_64",1563098,NA,2018,"WI"
"16744","Wisconsin","65plus",986483,NA,2018,"WI"
"16745","Wisconsin","under18",1272105,NA,2018,"WI"
"16746","Wisconsin","18_29",919198,NA,2019,"WI"
"16747","Wisconsin","30_44",1076290,NA,2019,"WI"
"16748","Wisconsin","45_64",1543638,NA,2019,"WI"
"16749","Wisconsin","65plus",1019896,NA,2019,"WI"
"16750","Wisconsin","under18",1263412,NA,2019,"WI"
"16751","Wisconsin","18_29",915160,NA,2021,"WI"
"16752","Wisconsin","30_44",1115606,NA,2021,"WI"
"16753","Wisconsin","45_64",1536290,NA,2021,"WI"
"16754","Wisconsin","65plus",1054247,NA,2021,"WI"
"16755","Wisconsin","under18",1274605,NA,2021,"WI"
"16756","Wisconsin","18_29",928420,NA,2022,"WI"
"16757","Wisconsin","30_44",1110561,NA,2022,"WI"
"16758","Wisconsin","45_64",1509392,NA,2022,"WI"
"16759","Wisconsin","65plus",1102386,NA,2022,"WI"
"16760","Wisconsin","under18",1241780,NA,2022,"WI"
"16761","Wisconsin","18_29",915390,NA,2023,"WI"
"16762","Wisconsin","30_44",1128399,NA,2023,"WI"
"16763","Wisconsin","45_64",1489693,NA,2023,"WI"
"16764","Wisconsin","65plus",1133395,NA,2023,"WI"
"16765","Wisconsin","under18",1244078,NA,2023,"WI"
"16766","Wisconsin","18_29",929400,NA,2024,"WI"
"16767","Wisconsin","30_44",1144531,NA,2024,"WI"
"16768","Wisconsin","45_64",1482726,NA,2024,"WI"
"16769","Wisconsin","65plus",1171042,NA,2024,"WI"
"16770","Wisconsin","under18",1233276,NA,2024,"WI"
"16771","Wyoming","18_29",98324,NA,2011,"WY"
"16772","Wyoming","30_44",105050,NA,2011,"WY"
"16773","Wyoming","45_64",157664,NA,2011,"WY"
"16774","Wyoming","65plus",72029,NA,2011,"WY"
"16775","Wyoming","under18",135091,NA,2011,"WY"
"16776","Wyoming","18_29",100140,NA,2012,"WY"
"16777","Wyoming","30_44",107720,NA,2012,"WY"
"16778","Wyoming","45_64",156892,NA,2012,"WY"
"16779","Wyoming","65plus",75050,NA,2012,"WY"
"16780","Wyoming","under18",136610,NA,2012,"WY"
"16781","Wyoming","18_29",99224,NA,2013,"WY"
"16782","Wyoming","30_44",111521,NA,2013,"WY"
"16783","Wyoming","45_64",154584,NA,2013,"WY"
"16784","Wyoming","65plus",77554,NA,2013,"WY"
"16785","Wyoming","under18",139775,NA,2013,"WY"
"16786","Wyoming","18_29",97946,NA,2014,"WY"
"16787","Wyoming","30_44",114155,NA,2014,"WY"
"16788","Wyoming","45_64",153956,NA,2014,"WY"
"16789","Wyoming","65plus",80332,NA,2014,"WY"
"16790","Wyoming","under18",137764,NA,2014,"WY"
"16791","Wyoming","18_29",98747,NA,2015,"WY"
"16792","Wyoming","30_44",113693,NA,2015,"WY"
"16793","Wyoming","45_64",151620,NA,2015,"WY"
"16794","Wyoming","65plus",82547,NA,2015,"WY"
"16795","Wyoming","under18",139500,NA,2015,"WY"
"16796","Wyoming","18_29",94359,NA,2016,"WY"
"16797","Wyoming","30_44",112594,NA,2016,"WY"
"16798","Wyoming","45_64",150105,NA,2016,"WY"
"16799","Wyoming","65plus",87583,NA,2016,"WY"
"16800","Wyoming","under18",140860,NA,2016,"WY"
"16801","Wyoming","18_29",92807,NA,2017,"WY"
"16802","Wyoming","30_44",111169,NA,2017,"WY"
"16803","Wyoming","45_64",146840,NA,2017,"WY"
"16804","Wyoming","65plus",90437,NA,2017,"WY"
"16805","Wyoming","under18",138062,NA,2017,"WY"
"16806","Wyoming","18_29",90488,NA,2018,"WY"
"16807","Wyoming","30_44",110676,NA,2018,"WY"
"16808","Wyoming","45_64",146920,NA,2018,"WY"
"16809","Wyoming","65plus",96557,NA,2018,"WY"
"16810","Wyoming","under18",133096,NA,2018,"WY"
"16811","Wyoming","18_29",92853,NA,2019,"WY"
"16812","Wyoming","30_44",112190,NA,2019,"WY"
"16813","Wyoming","45_64",140738,NA,2019,"WY"
"16814","Wyoming","65plus",98789,NA,2019,"WY"
"16815","Wyoming","under18",134189,NA,2019,"WY"
"16816","Wyoming","18_29",86017,NA,2021,"WY"
"16817","Wyoming","30_44",116542,NA,2021,"WY"
"16818","Wyoming","45_64",140893,NA,2021,"WY"
"16819","Wyoming","65plus",103822,NA,2021,"WY"
"16820","Wyoming","under18",131529,NA,2021,"WY"
"16821","Wyoming","18_29",86953,NA,2022,"WY"
"16822","Wyoming","30_44",119070,NA,2022,"WY"
"16823","Wyoming","45_64",137767,NA,2022,"WY"
"16824","Wyoming","65plus",107988,NA,2022,"WY"
"16825","Wyoming","under18",129603,NA,2022,"WY"
"16826","Wyoming","18_29",86613,NA,2023,"WY"
"16827","Wyoming","30_44",122182,NA,2023,"WY"
"16828","Wyoming","45_64",133200,NA,2023,"WY"
"16829","Wyoming","65plus",112097,NA,2023,"WY"
"16830","Wyoming","under18",129965,NA,2023,"WY"
"16831","Wyoming","18_29",88827,NA,2024,"WY"
"16832","Wyoming","30_44",119433,NA,2024,"WY"
"16833","Wyoming","45_64",136999,NA,2024,"WY"
"16834","Wyoming","65plus",117373,NA,2024,"WY"
"16835","Wyoming","under18",124986,NA,2024,"WY"
"16836","Puerto Rico","18_29",616571,NA,2011,"PR"
"16837","Puerto Rico","30_44",723824,NA,2011,"PR"
"16838","Puerto Rico","45_64",924728,NA,2011,"PR"
"16839","Puerto Rico","65plus",565072,NA,2011,"PR"
"16840","Puerto Rico","under18",876495,NA,2011,"PR"
"16841","Puerto Rico","18_29",607329,NA,2012,"PR"
"16842","Puerto Rico","30_44",711160,NA,2012,"PR"
"16843","Puerto Rico","45_64",917200,NA,2012,"PR"
"16844","Puerto Rico","65plus",582034,NA,2012,"PR"
"16845","Puerto Rico","under18",849361,NA,2012,"PR"
"16846","Puerto Rico","18_29",598281,NA,2013,"PR"
"16847","Puerto Rico","30_44",698897,NA,2013,"PR"
"16848","Puerto Rico","45_64",904171,NA,2013,"PR"
"16849","Puerto Rico","65plus",599663,NA,2013,"PR"
"16850","Puerto Rico","under18",814074,NA,2013,"PR"
"16851","Puerto Rico","18_29",587421,NA,2014,"PR"
"16852","Puerto Rico","30_44",676310,NA,2014,"PR"
"16853","Puerto Rico","45_64",894910,NA,2014,"PR"
"16854","Puerto Rico","65plus",617011,NA,2014,"PR"
"16855","Puerto Rico","under18",772745,NA,2014,"PR"
"16856","Puerto Rico","18_29",571671,NA,2015,"PR"
"16857","Puerto Rico","30_44",652204,NA,2015,"PR"
"16858","Puerto Rico","45_64",885949,NA,2015,"PR"
"16859","Puerto Rico","65plus",626965,NA,2015,"PR"
"16860","Puerto Rico","under18",737393,NA,2015,"PR"
"16861","Puerto Rico","18_29",561135,NA,2016,"PR"
"16862","Puerto Rico","30_44",635580,NA,2016,"PR"
"16863","Puerto Rico","45_64",872831,NA,2016,"PR"
"16864","Puerto Rico","65plus",645885,NA,2016,"PR"
"16865","Puerto Rico","under18",695876,NA,2016,"PR"
"16866","Puerto Rico","18_29",545818,NA,2017,"PR"
"16867","Puerto Rico","30_44",615391,NA,2017,"PR"
"16868","Puerto Rico","45_64",860419,NA,2017,"PR"
"16869","Puerto Rico","65plus",658755,NA,2017,"PR"
"16870","Puerto Rico","under18",656794,NA,2017,"PR"
"16871","Puerto Rico","18_29",519831,NA,2018,"PR"
"16872","Puerto Rico","30_44",571706,NA,2018,"PR"
"16873","Puerto Rico","45_64",848390,NA,2018,"PR"
"16874","Puerto Rico","65plus",661216,NA,2018,"PR"
"16875","Puerto Rico","under18",594010,NA,2018,"PR"
"16876","Puerto Rico","18_29",523197,NA,2019,"PR"
"16877","Puerto Rico","30_44",576750,NA,2019,"PR"
"16878","Puerto Rico","45_64",841348,NA,2019,"PR"
"16879","Puerto Rico","65plus",679665,NA,2019,"PR"
"16880","Puerto Rico","under18",572734,NA,2019,"PR"
"16881","Puerto Rico","18_29",523356,NA,2021,"PR"
"16882","Puerto Rico","30_44",595842,NA,2021,"PR"
"16883","Puerto Rico","45_64",858112,NA,2021,"PR"
"16884","Puerto Rico","65plus",740486,NA,2021,"PR"
"16885","Puerto Rico","under18",545788,NA,2021,"PR"
"16886","Puerto Rico","18_29",509572,NA,2022,"PR"
"16887","Puerto Rico","30_44",594026,NA,2022,"PR"
"16888","Puerto Rico","45_64",843009,NA,2022,"PR"
"16889","Puerto Rico","65plus",756846,NA,2022,"PR"
"16890","Puerto Rico","under18",518336,NA,2022,"PR"
"16891","Puerto Rico","18_29",503084,NA,2023,"PR"
"16892","Puerto Rico","30_44",599915,NA,2023,"PR"
"16893","Puerto Rico","45_64",833144,NA,2023,"PR"
"16894","Puerto Rico","65plus",770861,NA,2023,"PR"
"16895","Puerto Rico","under18",498687,NA,2023,"PR"
"16896","Puerto Rico","18_29",500927,NA,2024,"PR"
"16897","Puerto Rico","30_44",600840,NA,2024,"PR"
"16898","Puerto Rico","45_64",831288,NA,2024,"PR"
"16899","Puerto Rico","65plus",789514,NA,2024,"PR"
"16900","Puerto Rico","under18",480726,NA,2024,"PR"
